config,target,model,split,threshold,observations,positive_events,auc,precision,recall,f1,brier_score,true_negative,false_positive,false_negative,true_positive
btc_30d_gt_15__logistic_regression,btc_30d_gt_15,logistic_regression,development_cpcv,0.4,261,74,0.49168955051307994,0.2786885245901639,0.4594594594594595,0.3469387755102041,0.262865879907685,99,88,40,34
btc_30d_gt_15__logistic_regression,btc_30d_gt_15,logistic_regression,holdout,0.4,73,5,0.38529411764705884,0.043478260869565216,0.4,0.0784313725490196,0.25312719785089327,24,44,3,2
btc_30d_gt_15__elastic_net_logistic,btc_30d_gt_15,elastic_net_logistic,development_cpcv,0.4,261,74,0.49248446307269833,0.25757575757575757,0.4594594594594595,0.3300970873786408,0.25809640685041296,89,98,40,34
btc_30d_gt_15__elastic_net_logistic,btc_30d_gt_15,elastic_net_logistic,holdout,0.4,73,5,0.4323529411764706,0.0425531914893617,0.4,0.07692307692307693,0.24296423882831464,23,45,3,2
btc_30d_gt_15__random_forest,btc_30d_gt_15,random_forest,development_cpcv,0.4,261,74,0.493351640410464,0.2826086956521739,0.527027027027027,0.36792452830188677,0.22990465073457858,88,99,35,39
btc_30d_gt_15__random_forest,btc_30d_gt_15,random_forest,holdout,0.4,73,5,0.7823529411764706,0.12195121951219512,1.0,0.21739130434782608,0.19149640816403685,32,36,0,5
btc_30d_gt_15__gradient_boosting,btc_30d_gt_15,gradient_boosting,development_cpcv,0.4,261,74,0.42708483884954473,0.3333333333333333,0.13513513513513514,0.19230769230769232,0.23193013565166706,167,20,64,10
btc_30d_gt_15__gradient_boosting,btc_30d_gt_15,gradient_boosting,holdout,0.4,73,5,0.8382352941176471,0.2,0.6,0.3,0.10242196466712208,56,12,2,3
btc_30d_gt_15__xgboost,btc_30d_gt_15,xgboost,development_cpcv,0.4,261,74,0.44666859372741724,0.35714285714285715,0.13513513513513514,0.19607843137254902,0.2282901579814697,169,18,64,10
btc_30d_gt_15__xgboost,btc_30d_gt_15,xgboost,holdout,0.4,73,5,0.7382352941176471,0.1111111111111111,0.4,0.17391304347826086,0.11579811573028564,52,16,3,2
eth_30d_gt_20__logistic_regression,eth_30d_gt_20,logistic_regression,development_cpcv,0.4,261,73,0.488560186534538,0.27388535031847133,0.589041095890411,0.3739130434782609,0.2645582591862141,74,114,30,43
eth_30d_gt_20__logistic_regression,eth_30d_gt_20,logistic_regression,holdout,0.4,73,11,0.5791788856304986,0.15625,0.9090909090909091,0.26666666666666666,0.2544895774886256,8,54,1,10
eth_30d_gt_20__elastic_net_logistic,eth_30d_gt_20,elastic_net_logistic,development_cpcv,0.4,261,73,0.4924948994462255,0.2754491017964072,0.6301369863013698,0.38333333333333336,0.26178559896876724,67,121,27,46
eth_30d_gt_20__elastic_net_logistic,eth_30d_gt_20,elastic_net_logistic,holdout,0.4,73,11,0.5967741935483871,0.15384615384615385,0.9090909090909091,0.2631578947368421,0.24626097852669107,7,55,1,10
eth_30d_gt_20__random_forest,eth_30d_gt_20,random_forest,development_cpcv,0.4,261,73,0.42378315359953367,0.24539877300613497,0.547945205479452,0.3389830508474576,0.24009144351082828,65,123,33,40
eth_30d_gt_20__random_forest,eth_30d_gt_20,random_forest,holdout,0.4,73,11,0.6158357771260997,0.18181818181818182,0.7272727272727273,0.2909090909090909,0.19813890064365153,26,36,3,8
eth_30d_gt_20__gradient_boosting,eth_30d_gt_20,gradient_boosting,development_cpcv,0.4,261,73,0.38567473039930045,0.1111111111111111,0.0410958904109589,0.06,0.23779418666433225,164,24,70,3
eth_30d_gt_20__gradient_boosting,eth_30d_gt_20,gradient_boosting,holdout,0.4,73,11,0.6737536656891495,0.5,0.09090909090909091,0.15384615384615385,0.12739974490011496,61,1,10,1
eth_30d_gt_20__xgboost,eth_30d_gt_20,xgboost,development_cpcv,0.5,261,73,0.391649664820752,0.3,0.0410958904109589,0.07228915662650602,0.23427974371852117,181,7,70,3
eth_30d_gt_20__xgboost,eth_30d_gt_20,xgboost,holdout,0.5,73,11,0.6348973607038123,0.0,0.0,0.0,0.13436926901340485,62,0,11,0
btc_eth_50_50_30d_gt_15__logistic_regression,btc_eth_50_50_30d_gt_15,logistic_regression,development_cpcv,0.4,261,82,0.5144433846573103,0.29770992366412213,0.47560975609756095,0.36619718309859156,0.26272578322003354,87,92,43,39
btc_eth_50_50_30d_gt_15__logistic_regression,btc_eth_50_50_30d_gt_15,logistic_regression,holdout,0.4,73,10,0.6,0.14583333333333334,0.7,0.2413793103448276,0.24844564282656664,22,41,3,7
btc_eth_50_50_30d_gt_15__elastic_net_logistic,btc_eth_50_50_30d_gt_15,elastic_net_logistic,development_cpcv,0.4,261,82,0.5190080392424037,0.30714285714285716,0.524390243902439,0.38738738738738737,0.2579473191018659,82,97,39,43
btc_eth_50_50_30d_gt_15__elastic_net_logistic,btc_eth_50_50_30d_gt_15,elastic_net_logistic,holdout,0.4,73,10,0.6507936507936508,0.14545454545454545,0.8,0.24615384615384617,0.24001554493801663,16,47,2,8
btc_eth_50_50_30d_gt_15__random_forest,btc_eth_50_50_30d_gt_15,random_forest,development_cpcv,0.4,261,82,0.47002316391879,0.2922077922077922,0.5487804878048781,0.3813559322033898,0.24060299442525448,70,109,37,45
btc_eth_50_50_30d_gt_15__random_forest,btc_eth_50_50_30d_gt_15,random_forest,holdout,0.4,73,10,0.7920634920634921,0.19148936170212766,0.9,0.3157894736842105,0.19911540990361692,25,38,1,9
btc_eth_50_50_30d_gt_15__gradient_boosting,btc_eth_50_50_30d_gt_15,gradient_boosting,development_cpcv,0.4,261,82,0.4431802697915247,0.3055555555555556,0.13414634146341464,0.1864406779661017,0.24430230396616243,154,25,71,11
btc_eth_50_50_30d_gt_15__gradient_boosting,btc_eth_50_50_30d_gt_15,gradient_boosting,holdout,0.4,73,10,0.853968253968254,0.35294117647058826,0.6,0.4444444444444444,0.1257748588710422,52,11,4,6
btc_eth_50_50_30d_gt_15__xgboost,btc_eth_50_50_30d_gt_15,xgboost,development_cpcv,0.4,261,82,0.4428396239269655,0.3076923076923077,0.14634146341463414,0.19834710743801653,0.24455342501425364,152,27,70,12
btc_eth_50_50_30d_gt_15__xgboost,btc_eth_50_50_30d_gt_15,xgboost,holdout,0.4,73,10,0.8301587301587301,0.36363636363636365,0.8,0.5,0.13368670642375946,49,14,2,8
top10_30d_gt_20__logistic_regression,top10_30d_gt_20,logistic_regression,development_cpcv,0.4,261,68,0.4012496190185919,0.21656050955414013,0.5,0.3022222222222222,0.2957413697893366,70,123,34,34
top10_30d_gt_20__logistic_regression,top10_30d_gt_20,logistic_regression,holdout,0.4,73,5,0.7441176470588236,0.07017543859649122,0.8,0.12903225806451613,0.22898758218314202,15,53,1,4
top10_30d_gt_20__elastic_net_logistic,top10_30d_gt_20,elastic_net_logistic,development_cpcv,0.4,261,68,0.4142029868942396,0.22085889570552147,0.5294117647058824,0.3116883116883117,0.2872836189544979,66,127,32,36
top10_30d_gt_20__elastic_net_logistic,top10_30d_gt_20,elastic_net_logistic,holdout,0.4,73,5,0.75,0.08064516129032258,1.0,0.14925373134328357,0.22412120332503227,11,57,0,5
top10_30d_gt_20__random_forest,top10_30d_gt_20,random_forest,development_cpcv,0.4,261,68,0.41869856750990553,0.22641509433962265,0.5294117647058824,0.31718061674008813,0.24047611081835393,70,123,32,36
top10_30d_gt_20__random_forest,top10_30d_gt_20,random_forest,holdout,0.4,73,5,0.6852941176470588,0.09803921568627451,1.0,0.17857142857142858,0.2095609339223007,22,46,0,5
top10_30d_gt_20__gradient_boosting,top10_30d_gt_20,gradient_boosting,development_cpcv,0.4,261,68,0.3995733008229198,0.24242424242424243,0.11764705882352941,0.15841584158415842,0.2255764585304467,168,25,60,8
top10_30d_gt_20__gradient_boosting,top10_30d_gt_20,gradient_boosting,holdout,0.4,73,5,0.7823529411764706,0.2,0.4,0.26666666666666666,0.09871490060007979,60,8,3,2
top10_30d_gt_20__xgboost,top10_30d_gt_20,xgboost,development_cpcv,0.4,261,68,0.38959158793050896,0.1724137931034483,0.07352941176470588,0.10309278350515463,0.225425722564788,169,24,63,5
top10_30d_gt_20__xgboost,top10_30d_gt_20,xgboost,holdout,0.4,73,5,0.6235294117647059,0.058823529411764705,0.2,0.09090909090909091,0.12201878428459167,52,16,4,1
eth_leads_btc_30d_gt_5__logistic_regression,eth_leads_btc_30d_gt_5,logistic_regression,development_cpcv,0.4,261,85,0.6066176470588236,0.37433155080213903,0.8235294117647058,0.5147058823529411,0.25789362507293584,59,117,15,70
eth_leads_btc_30d_gt_5__logistic_regression,eth_leads_btc_30d_gt_5,logistic_regression,holdout,0.4,73,16,0.6578947368421052,0.26,0.8125,0.3939393939393939,0.21434292906871802,20,37,3,13
eth_leads_btc_30d_gt_5__elastic_net_logistic,eth_leads_btc_30d_gt_5,elastic_net_logistic,development_cpcv,0.4,261,85,0.6157754010695187,0.37244897959183676,0.8588235294117647,0.5195729537366548,0.25391872417862493,53,123,12,73
eth_leads_btc_30d_gt_5__elastic_net_logistic,eth_leads_btc_30d_gt_5,elastic_net_logistic,holdout,0.4,73,16,0.6765350877192983,0.27450980392156865,0.875,0.417910447761194,0.21099702732127323,20,37,2,14
eth_leads_btc_30d_gt_5__random_forest,eth_leads_btc_30d_gt_5,random_forest,development_cpcv,0.4,261,85,0.5322860962566844,0.3431372549019608,0.8235294117647058,0.4844290657439446,0.24728913831218385,42,134,15,70
eth_leads_btc_30d_gt_5__random_forest,eth_leads_btc_30d_gt_5,random_forest,holdout,0.4,73,16,0.6820175438596492,0.2702702702702703,0.625,0.37735849056603776,0.18430468363150448,30,27,6,10
eth_leads_btc_30d_gt_5__gradient_boosting,eth_leads_btc_30d_gt_5,gradient_boosting,development_cpcv,0.4,261,85,0.43489304812834223,0.30303030303030304,0.23529411764705882,0.26490066225165565,0.25540956547768034,130,46,65,20
eth_leads_btc_30d_gt_5__gradient_boosting,eth_leads_btc_30d_gt_5,gradient_boosting,holdout,0.4,73,16,0.7143640350877193,0.5,0.1875,0.2727272727272727,0.1532277450697887,54,3,13,3
eth_leads_btc_30d_gt_5__xgboost,eth_leads_btc_30d_gt_5,xgboost,development_cpcv,0.4,261,85,0.4403074866310161,0.2916666666666667,0.24705882352941178,0.267515923566879,0.25239272103535687,125,51,64,21
eth_leads_btc_30d_gt_5__xgboost,eth_leads_btc_30d_gt_5,xgboost,holdout,0.4,73,16,0.6600877192982457,0.5,0.1875,0.2727272727272727,0.16049674153327942,54,3,13,3
