step,equity,drawdown
0,0.990188,-0.009812
1,0.984558,-0.015442
2,0.97217,-0.02783
3,0.976585,-0.023415
4,0.970286,-0.029714
5,0.955801,-0.044199
6,0.951204,-0.048796
7,0.974628,-0.025372
8,0.975834,-0.024166
9,0.977786,-0.022214
10,0.967201,-0.032799
11,0.953416,-0.046584
12,0.957386,-0.042614
13,0.965326,-0.034674
14,0.964764,-0.035236
15,0.966088,-0.033912
16,0.962524,-0.037476
17,0.970387,-0.029613
18,0.978252,-0.021748
19,0.973007,-0.026993
20,0.963615,-0.036385
21,0.964594,-0.035406
22,0.954112,-0.045888
23,0.95397,-0.04603
24,0.95144,-0.04856
25,0.940458,-0.059542
26,0.931705,-0.068295
27,0.94265,-0.05735
28,0.952865,-0.047135
29,0.94897,-0.05103
30,0.965213,-0.034787
31,1.009831,0.0
32,0.990499,-0.019144
33,0.976934,-0.032577
34,0.970375,-0.039072
35,0.97547,-0.034026
36,0.982574,-0.026991
37,0.989456,-0.020177
38,0.986666,-0.022939
39,0.989265,-0.020365
40,0.995512,-0.01418
41,0.984358,-0.025225
42,0.980713,-0.028835
43,1.023301,0.0
44,1.022989,-0.000305
45,1.023356,0.0
46,1.018554,-0.004693
47,1.025838,0.0
48,1.032781,0.0
49,1.038996,0.0
50,1.044422,0.0
51,1.05222,0.0
52,1.052124,-9.1e-05
53,1.061938,0.0
54,1.076805,0.0
55,1.074777,-0.001884
56,1.099957,0.0
57,1.128273,0.0
58,1.136238,0.0
59,1.15298,0.0
60,1.167016,0.0
61,1.16882,0.0
62,1.157762,-0.00946
63,1.166183,-0.002256
64,1.152724,-0.013771
65,1.142143,-0.022824
66,1.141354,-0.023499
67,1.158145,-0.009133
68,1.151303,-0.014986
69,1.146249,-0.019311
70,1.136851,-0.027351
71,1.134187,-0.029631
72,1.127602,-0.035264
73,1.150534,-0.015645
74,1.141026,-0.023779
75,1.142232,-0.022748
76,1.149076,-0.016892
77,1.146358,-0.019217
78,1.142642,-0.022397
79,1.140008,-0.024651
80,1.171522,0.0
81,1.176666,0.0
82,1.164952,-0.009956
83,1.173764,-0.002466
84,1.19888,0.0
85,1.186166,-0.010606
86,1.179505,-0.016161
87,1.180175,-0.015602
88,1.191901,-0.005822
89,1.201365,0.0
90,1.204489,0.0
91,1.213917,0.0
92,1.236263,0.0
93,1.249263,0.0
94,1.273406,0.0
95,1.259364,-0.011027
96,1.242854,-0.023992
97,1.231338,-0.033036
98,1.235596,-0.029692
99,1.22543,-0.037675
100,1.230115,-0.033996
101,1.24269,-0.024121
102,1.245435,-0.021965
103,1.27173,-0.001316
104,1.287949,0.0
105,1.27632,-0.009029
106,1.258241,-0.023066
107,1.261645,-0.020423
108,1.296506,0.0
109,1.283874,-0.009743
110,1.292357,-0.0032
111,1.27892,-0.013564
112,1.273836,-0.017486
113,1.283054,-0.010376
114,1.301122,0.0
115,1.286925,-0.010912
116,1.280802,-0.015617
117,1.273552,-0.02119
118,1.275655,-0.019573
119,1.316149,0.0
120,1.310985,-0.003924
121,1.317837,0.0
122,1.304434,-0.01017
123,1.306077,-0.008923
124,1.324528,0.0
125,1.334232,0.0
126,1.340003,0.0
127,1.376271,0.0
128,1.380474,0.0
129,1.421827,0.0
130,1.413944,-0.005545
131,1.409376,-0.008757
132,1.416306,-0.003883
133,1.413534,-0.005833
134,1.470161,0.0
135,1.496235,0.0
136,1.49554,-0.000465
137,1.475964,-0.013548
138,1.505382,0.0
139,1.502102,-0.002179
140,1.508055,0.0
141,1.507035,-0.000676
142,1.479766,-0.018759
143,1.504139,-0.002597
144,1.508315,0.0
145,1.496061,-0.008124
146,1.48914,-0.012713
147,1.478331,-0.019879
148,1.488268,-0.013291
149,1.487391,-0.013872
150,1.49022,-0.011996
151,1.519723,0.0
152,1.51008,-0.006345
153,1.504111,-0.010273
154,1.510553,-0.006034
155,1.520904,0.0
156,1.530088,0.0
157,1.535802,0.0
158,1.522001,-0.008986
159,1.521204,-0.009505
160,1.523081,-0.008283
161,1.528357,-0.004848
162,1.527749,-0.005243
163,1.539728,0.0
164,1.533187,-0.004248
165,1.547775,0.0
166,1.557769,0.0
167,1.569821,0.0
168,1.559959,-0.006282
169,1.551765,-0.011502
170,1.550165,-0.012521
171,1.550971,-0.012008
172,1.552698,-0.010908
173,1.553356,-0.010488
174,1.552746,-0.010877
175,1.554026,-0.010061
176,1.538812,-0.019753
177,1.566823,-0.00191
178,1.608525,0.0
179,1.587503,-0.013069
180,1.603536,-0.003101
181,1.644539,0.0
182,1.65006,0.0
183,1.637005,-0.007912
184,1.648007,-0.001244
185,1.67615,0.0
186,1.72838,0.0
187,1.702972,-0.014701
188,1.693224,-0.020341
189,1.705764,-0.013085
190,1.754292,0.0
191,1.774391,0.0
192,1.756076,-0.010322
193,1.758924,-0.008717
194,1.736556,-0.021323
195,1.721094,-0.030037
196,1.744336,-0.016939
197,1.773855,-0.000302
198,1.758218,-0.009115
199,1.782542,0.0
200,1.79196,0.0
201,1.768071,-0.013331
202,1.755617,-0.020281
203,1.727108,-0.036191
204,1.743011,-0.027316
205,1.759369,-0.018188
206,1.77021,-0.012137
207,1.757465,-0.01925
208,1.741172,-0.028342
209,1.728032,-0.035675
210,1.708157,-0.046766
211,1.736949,-0.030699
212,1.744727,-0.026358
213,1.718958,-0.040739
214,1.72689,-0.036312
215,1.733362,-0.032701
216,1.776755,-0.008485
217,1.775556,-0.009154
218,1.775033,-0.009446
219,1.75524,-0.020492
220,1.790403,-0.000869
221,1.796081,0.0
222,1.818235,0.0
223,1.837936,0.0
224,1.849986,0.0
225,1.841625,-0.00452
226,1.820467,-0.015957
227,1.822791,-0.0147
228,1.798801,-0.027668
229,1.781612,-0.036959
230,1.78957,-0.032658
231,1.79257,-0.031036
232,1.790859,-0.031961
233,1.775807,-0.040097
234,1.753838,-0.051972
235,1.79517,-0.029631
236,1.772311,-0.041987
237,1.770441,-0.042998
238,1.745573,-0.05644
239,1.734934,-0.062191
240,1.73967,-0.059631
241,1.786525,-0.034304
242,1.824444,-0.013807
243,1.810342,-0.021429
244,1.825164,-0.013417
245,1.804009,-0.024852
246,1.80977,-0.021738
247,1.818374,-0.017088
248,1.821174,-0.015574
249,1.848034,-0.001055
250,1.856283,0.0
251,1.845299,-0.005917
252,1.830253,-0.014023
253,1.885517,0.0
254,1.877012,-0.004511
255,1.858131,-0.014525
256,1.846957,-0.020451
257,1.830949,-0.028941
258,1.829035,-0.029956
259,1.825827,-0.031657
260,1.832332,-0.028208
261,1.829754,-0.029574
262,1.856459,-0.015411
263,1.839805,-0.024244
264,1.862825,-0.012035
265,1.847874,-0.019965
266,1.865136,-0.010809
267,1.837955,-0.025225
268,1.833887,-0.027383
269,1.874397,-0.005898
270,1.86035,-0.013348
271,1.862588,-0.012161
272,1.857442,-0.01489
273,1.839487,-0.024413
274,1.832438,-0.028151
275,1.814459,-0.037686
276,1.808667,-0.040758
277,1.798019,-0.046406
278,1.820717,-0.034367
279,1.823863,-0.032699
280,1.829925,-0.029484
281,1.82714,-0.030961
282,1.816136,-0.036797
283,1.843858,-0.022094
284,1.857074,-0.015085
285,1.893609,0.0
286,1.894559,0.0
287,1.899411,0.0
288,1.896218,-0.001681
289,1.873641,-0.013568
290,1.864936,-0.01815
291,1.839781,-0.031394
292,1.826804,-0.038226
293,1.838405,-0.032118
294,1.832328,-0.035318
295,1.899219,-0.000101
296,1.898809,-0.000317
297,1.9068,0.0
298,1.897916,-0.004659
299,1.933687,0.0
300,1.990959,0.0
301,2.014068,0.0
302,2.006375,-0.00382
303,2.013771,-0.000148
304,2.014164,0.0
305,2.085826,0.0
306,2.088019,0.0
307,2.079421,-0.004118
308,2.061317,-0.012788
309,2.074246,-0.006596
310,2.117033,0.0
311,2.1192,0.0
312,2.103187,-0.007556
313,2.095033,-0.011404
314,2.09647,-0.010726
315,2.105181,-0.006615
316,2.121983,0.0
317,2.106794,-0.007158
318,2.129485,0.0
319,2.141568,0.0
320,2.14908,0.0
321,2.159947,0.0
322,2.153464,-0.003002
323,2.183065,0.0
324,2.190559,0.0
325,2.170794,-0.009023
326,2.232772,0.0
327,2.228138,-0.002076
328,2.231864,-0.000407
329,2.242434,0.0
330,2.208886,-0.014961
331,2.20719,-0.015717
332,2.256926,0.0
333,2.269539,0.0
334,2.256572,-0.005713
335,2.240233,-0.012913
336,2.230182,-0.017342
337,2.216937,-0.023177
338,2.230511,-0.017197
339,2.247579,-0.009676
340,2.229696,-0.017556
341,2.230725,-0.017103
342,2.269519,-9e-06
343,2.261872,-0.003378
344,2.306315,0.0
345,2.369609,0.0
346,2.368937,-0.000284
347,2.346106,-0.009919
348,2.357836,-0.004968
349,2.380836,0.0
350,2.371404,-0.003962
351,2.383226,0.0
352,2.448509,0.0
353,2.436038,-0.005093
354,2.442946,-0.002272
355,2.438631,-0.004034
356,2.421879,-0.010876
357,2.501326,0.0
358,2.497066,-0.001703
359,2.47837,-0.009177
360,2.438667,-0.02505
361,2.450421,-0.020351
362,2.48433,-0.006795
363,2.490947,-0.004149
364,2.510897,0.0
365,2.490232,-0.00823
366,2.481948,-0.011529
367,2.451039,-0.023839
368,2.441252,-0.027737
369,2.433445,-0.030847
370,2.439181,-0.028562
371,2.425614,-0.033965
372,2.414881,-0.03824
373,2.441722,-0.02755
374,2.4534,-0.022899
375,2.480966,-0.01192
376,2.550994,0.0
377,2.598965,0.0
378,2.578393,-0.007915
379,2.580432,-0.007131
380,2.589191,-0.003761
381,2.561169,-0.014542
382,2.632004,0.0
383,2.665403,0.0
384,2.694918,0.0
385,2.718383,0.0
386,2.740639,0.0
387,2.852831,0.0
388,2.844995,-0.002746
389,2.861485,0.0
390,2.863954,0.0
391,2.839221,-0.008636
392,2.8575,-0.002253
393,2.917987,0.0
394,2.89562,-0.007665
395,2.876318,-0.01428
396,2.837973,-0.027421
397,2.870788,-0.016175
398,2.88096,-0.012689
399,2.856528,-0.021062
400,2.928542,0.0
401,2.891726,-0.012571
402,2.833915,-0.032312
403,2.82634,-0.034898
404,2.788691,-0.047754
405,2.824015,-0.035693
406,2.816932,-0.038111
407,2.794124,-0.045899
408,2.807293,-0.041402
409,2.819218,-0.037331
410,2.816637,-0.038212
411,2.869691,-0.020096
412,2.89308,-0.012109
413,2.859786,-0.023478
414,2.855391,-0.024979
415,2.843026,-0.029201
416,2.842528,-0.029371
417,2.842808,-0.029275
418,2.84049,-0.030067
419,2.836162,-0.031544
420,2.842307,-0.029446
421,2.852928,-0.025819
422,2.840897,-0.029928
423,2.811673,-0.039907
424,2.849266,-0.02707
425,2.81413,-0.039068
426,2.876144,-0.017892
427,2.858174,-0.024028
428,2.857076,-0.024403
429,2.896342,-0.010995
430,2.870996,-0.01965
431,2.882795,-0.015621
432,2.871765,-0.019387
433,2.838399,-0.030781
434,2.83445,-0.032129
435,2.884887,-0.014907
436,2.931671,0.0
437,2.95238,0.0
438,2.936936,-0.005231
439,2.895591,-0.019235
440,2.88075,-0.024262
441,2.876746,-0.025618
442,2.888511,-0.021633
443,2.895841,-0.01915
444,2.896846,-0.01881
445,2.899121,-0.018039
446,2.859257,-0.031542
447,2.889632,-0.021253
448,2.978093,0.0
449,3.053271,0.0
450,3.187157,0.0
451,3.144698,-0.013322
452,3.125124,-0.019464
453,3.106818,-0.025207
454,3.148263,-0.012204
455,3.200142,0.0
456,3.158094,-0.013139
457,3.148198,-0.016232
458,3.226823,0.0
459,3.243794,0.0
460,3.217249,-0.008183
461,3.205892,-0.011684
462,3.204457,-0.012127
463,3.26529,0.0
464,3.207969,-0.017555
465,3.184965,-0.0246
466,3.277823,0.0
467,3.306212,0.0
468,3.3553,0.0
469,3.403904,0.0
470,3.391086,-0.003766
471,3.467116,0.0
472,3.564751,0.0
473,3.556646,-0.002273
474,3.550434,-0.004016
475,3.577023,0.0
476,3.535296,-0.011665
477,3.491032,-0.02404
478,3.462171,-0.032108
479,3.50948,-0.018882
480,3.497808,-0.022146
481,3.493506,-0.023348
482,3.49334,-0.023395
483,3.580737,0.0
484,3.647671,0.0
485,3.602664,-0.012339
486,3.729581,0.0
487,3.708484,-0.005657
488,3.735248,0.0
489,3.705562,-0.007947
490,3.673691,-0.01648
491,3.809936,0.0
492,3.851689,0.0
493,3.897718,0.0
494,3.88565,-0.003096
495,3.848684,-0.01258
496,3.836451,-0.015719
497,3.896269,-0.000372
498,3.895351,-0.000607
499,3.922525,0.0
500,3.960152,0.0
501,3.922254,-0.00957
502,3.938085,-0.005572
503,4.067009,0.0
504,4.239456,0.0
505,4.209453,-0.007077
506,4.154999,-0.019922
507,4.192664,-0.011037
508,4.196263,-0.010188
509,4.178492,-0.01438
510,4.192607,-0.011051
511,4.21484,-0.005806
512,4.172576,-0.015775
513,4.207219,-0.007604
514,4.19737,-0.009927
515,4.210829,-0.006752
516,4.21287,-0.006271
517,4.209456,-0.007076
518,4.334781,0.0
519,4.450777,0.0
520,4.545584,0.0
521,4.579074,0.0
522,4.563516,-0.003398
523,4.547882,-0.006812
524,4.488327,-0.019818
525,4.445946,-0.029073
526,4.506983,-0.015744
527,4.549823,-0.006388
528,4.582111,0.0
529,4.594123,0.0
530,4.717671,0.0
531,4.704598,-0.002771
532,4.703348,-0.003036
533,4.78697,0.0
534,4.726606,-0.01261
