effective_date,rank,symbol
2019-07-01,1,BTC
2019-07-01,2,ETH
2019-07-01,3,BNB
2019-07-01,4,XRP
2019-07-01,5,LTC
2019-07-01,6,TRX
2019-07-01,7,ADA
2019-07-01,8,NEO
2019-07-01,9,ETC
2019-07-01,10,ONT
2019-07-08,1,BTC
2019-07-08,2,BNB
2019-07-08,3,ETH
2019-07-08,4,XRP
2019-07-08,5,LTC
2019-07-08,6,TRX
2019-07-08,7,ADA
2019-07-08,8,NEO
2019-07-08,9,ETC
2019-07-08,10,ONT
2019-07-15,1,BTC
2019-07-15,2,ETH
2019-07-15,3,BNB
2019-07-15,4,XRP
2019-07-15,5,LTC
2019-07-15,6,TRX
2019-07-15,7,ADA
2019-07-15,8,NEO
2019-07-15,9,LINK
2019-07-15,10,ONT
2019-07-22,1,BTC
2019-07-22,2,ETH
2019-07-22,3,BNB
2019-07-22,4,XRP
2019-07-22,5,LTC
2019-07-22,6,TRX
2019-07-22,7,ADA
2019-07-22,8,NEO
2019-07-22,9,LINK
2019-07-22,10,ETC
2019-07-29,1,BTC
2019-07-29,2,ETH
2019-07-29,3,BNB
2019-07-29,4,XRP
2019-07-29,5,LTC
2019-07-29,6,TRX
2019-07-29,7,ADA
2019-07-29,8,NEO
2019-07-29,9,LINK
2019-07-29,10,ETC
2019-08-05,1,BTC
2019-08-05,2,ETH
2019-08-05,3,BNB
2019-08-05,4,XRP
2019-08-05,5,LTC
2019-08-05,6,TRX
2019-08-05,7,ADA
2019-08-05,8,LINK
2019-08-05,9,NEO
2019-08-05,10,ETC
2019-08-12,1,BTC
2019-08-12,2,BNB
2019-08-12,3,ETH
2019-08-12,4,XRP
2019-08-12,5,LTC
2019-08-12,6,TRX
2019-08-12,7,LINK
2019-08-12,8,ADA
2019-08-12,9,NEO
2019-08-12,10,ETC
2019-08-19,1,BTC
2019-08-19,2,BNB
2019-08-19,3,ETH
2019-08-19,4,XRP
2019-08-19,5,LTC
2019-08-19,6,TRX
2019-08-19,7,LINK
2019-08-19,8,ADA
2019-08-19,9,NEO
2019-08-19,10,ETC
2019-08-26,1,BTC
2019-08-26,2,ETH
2019-08-26,3,BNB
2019-08-26,4,LTC
2019-08-26,5,XRP
2019-08-26,6,TRX
2019-08-26,7,LINK
2019-08-26,8,ADA
2019-08-26,9,NEO
2019-08-26,10,ETC
2019-09-02,1,BTC
2019-09-02,2,ETH
2019-09-02,3,BNB
2019-09-02,4,LTC
2019-09-02,5,XRP
2019-09-02,6,TRX
2019-09-02,7,LINK
2019-09-02,8,ADA
2019-09-02,9,NEO
2019-09-02,10,ETC
2019-09-09,1,BTC
2019-09-09,2,ETH
2019-09-09,3,BNB
2019-09-09,4,LTC
2019-09-09,5,XRP
2019-09-09,6,TRX
2019-09-09,7,LINK
2019-09-09,8,ADA
2019-09-09,9,NEO
2019-09-09,10,ETC
2019-09-16,1,BTC
2019-09-16,2,ETH
2019-09-16,3,BNB
2019-09-16,4,LTC
2019-09-16,5,XRP
2019-09-16,6,TRX
2019-09-16,7,LINK
2019-09-16,8,ADA
2019-09-16,9,ETC
2019-09-16,10,NEO
2019-09-23,1,BTC
2019-09-23,2,ETH
2019-09-23,3,BNB
2019-09-23,4,LTC
2019-09-23,5,XRP
2019-09-23,6,TRX
2019-09-23,7,LINK
2019-09-23,8,ADA
2019-09-23,9,ETC
2019-09-23,10,NEO
2019-09-30,1,BTC
2019-09-30,2,ETH
2019-09-30,3,BNB
2019-09-30,4,LTC
2019-09-30,5,XRP
2019-09-30,6,TRX
2019-09-30,7,LINK
2019-09-30,8,ADA
2019-09-30,9,ETC
2019-09-30,10,NEO
2019-10-07,1,BTC
2019-10-07,2,ETH
2019-10-07,3,BNB
2019-10-07,4,LTC
2019-10-07,5,XRP
2019-10-07,6,TRX
2019-10-07,7,LINK
2019-10-07,8,ADA
2019-10-07,9,ETC
2019-10-07,10,NEO
2019-10-14,1,BTC
2019-10-14,2,ETH
2019-10-14,3,BNB
2019-10-14,4,LTC
2019-10-14,5,XRP
2019-10-14,6,TRX
2019-10-14,7,LINK
2019-10-14,8,ADA
2019-10-14,9,ETC
2019-10-14,10,NEO
2019-10-21,1,BTC
2019-10-21,2,ETH
2019-10-21,3,BNB
2019-10-21,4,XRP
2019-10-21,5,LTC
2019-10-21,6,TRX
2019-10-21,7,LINK
2019-10-21,8,ADA
2019-10-21,9,ETC
2019-10-21,10,ONT
2019-10-28,1,BTC
2019-10-28,2,ETH
2019-10-28,3,BNB
2019-10-28,4,XRP
2019-10-28,5,LTC
2019-10-28,6,TRX
2019-10-28,7,LINK
2019-10-28,8,ADA
2019-10-28,9,ETC
2019-10-28,10,XLM
2019-11-04,1,BTC
2019-11-04,2,ETH
2019-11-04,3,BNB
2019-11-04,4,XRP
2019-11-04,5,LTC
2019-11-04,6,TRX
2019-11-04,7,LINK
2019-11-04,8,ADA
2019-11-04,9,ETC
2019-11-04,10,XLM
2019-11-11,1,BTC
2019-11-11,2,ETH
2019-11-11,3,BNB
2019-11-11,4,XRP
2019-11-11,5,LTC
2019-11-11,6,TRX
2019-11-11,7,LINK
2019-11-11,8,ETC
2019-11-11,9,ADA
2019-11-11,10,ONT
2019-11-18,1,BTC
2019-11-18,2,ETH
2019-11-18,3,BNB
2019-11-18,4,XRP
2019-11-18,5,LTC
2019-11-18,6,TRX
2019-11-18,7,LINK
2019-11-18,8,ETC
2019-11-18,9,ADA
2019-11-18,10,XLM
2019-11-25,1,BTC
2019-11-25,2,ETH
2019-11-25,3,BNB
2019-11-25,4,XRP
2019-11-25,5,LTC
2019-11-25,6,TRX
2019-11-25,7,LINK
2019-11-25,8,ADA
2019-11-25,9,ETC
2019-11-25,10,XLM
2019-12-02,1,BTC
2019-12-02,2,ETH
2019-12-02,3,BNB
2019-12-02,4,XRP
2019-12-02,5,LTC
2019-12-02,6,TRX
2019-12-02,7,LINK
2019-12-02,8,ADA
2019-12-02,9,ETC
2019-12-02,10,XLM
2019-12-09,1,BTC
2019-12-09,2,ETH
2019-12-09,3,BNB
2019-12-09,4,XRP
2019-12-09,5,LTC
2019-12-09,6,TRX
2019-12-09,7,LINK
2019-12-09,8,ADA
2019-12-09,9,ETC
2019-12-09,10,XLM
2019-12-16,1,BTC
2019-12-16,2,ETH
2019-12-16,3,BNB
2019-12-16,4,XRP
2019-12-16,5,LTC
2019-12-16,6,TRX
2019-12-16,7,LINK
2019-12-16,8,ADA
2019-12-16,9,XLM
2019-12-16,10,ETC
2019-12-23,1,BTC
2019-12-23,2,ETH
2019-12-23,3,BNB
2019-12-23,4,XRP
2019-12-23,5,LTC
2019-12-23,6,TRX
2019-12-23,7,LINK
2019-12-23,8,ADA
2019-12-23,9,VET
2019-12-23,10,ETC
2019-12-30,1,BTC
2019-12-30,2,ETH
2019-12-30,3,BNB
2019-12-30,4,XRP
2019-12-30,5,LTC
2019-12-30,6,TRX
2019-12-30,7,LINK
2019-12-30,8,VET
2019-12-30,9,ADA
2019-12-30,10,ETC
2020-01-06,1,BTC
2020-01-06,2,ETH
2020-01-06,3,BNB
2020-01-06,4,XRP
2020-01-06,5,TRX
2020-01-06,6,LTC
2020-01-06,7,LINK
2020-01-06,8,VET
2020-01-06,9,ADA
2020-01-06,10,ETC
2020-01-13,1,BTC
2020-01-13,2,ETH
2020-01-13,3,BNB
2020-01-13,4,XRP
2020-01-13,5,LTC
2020-01-13,6,TRX
2020-01-13,7,LINK
2020-01-13,8,VET
2020-01-13,9,ETC
2020-01-13,10,ADA
2020-01-20,1,BTC
2020-01-20,2,ETH
2020-01-20,3,BNB
2020-01-20,4,XRP
2020-01-20,5,LTC
2020-01-20,6,TRX
2020-01-20,7,LINK
2020-01-20,8,VET
2020-01-20,9,ADA
2020-01-20,10,ETC
2020-01-27,1,BTC
2020-01-27,2,ETH
2020-01-27,3,BNB
2020-01-27,4,XRP
2020-01-27,5,LTC
2020-01-27,6,TRX
2020-01-27,7,LINK
2020-01-27,8,VET
2020-01-27,9,ETC
2020-01-27,10,ADA
2020-02-03,1,BTC
2020-02-03,2,ETH
2020-02-03,3,BNB
2020-02-03,4,XRP
2020-02-03,5,LTC
2020-02-03,6,TRX
2020-02-03,7,LINK
2020-02-03,8,VET
2020-02-03,9,ETC
2020-02-03,10,ADA
2020-02-10,1,BTC
2020-02-10,2,ETH
2020-02-10,3,BNB
2020-02-10,4,XRP
2020-02-10,5,LTC
2020-02-10,6,TRX
2020-02-10,7,LINK
2020-02-10,8,ETC
2020-02-10,9,VET
2020-02-10,10,ADA
2020-02-17,1,BTC
2020-02-17,2,ETH
2020-02-17,3,BNB
2020-02-17,4,XRP
2020-02-17,5,LTC
2020-02-17,6,TRX
2020-02-17,7,ETC
2020-02-17,8,LINK
2020-02-17,9,VET
2020-02-17,10,ADA
2020-02-24,1,BTC
2020-02-24,2,ETH
2020-02-24,3,BNB
2020-02-24,4,XRP
2020-02-24,5,LTC
2020-02-24,6,TRX
2020-02-24,7,ETC
2020-02-24,8,LINK
2020-02-24,9,DASH
2020-02-24,10,ADA
2020-03-02,1,BTC
2020-03-02,2,ETH
2020-03-02,3,LTC
2020-03-02,4,XRP
2020-03-02,5,BNB
2020-03-02,6,ETC
2020-03-02,7,TRX
2020-03-02,8,LINK
2020-03-02,9,DASH
2020-03-02,10,ADA
2020-03-09,1,BTC
2020-03-09,2,ETH
2020-03-09,3,LTC
2020-03-09,4,BNB
2020-03-09,5,XRP
2020-03-09,6,ETC
2020-03-09,7,TRX
2020-03-09,8,LINK
2020-03-09,9,ADA
2020-03-09,10,DASH
2020-03-16,1,BTC
2020-03-16,2,ETH
2020-03-16,3,LTC
2020-03-16,4,XRP
2020-03-16,5,BNB
2020-03-16,6,ETC
2020-03-16,7,TRX
2020-03-16,8,LINK
2020-03-16,9,ADA
2020-03-16,10,DASH
2020-03-23,1,BTC
2020-03-23,2,ETH
2020-03-23,3,BNB
2020-03-23,4,XRP
2020-03-23,5,LTC
2020-03-23,6,ETC
2020-03-23,7,LINK
2020-03-23,8,TRX
2020-03-23,9,ADA
2020-03-23,10,DASH
2020-03-30,1,BTC
2020-03-30,2,ETH
2020-03-30,3,BNB
2020-03-30,4,XRP
2020-03-30,5,LTC
2020-03-30,6,ETC
2020-03-30,7,LINK
2020-03-30,8,XTZ
2020-03-30,9,TRX
2020-03-30,10,ADA
2020-04-06,1,BTC
2020-04-06,2,ETH
2020-04-06,3,BNB
2020-04-06,4,XRP
2020-04-06,5,LTC
2020-04-06,6,LINK
2020-04-06,7,ETC
2020-04-06,8,XTZ
2020-04-06,9,TRX
2020-04-06,10,ADA
2020-04-13,1,BTC
2020-04-13,2,ETH
2020-04-13,3,BNB
2020-04-13,4,XRP
2020-04-13,5,LTC
2020-04-13,6,LINK
2020-04-13,7,ETC
2020-04-13,8,XTZ
2020-04-13,9,TRX
2020-04-13,10,ADA
2020-04-20,1,BTC
2020-04-20,2,ETH
2020-04-20,3,BNB
2020-04-20,4,LINK
2020-04-20,5,XRP
2020-04-20,6,LTC
2020-04-20,7,ETC
2020-04-20,8,XTZ
2020-04-20,9,TRX
2020-04-20,10,ADA
2020-04-27,1,BTC
2020-04-27,2,ETH
2020-04-27,3,BNB
2020-04-27,4,LINK
2020-04-27,5,XRP
2020-04-27,6,LTC
2020-04-27,7,ETC
2020-04-27,8,XTZ
2020-04-27,9,ADA
2020-04-27,10,TRX
2020-05-04,1,BTC
2020-05-04,2,ETH
2020-05-04,3,BNB
2020-05-04,4,LINK
2020-05-04,5,XRP
2020-05-04,6,LTC
2020-05-04,7,XTZ
2020-05-04,8,ETC
2020-05-04,9,ADA
2020-05-04,10,TRX
2020-05-11,1,BTC
2020-05-11,2,ETH
2020-05-11,3,BNB
2020-05-11,4,LINK
2020-05-11,5,XRP
2020-05-11,6,LTC
2020-05-11,7,XTZ
2020-05-11,8,ETC
2020-05-11,9,ADA
2020-05-11,10,TRX
2020-05-18,1,BTC
2020-05-18,2,ETH
2020-05-18,3,BNB
2020-05-18,4,LINK
2020-05-18,5,XRP
2020-05-18,6,LTC
2020-05-18,7,XTZ
2020-05-18,8,ETC
2020-05-18,9,ADA
2020-05-18,10,TRX
2020-05-25,1,BTC
2020-05-25,2,ETH
2020-05-25,3,BNB
2020-05-25,4,LINK
2020-05-25,5,XRP
2020-05-25,6,LTC
2020-05-25,7,XTZ
2020-05-25,8,ETC
2020-05-25,9,ADA
2020-05-25,10,TRX
2020-06-01,1,BTC
2020-06-01,2,ETH
2020-06-01,3,BNB
2020-06-01,4,BCH
2020-06-01,5,LINK
2020-06-01,6,XRP
2020-06-01,7,LTC
2020-06-01,8,XTZ
2020-06-01,9,ETC
2020-06-01,10,ADA
2020-06-08,1,BTC
2020-06-08,2,ETH
2020-06-08,3,BNB
2020-06-08,4,BCH
2020-06-08,5,LINK
2020-06-08,6,XRP
2020-06-08,7,LTC
2020-06-08,8,XTZ
2020-06-08,9,ETC
2020-06-08,10,ADA
2020-06-15,1,BTC
2020-06-15,2,ETH
2020-06-15,3,BNB
2020-06-15,4,BCH
2020-06-15,5,LINK
2020-06-15,6,XRP
2020-06-15,7,LTC
2020-06-15,8,XTZ
2020-06-15,9,ADA
2020-06-15,10,ETC
2020-06-22,1,BTC
2020-06-22,2,ETH
2020-06-22,3,BNB
2020-06-22,4,BCH
2020-06-22,5,LINK
2020-06-22,6,XRP
2020-06-22,7,LTC
2020-06-22,8,XTZ
2020-06-22,9,ADA
2020-06-22,10,ETC
2020-06-29,1,BTC
2020-06-29,2,ETH
2020-06-29,3,BNB
2020-06-29,4,BCH
2020-06-29,5,LINK
2020-06-29,6,XRP
2020-06-29,7,LTC
2020-06-29,8,ADA
2020-06-29,9,XTZ
2020-06-29,10,ETC
2020-07-06,1,BTC
2020-07-06,2,ETH
2020-07-06,3,BNB
2020-07-06,4,BCH
2020-07-06,5,LINK
2020-07-06,6,XRP
2020-07-06,7,ADA
2020-07-06,8,LTC
2020-07-06,9,XTZ
2020-07-06,10,TRX
2020-07-13,1,BTC
2020-07-13,2,ETH
2020-07-13,3,BNB
2020-07-13,4,BCH
2020-07-13,5,LINK
2020-07-13,6,XRP
2020-07-13,7,ADA
2020-07-13,8,LTC
2020-07-13,9,XTZ
2020-07-13,10,VET
2020-07-20,1,BTC
2020-07-20,2,ETH
2020-07-20,3,BNB
2020-07-20,4,LINK
2020-07-20,5,BCH
2020-07-20,6,XRP
2020-07-20,7,ADA
2020-07-20,8,LTC
2020-07-20,9,XTZ
2020-07-20,10,VET
2020-07-27,1,BTC
2020-07-27,2,ETH
2020-07-27,3,BNB
2020-07-27,4,LINK
2020-07-27,5,ADA
2020-07-27,6,BCH
2020-07-27,7,XRP
2020-07-27,8,VET
2020-07-27,9,LTC
2020-07-27,10,XTZ
2020-08-03,1,BTC
2020-08-03,2,ETH
2020-08-03,3,BNB
2020-08-03,4,ADA
2020-08-03,5,LINK
2020-08-03,6,BCH
2020-08-03,7,XRP
2020-08-03,8,VET
2020-08-03,9,LTC
2020-08-03,10,XTZ
2020-08-10,1,BTC
2020-08-10,2,ETH
2020-08-10,3,BNB
2020-08-10,4,ADA
2020-08-10,5,LINK
2020-08-10,6,BCH
2020-08-10,7,XRP
2020-08-10,8,VET
2020-08-10,9,LTC
2020-08-10,10,XTZ
2020-08-17,1,BTC
2020-08-17,2,ETH
2020-08-17,3,BNB
2020-08-17,4,LINK
2020-08-17,5,ADA
2020-08-17,6,XRP
2020-08-17,7,VET
2020-08-17,8,BCH
2020-08-17,9,XTZ
2020-08-17,10,LTC
2020-08-24,1,BTC
2020-08-24,2,ETH
2020-08-24,3,LINK
2020-08-24,4,BNB
2020-08-24,5,ADA
2020-08-24,6,VET
2020-08-24,7,XRP
2020-08-24,8,BCH
2020-08-24,9,XTZ
2020-08-24,10,LTC
2020-08-31,1,BTC
2020-08-31,2,ETH
2020-08-31,3,LINK
2020-08-31,4,BNB
2020-08-31,5,ADA
2020-08-31,6,XRP
2020-08-31,7,VET
2020-08-31,8,BCH
2020-08-31,9,XTZ
2020-08-31,10,LTC
2020-09-07,1,BTC
2020-09-07,2,ETH
2020-09-07,3,LINK
2020-09-07,4,BNB
2020-09-07,5,XRP
2020-09-07,6,ADA
2020-09-07,7,VET
2020-09-07,8,BCH
2020-09-07,9,LTC
2020-09-07,10,XTZ
2020-09-14,1,BTC
2020-09-14,2,ETH
2020-09-14,3,LINK
2020-09-14,4,BNB
2020-09-14,5,XRP
2020-09-14,6,ADA
2020-09-14,7,VET
2020-09-14,8,BCH
2020-09-14,9,LTC
2020-09-14,10,XTZ
2020-09-21,1,BTC
2020-09-21,2,ETH
2020-09-21,3,LINK
2020-09-21,4,BNB
2020-09-21,5,XRP
2020-09-21,6,ADA
2020-09-21,7,VET
2020-09-21,8,BCH
2020-09-21,9,LTC
2020-09-21,10,TRX
2020-09-28,1,BTC
2020-09-28,2,ETH
2020-09-28,3,LINK
2020-09-28,4,BNB
2020-09-28,5,XRP
2020-09-28,6,ADA
2020-09-28,7,VET
2020-09-28,8,BCH
2020-09-28,9,LTC
2020-09-28,10,TRX
2020-10-05,1,BTC
2020-10-05,2,ETH
2020-10-05,3,LINK
2020-10-05,4,BNB
2020-10-05,5,XRP
2020-10-05,6,ADA
2020-10-05,7,TRX
2020-10-05,8,LTC
2020-10-05,9,VET
2020-10-05,10,BCH
2020-10-12,1,BTC
2020-10-12,2,ETH
2020-10-12,3,LINK
2020-10-12,4,BNB
2020-10-12,5,XRP
2020-10-12,6,ADA
2020-10-12,7,BCH
2020-10-12,8,TRX
2020-10-12,9,LTC
2020-10-12,10,VET
2020-10-19,1,BTC
2020-10-19,2,ETH
2020-10-19,3,LINK
2020-10-19,4,BNB
2020-10-19,5,XRP
2020-10-19,6,ADA
2020-10-19,7,BCH
2020-10-19,8,TRX
2020-10-19,9,LTC
2020-10-19,10,VET
2020-10-26,1,BTC
2020-10-26,2,ETH
2020-10-26,3,LINK
2020-10-26,4,BNB
2020-10-26,5,XRP
2020-10-26,6,BCH
2020-10-26,7,ADA
2020-10-26,8,TRX
2020-10-26,9,LTC
2020-10-26,10,VET
2020-11-02,1,BTC
2020-11-02,2,ETH
2020-11-02,3,LINK
2020-11-02,4,BNB
2020-11-02,5,XRP
2020-11-02,6,BCH
2020-11-02,7,TRX
2020-11-02,8,LTC
2020-11-02,9,ADA
2020-11-02,10,VET
2020-11-09,1,BTC
2020-11-09,2,ETH
2020-11-09,3,LINK
2020-11-09,4,BNB
2020-11-09,5,XRP
2020-11-09,6,BCH
2020-11-09,7,TRX
2020-11-09,8,LTC
2020-11-09,9,ADA
2020-11-09,10,VET
2020-11-16,1,BTC
2020-11-16,2,ETH
2020-11-16,3,LINK
2020-11-16,4,BNB
2020-11-16,5,XRP
2020-11-16,6,BCH
2020-11-16,7,LTC
2020-11-16,8,TRX
2020-11-16,9,ADA
2020-11-16,10,VET
2020-11-23,1,BTC
2020-11-23,2,ETH
2020-11-23,3,LINK
2020-11-23,4,BNB
2020-11-23,5,XRP
2020-11-23,6,BCH
2020-11-23,7,LTC
2020-11-23,8,TRX
2020-11-23,9,ADA
2020-11-23,10,VET
2020-11-30,1,BTC
2020-11-30,2,ETH
2020-11-30,3,LINK
2020-11-30,4,BNB
2020-11-30,5,XRP
2020-11-30,6,BCH
2020-11-30,7,LTC
2020-11-30,8,TRX
2020-11-30,9,ADA
2020-11-30,10,VET
2020-12-07,1,BTC
2020-12-07,2,ETH
2020-12-07,3,LINK
2020-12-07,4,BNB
2020-12-07,5,XRP
2020-12-07,6,LTC
2020-12-07,7,BCH
2020-12-07,8,ADA
2020-12-07,9,TRX
2020-12-07,10,VET
2020-12-14,1,BTC
2020-12-14,2,ETH
2020-12-14,3,LINK
2020-12-14,4,BNB
2020-12-14,5,XRP
2020-12-14,6,LTC
2020-12-14,7,BCH
2020-12-14,8,ADA
2020-12-14,9,TRX
2020-12-14,10,VET
2020-12-21,1,BTC
2020-12-21,2,ETH
2020-12-21,3,LINK
2020-12-21,4,BNB
2020-12-21,5,LTC
2020-12-21,6,XRP
2020-12-21,7,BCH
2020-12-21,8,ADA
2020-12-21,9,TRX
2020-12-21,10,VET
2020-12-28,1,BTC
2020-12-28,2,ETH
2020-12-28,3,LINK
2020-12-28,4,LTC
2020-12-28,5,XRP
2020-12-28,6,BNB
2020-12-28,7,BCH
2020-12-28,8,ADA
2020-12-28,9,TRX
2020-12-28,10,VET
2021-01-04,1,BTC
2021-01-04,2,ETH
2021-01-04,3,XRP
2021-01-04,4,LTC
2021-01-04,5,LINK
2021-01-04,6,BNB
2021-01-04,7,BCH
2021-01-04,8,ADA
2021-01-04,9,TRX
2021-01-04,10,XLM
2021-01-11,1,BTC
2021-01-11,2,ETH
2021-01-11,3,XRP
2021-01-11,4,LTC
2021-01-11,5,LINK
2021-01-11,6,BNB
2021-01-11,7,BCH
2021-01-11,8,ADA
2021-01-11,9,XLM
2021-01-11,10,TRX
2021-01-18,1,BTC
2021-01-18,2,ETH
2021-01-18,3,XRP
2021-01-18,4,LTC
2021-01-18,5,LINK
2021-01-18,6,BNB
2021-01-18,7,BCH
2021-01-18,8,ADA
2021-01-18,9,XLM
2021-01-18,10,TRX
2021-01-25,1,BTC
2021-01-25,2,ETH
2021-01-25,3,XRP
2021-01-25,4,LTC
2021-01-25,5,LINK
2021-01-25,6,BCH
2021-01-25,7,BNB
2021-01-25,8,ADA
2021-01-25,9,XLM
2021-01-25,10,TRX
2021-02-01,1,BTC
2021-02-01,2,ETH
2021-02-01,3,XRP
2021-02-01,4,LTC
2021-02-01,5,LINK
2021-02-01,6,ADA
2021-02-01,7,BNB
2021-02-01,8,BCH
2021-02-01,9,XLM
2021-02-01,10,TRX
2021-02-08,1,BTC
2021-02-08,2,ETH
2021-02-08,3,XRP
2021-02-08,4,LTC
2021-02-08,5,LINK
2021-02-08,6,ADA
2021-02-08,7,BNB
2021-02-08,8,BCH
2021-02-08,9,XLM
2021-02-08,10,YFI
2021-02-15,1,BTC
2021-02-15,2,ETH
2021-02-15,3,XRP
2021-02-15,4,LTC
2021-02-15,5,LINK
2021-02-15,6,DOT
2021-02-15,7,ADA
2021-02-15,8,BCH
2021-02-15,9,BNB
2021-02-15,10,XLM
2021-02-22,1,BTC
2021-02-22,2,ETH
2021-02-22,3,XRP
2021-02-22,4,LTC
2021-02-22,5,DOT
2021-02-22,6,ADA
2021-02-22,7,LINK
2021-02-22,8,BCH
2021-02-22,9,BNB
2021-02-22,10,XLM
2021-03-01,1,BTC
2021-03-01,2,ETH
2021-03-01,3,XRP
2021-03-01,4,LTC
2021-03-01,5,DOT
2021-03-01,6,ADA
2021-03-01,7,LINK
2021-03-01,8,BCH
2021-03-01,9,BNB
2021-03-01,10,XLM
2021-03-08,1,BTC
2021-03-08,2,ETH
2021-03-08,3,XRP
2021-03-08,4,DOT
2021-03-08,5,LTC
2021-03-08,6,ADA
2021-03-08,7,LINK
2021-03-08,8,BNB
2021-03-08,9,BCH
2021-03-08,10,XLM
2021-03-15,1,BTC
2021-03-15,2,ETH
2021-03-15,3,XRP
2021-03-15,4,ADA
2021-03-15,5,DOT
2021-03-15,6,LTC
2021-03-15,7,BNB
2021-03-15,8,LINK
2021-03-15,9,BCH
2021-03-15,10,XLM
2021-03-22,1,BTC
2021-03-22,2,ETH
2021-03-22,3,ADA
2021-03-22,4,XRP
2021-03-22,5,DOT
2021-03-22,6,BNB
2021-03-22,7,LTC
2021-03-22,8,LINK
2021-03-22,9,BCH
2021-03-22,10,DOGE
2021-03-29,1,BTC
2021-03-29,2,ETH
2021-03-29,3,BNB
2021-03-29,4,ADA
2021-03-29,5,XRP
2021-03-29,6,DOT
2021-03-29,7,LTC
2021-03-29,8,LINK
2021-03-29,9,BCH
2021-03-29,10,DOGE
2021-04-05,1,BTC
2021-04-05,2,ETH
2021-04-05,3,BNB
2021-04-05,4,ADA
2021-04-05,5,XRP
2021-04-05,6,DOT
2021-04-05,7,LTC
2021-04-05,8,LINK
2021-04-05,9,BCH
2021-04-05,10,XLM
2021-04-12,1,BTC
2021-04-12,2,ETH
2021-04-12,3,BNB
2021-04-12,4,ADA
2021-04-12,5,XRP
2021-04-12,6,DOT
2021-04-12,7,LTC
2021-04-12,8,LINK
2021-04-12,9,DOGE
2021-04-12,10,VET
2021-04-19,1,BTC
2021-04-19,2,ETH
2021-04-19,3,BNB
2021-04-19,4,XRP
2021-04-19,5,ADA
2021-04-19,6,DOT
2021-04-19,7,LTC
2021-04-19,8,DOGE
2021-04-19,9,LINK
2021-04-19,10,CHZ
2021-04-26,1,BTC
2021-04-26,2,ETH
2021-04-26,3,BNB
2021-04-26,4,XRP
2021-04-26,5,ADA
2021-04-26,6,DOT
2021-04-26,7,DOGE
2021-04-26,8,LTC
2021-04-26,9,CHZ
2021-04-26,10,LINK
2021-05-03,1,BTC
2021-05-03,2,ETH
2021-05-03,3,BNB
2021-05-03,4,XRP
2021-05-03,5,ADA
2021-05-03,6,DOT
2021-05-03,7,DOGE
2021-05-03,8,LTC
2021-05-03,9,CHZ
2021-05-03,10,LINK
2021-05-10,1,BTC
2021-05-10,2,ETH
2021-05-10,3,BNB
2021-05-10,4,XRP
2021-05-10,5,ADA
2021-05-10,6,DOT
2021-05-10,7,DOGE
2021-05-10,8,LTC
2021-05-10,9,CHZ
2021-05-10,10,VET
2021-05-17,1,BTC
2021-05-17,2,ETH
2021-05-17,3,BNB
2021-05-17,4,XRP
2021-05-17,5,ADA
2021-05-17,6,DOT
2021-05-17,7,DOGE
2021-05-17,8,LTC
2021-05-17,9,CHZ
2021-05-17,10,VET
2021-05-24,1,BTC
2021-05-24,2,ETH
2021-05-24,3,BNB
2021-05-24,4,XRP
2021-05-24,5,ADA
2021-05-24,6,DOT
2021-05-24,7,DOGE
2021-05-24,8,LTC
2021-05-24,9,VET
2021-05-24,10,CHZ
2021-05-31,1,BTC
2021-05-31,2,ETH
2021-05-31,3,BNB
2021-05-31,4,XRP
2021-05-31,5,DOGE
2021-05-31,6,ADA
2021-05-31,7,DOT
2021-05-31,8,VET
2021-05-31,9,LTC
2021-05-31,10,CHZ
2021-06-07,1,BTC
2021-06-07,2,ETH
2021-06-07,3,BNB
2021-06-07,4,DOGE
2021-06-07,5,XRP
2021-06-07,6,ADA
2021-06-07,7,DOT
2021-06-07,8,VET
2021-06-07,9,LTC
2021-06-07,10,TRX
2021-06-14,1,BTC
2021-06-14,2,ETH
2021-06-14,3,BNB
2021-06-14,4,DOGE
2021-06-14,5,XRP
2021-06-14,6,ADA
2021-06-14,7,DOT
2021-06-14,8,VET
2021-06-14,9,LTC
2021-06-14,10,TRX
2021-06-21,1,BTC
2021-06-21,2,ETH
2021-06-21,3,BNB
2021-06-21,4,DOGE
2021-06-21,5,XRP
2021-06-21,6,ADA
2021-06-21,7,DOT
2021-06-21,8,VET
2021-06-21,9,LTC
2021-06-21,10,TRX
2021-06-28,1,BTC
2021-06-28,2,ETH
2021-06-28,3,BNB
2021-06-28,4,DOGE
2021-06-28,5,XRP
2021-06-28,6,ADA
2021-06-28,7,DOT
2021-06-28,8,VET
2021-06-28,9,LTC
2021-06-28,10,TRX
2021-07-05,1,BTC
2021-07-05,2,ETH
2021-07-05,3,BNB
2021-07-05,4,DOGE
2021-07-05,5,XRP
2021-07-05,6,ADA
2021-07-05,7,DOT
2021-07-05,8,VET
2021-07-05,9,LTC
2021-07-05,10,LINK
2021-07-12,1,BTC
2021-07-12,2,ETH
2021-07-12,3,BNB
2021-07-12,4,DOGE
2021-07-12,5,XRP
2021-07-12,6,ADA
2021-07-12,7,DOT
2021-07-12,8,VET
2021-07-12,9,LINK
2021-07-12,10,LTC
2021-07-19,1,BTC
2021-07-19,2,ETH
2021-07-19,3,BNB
2021-07-19,4,DOGE
2021-07-19,5,XRP
2021-07-19,6,ADA
2021-07-19,7,DOT
2021-07-19,8,VET
2021-07-19,9,LINK
2021-07-19,10,LTC
2021-07-26,1,BTC
2021-07-26,2,ETH
2021-07-26,3,BNB
2021-07-26,4,DOGE
2021-07-26,5,XRP
2021-07-26,6,ADA
2021-07-26,7,DOT
2021-07-26,8,VET
2021-07-26,9,LINK
2021-07-26,10,SOL
2021-08-02,1,BTC
2021-08-02,2,ETH
2021-08-02,3,BNB
2021-08-02,4,DOGE
2021-08-02,5,ADA
2021-08-02,6,XRP
2021-08-02,7,DOT
2021-08-02,8,LINK
2021-08-02,9,VET
2021-08-02,10,SOL
2021-08-09,1,BTC
2021-08-09,2,ETH
2021-08-09,3,BNB
2021-08-09,4,DOGE
2021-08-09,5,XRP
2021-08-09,6,ADA
2021-08-09,7,DOT
2021-08-09,8,LINK
2021-08-09,9,SOL
2021-08-09,10,VET
2021-08-16,1,BTC
2021-08-16,2,ETH
2021-08-16,3,BNB
2021-08-16,4,DOGE
2021-08-16,5,XRP
2021-08-16,6,ADA
2021-08-16,7,DOT
2021-08-16,8,LINK
2021-08-16,9,SOL
2021-08-16,10,FIL
2021-08-23,1,BTC
2021-08-23,2,ETH
2021-08-23,3,BNB
2021-08-23,4,DOGE
2021-08-23,5,XRP
2021-08-23,6,ADA
2021-08-23,7,DOT
2021-08-23,8,AXS
2021-08-23,9,LINK
2021-08-23,10,SOL
2021-08-30,1,BTC
2021-08-30,2,ETH
2021-08-30,3,BNB
2021-08-30,4,DOGE
2021-08-30,5,XRP
2021-08-30,6,ADA
2021-08-30,7,DOT
2021-08-30,8,AXS
2021-08-30,9,SOL
2021-08-30,10,LINK
2021-09-06,1,BTC
2021-09-06,2,ETH
2021-09-06,3,BNB
2021-09-06,4,DOGE
2021-09-06,5,XRP
2021-09-06,6,ADA
2021-09-06,7,DOT
2021-09-06,8,AXS
2021-09-06,9,SOL
2021-09-06,10,LINK
2021-09-13,1,BTC
2021-09-13,2,ETH
2021-09-13,3,BNB
2021-09-13,4,XRP
2021-09-13,5,DOGE
2021-09-13,6,ADA
2021-09-13,7,DOT
2021-09-13,8,AXS
2021-09-13,9,SOL
2021-09-13,10,LINK
2021-09-20,1,BTC
2021-09-20,2,ETH
2021-09-20,3,BNB
2021-09-20,4,ADA
2021-09-20,5,XRP
2021-09-20,6,DOGE
2021-09-20,7,DOT
2021-09-20,8,AXS
2021-09-20,9,SOL
2021-09-20,10,FIL
2021-09-27,1,BTC
2021-09-27,2,ETH
2021-09-27,3,BNB
2021-09-27,4,ADA
2021-09-27,5,XRP
2021-09-27,6,DOT
2021-09-27,7,DOGE
2021-09-27,8,AXS
2021-09-27,9,SOL
2021-09-27,10,FIL
2021-10-04,1,BTC
2021-10-04,2,ETH
2021-10-04,3,BNB
2021-10-04,4,ADA
2021-10-04,5,XRP
2021-10-04,6,SOL
2021-10-04,7,DOT
2021-10-04,8,DOGE
2021-10-04,9,AVAX
2021-10-04,10,AXS
2021-10-11,1,BTC
2021-10-11,2,ETH
2021-10-11,3,BNB
2021-10-11,4,SOL
2021-10-11,5,ADA
2021-10-11,6,XRP
2021-10-11,7,DOT
2021-10-11,8,DOGE
2021-10-11,9,AVAX
2021-10-11,10,AXS
2021-10-18,1,BTC
2021-10-18,2,ETH
2021-10-18,3,BNB
2021-10-18,4,SOL
2021-10-18,5,ADA
2021-10-18,6,XRP
2021-10-18,7,DOT
2021-10-18,8,DOGE
2021-10-18,9,AVAX
2021-10-18,10,AXS
2021-10-25,1,BTC
2021-10-25,2,ETH
2021-10-25,3,SOL
2021-10-25,4,BNB
2021-10-25,5,ADA
2021-10-25,6,XRP
2021-10-25,7,DOT
2021-10-25,8,DOGE
2021-10-25,9,AVAX
2021-10-25,10,LUNA
2021-11-01,1,BTC
2021-11-01,2,ETH
2021-11-01,3,SOL
2021-11-01,4,BNB
2021-11-01,5,ADA
2021-11-01,6,XRP
2021-11-01,7,DOT
2021-11-01,8,DOGE
2021-11-01,9,AVAX
2021-11-01,10,FIL
2021-11-08,1,BTC
2021-11-08,2,ETH
2021-11-08,3,SOL
2021-11-08,4,BNB
2021-11-08,5,ADA
2021-11-08,6,XRP
2021-11-08,7,DOT
2021-11-08,8,DOGE
2021-11-08,9,AVAX
2021-11-08,10,LUNA
2021-11-15,1,BTC
2021-11-15,2,ETH
2021-11-15,3,SOL
2021-11-15,4,BNB
2021-11-15,5,XRP
2021-11-15,6,ADA
2021-11-15,7,DOT
2021-11-15,8,DOGE
2021-11-15,9,AVAX
2021-11-15,10,SHIB
2021-11-22,1,BTC
2021-11-22,2,ETH
2021-11-22,3,SOL
2021-11-22,4,BNB
2021-11-22,5,DOT
2021-11-22,6,XRP
2021-11-22,7,SHIB
2021-11-22,8,ADA
2021-11-22,9,AVAX
2021-11-22,10,DOGE
2021-11-29,1,BTC
2021-11-29,2,ETH
2021-11-29,3,SOL
2021-11-29,4,BNB
2021-11-29,5,SHIB
2021-11-29,6,DOT
2021-11-29,7,XRP
2021-11-29,8,AVAX
2021-11-29,9,ADA
2021-11-29,10,DOGE
2021-12-06,1,BTC
2021-12-06,2,ETH
2021-12-06,3,SHIB
2021-12-06,4,BNB
2021-12-06,5,SOL
2021-12-06,6,DOT
2021-12-06,7,XRP
2021-12-06,8,AVAX
2021-12-06,9,ADA
2021-12-06,10,DOGE
2021-12-13,1,BTC
2021-12-13,2,ETH
2021-12-13,3,SHIB
2021-12-13,4,BNB
2021-12-13,5,SOL
2021-12-13,6,DOT
2021-12-13,7,XRP
2021-12-13,8,AVAX
2021-12-13,9,ADA
2021-12-13,10,DOGE
2021-12-20,1,BTC
2021-12-20,2,ETH
2021-12-20,3,SHIB
2021-12-20,4,BNB
2021-12-20,5,SOL
2021-12-20,6,XRP
2021-12-20,7,DOT
2021-12-20,8,AVAX
2021-12-20,9,DOGE
2021-12-20,10,ADA
2021-12-27,1,BTC
2021-12-27,2,ETH
2021-12-27,3,SHIB
2021-12-27,4,BNB
2021-12-27,5,SOL
2021-12-27,6,XRP
2021-12-27,7,DOT
2021-12-27,8,AVAX
2021-12-27,9,SAND
2021-12-27,10,DOGE
2022-01-03,1,BTC
2022-01-03,2,ETH
2022-01-03,3,SHIB
2022-01-03,4,BNB
2022-01-03,5,SOL
2022-01-03,6,XRP
2022-01-03,7,DOT
2022-01-03,8,SAND
2022-01-03,9,LUNA
2022-01-03,10,AVAX
2022-01-10,1,BTC
2022-01-10,2,ETH
2022-01-10,3,BNB
2022-01-10,4,SHIB
2022-01-10,5,SOL
2022-01-10,6,XRP
2022-01-10,7,SAND
2022-01-10,8,DOT
2022-01-10,9,LUNA
2022-01-10,10,AVAX
2022-01-17,1,BTC
2022-01-17,2,ETH
2022-01-17,3,BNB
2022-01-17,4,SHIB
2022-01-17,5,SOL
2022-01-17,6,SAND
2022-01-17,7,LUNA
2022-01-17,8,DOT
2022-01-17,9,XRP
2022-01-17,10,AVAX
2022-01-24,1,BTC
2022-01-24,2,ETH
2022-01-24,3,BNB
2022-01-24,4,SHIB
2022-01-24,5,SOL
2022-01-24,6,SAND
2022-01-24,7,LUNA
2022-01-24,8,XRP
2022-01-24,9,DOT
2022-01-24,10,AVAX
2022-01-31,1,BTC
2022-01-31,2,ETH
2022-01-31,3,BNB
2022-01-31,4,SHIB
2022-01-31,5,LUNA
2022-01-31,6,SOL
2022-01-31,7,SAND
2022-01-31,8,XRP
2022-01-31,9,DOT
2022-01-31,10,AVAX
2022-02-07,1,BTC
2022-02-07,2,ETH
2022-02-07,3,BNB
2022-02-07,4,LUNA
2022-02-07,5,SOL
2022-02-07,6,SHIB
2022-02-07,7,SAND
2022-02-07,8,DOT
2022-02-07,9,XRP
2022-02-07,10,AVAX
2022-02-14,1,BTC
2022-02-14,2,ETH
2022-02-14,3,BNB
2022-02-14,4,LUNA
2022-02-14,5,SOL
2022-02-14,6,SHIB
2022-02-14,7,SAND
2022-02-14,8,DOT
2022-02-14,9,XRP
2022-02-14,10,AVAX
2022-02-21,1,BTC
2022-02-21,2,ETH
2022-02-21,3,BNB
2022-02-21,4,LUNA
2022-02-21,5,SOL
2022-02-21,6,SHIB
2022-02-21,7,SAND
2022-02-21,8,XRP
2022-02-21,9,DOT
2022-02-21,10,AVAX
2022-02-28,1,BTC
2022-02-28,2,ETH
2022-02-28,3,BNB
2022-02-28,4,LUNA
2022-02-28,5,SHIB
2022-02-28,6,SOL
2022-02-28,7,XRP
2022-02-28,8,SAND
2022-02-28,9,AVAX
2022-02-28,10,DOT
2022-03-07,1,BTC
2022-03-07,2,ETH
2022-03-07,3,LUNA
2022-03-07,4,BNB
2022-03-07,5,SOL
2022-03-07,6,SHIB
2022-03-07,7,XRP
2022-03-07,8,SAND
2022-03-07,9,AVAX
2022-03-07,10,DOT
2022-03-14,1,BTC
2022-03-14,2,ETH
2022-03-14,3,LUNA
2022-03-14,4,BNB
2022-03-14,5,SOL
2022-03-14,6,XRP
2022-03-14,7,SHIB
2022-03-14,8,AVAX
2022-03-14,9,SAND
2022-03-14,10,GALA
2022-03-21,1,BTC
2022-03-21,2,ETH
2022-03-21,3,LUNA
2022-03-21,4,BNB
2022-03-21,5,SOL
2022-03-21,6,XRP
2022-03-21,7,SHIB
2022-03-21,8,AVAX
2022-03-21,9,SAND
2022-03-21,10,GALA
2022-03-28,1,BTC
2022-03-28,2,ETH
2022-03-28,3,LUNA
2022-03-28,4,BNB
2022-03-28,5,SOL
2022-03-28,6,XRP
2022-03-28,7,SHIB
2022-03-28,8,AVAX
2022-03-28,9,GALA
2022-03-28,10,SAND
2022-04-04,1,BTC
2022-04-04,2,ETH
2022-04-04,3,LUNA
2022-04-04,4,BNB
2022-04-04,5,SOL
2022-04-04,6,XRP
2022-04-04,7,SHIB
2022-04-04,8,AVAX
2022-04-04,9,GALA
2022-04-04,10,SAND
2022-04-11,1,BTC
2022-04-11,2,ETH
2022-04-11,3,LUNA
2022-04-11,4,BNB
2022-04-11,5,SOL
2022-04-11,6,XRP
2022-04-11,7,AVAX
2022-04-11,8,SHIB
2022-04-11,9,GALA
2022-04-11,10,DOT
2022-04-18,1,BTC
2022-04-18,2,ETH
2022-04-18,3,LUNA
2022-04-18,4,BNB
2022-04-18,5,SOL
2022-04-18,6,XRP
2022-04-18,7,AVAX
2022-04-18,8,SHIB
2022-04-18,9,GALA
2022-04-18,10,DOT
2022-04-25,1,BTC
2022-04-25,2,ETH
2022-04-25,3,LUNA
2022-04-25,4,BNB
2022-04-25,5,SOL
2022-04-25,6,XRP
2022-04-25,7,AVAX
2022-04-25,8,SHIB
2022-04-25,9,GALA
2022-04-25,10,ADA
2022-05-02,1,BTC
2022-05-02,2,ETH
2022-05-02,3,LUNA
2022-05-02,4,BNB
2022-05-02,5,SOL
2022-05-02,6,XRP
2022-05-02,7,AVAX
2022-05-02,8,SHIB
2022-05-02,9,GALA
2022-05-02,10,NEAR
2022-05-09,1,BTC
2022-05-09,2,ETH
2022-05-09,3,LUNA
2022-05-09,4,BNB
2022-05-09,5,SOL
2022-05-09,6,XRP
2022-05-09,7,AVAX
2022-05-09,8,SHIB
2022-05-09,9,GALA
2022-05-09,10,NEAR
2022-05-16,1,BTC
2022-05-16,2,ETH
2022-05-16,3,LUNA
2022-05-16,4,BNB
2022-05-16,5,SOL
2022-05-16,6,XRP
2022-05-16,7,AVAX
2022-05-16,8,SHIB
2022-05-16,9,NEAR
2022-05-16,10,GALA
2022-05-23,1,BTC
2022-05-23,2,ETH
2022-05-23,3,BNB
2022-05-23,4,SOL
2022-05-23,5,XRP
2022-05-23,6,AVAX
2022-05-23,7,SHIB
2022-05-23,8,NEAR
2022-05-23,9,GALA
2022-05-23,10,ADA
2022-05-30,1,BTC
2022-05-30,2,ETH
2022-05-30,3,BNB
2022-05-30,4,SOL
2022-05-30,5,XRP
2022-05-30,6,AVAX
2022-05-30,7,NEAR
2022-05-30,8,SHIB
2022-05-30,9,DOGE
2022-05-30,10,ADA
2022-06-06,1,BTC
2022-06-06,2,ETH
2022-06-06,3,BNB
2022-06-06,4,SOL
2022-06-06,5,XRP
2022-06-06,6,AVAX
2022-06-06,7,NEAR
2022-06-06,8,SHIB
2022-06-06,9,DOGE
2022-06-06,10,ADA
2022-06-13,1,BTC
2022-06-13,2,ETH
2022-06-13,3,BNB
2022-06-13,4,SOL
2022-06-13,5,XRP
2022-06-13,6,AVAX
2022-06-13,7,NEAR
2022-06-13,8,ADA
2022-06-13,9,SHIB
2022-06-13,10,DOGE
2022-06-20,1,BTC
2022-06-20,2,ETH
2022-06-20,3,BNB
2022-06-20,4,SOL
2022-06-20,5,XRP
2022-06-20,6,AVAX
2022-06-20,7,NEAR
2022-06-20,8,ADA
2022-06-20,9,DOGE
2022-06-20,10,TRX
2022-06-27,1,BTC
2022-06-27,2,ETH
2022-06-27,3,BNB
2022-06-27,4,SOL
2022-06-27,5,LUNA
2022-06-27,6,XRP
2022-06-27,7,AVAX
2022-06-27,8,NEAR
2022-06-27,9,ADA
2022-06-27,10,DOGE
2022-07-04,1,BTC
2022-07-04,2,ETH
2022-07-04,3,BNB
2022-07-04,4,SOL
2022-07-04,5,XRP
2022-07-04,6,LUNA
2022-07-04,7,AVAX
2022-07-04,8,ADA
2022-07-04,9,NEAR
2022-07-04,10,DOGE
2022-07-11,1,BTC
2022-07-11,2,ETH
2022-07-11,3,BNB
2022-07-11,4,SOL
2022-07-11,5,XRP
2022-07-11,6,ADA
2022-07-11,7,AVAX
2022-07-11,8,SHIB
2022-07-11,9,LUNA
2022-07-11,10,TRX
2022-07-18,1,BTC
2022-07-18,2,ETH
2022-07-18,3,BNB
2022-07-18,4,SOL
2022-07-18,5,XRP
2022-07-18,6,ADA
2022-07-18,7,AVAX
2022-07-18,8,TRX
2022-07-18,9,SHIB
2022-07-18,10,NEAR
2022-07-25,1,BTC
2022-07-25,2,ETH
2022-07-25,3,SOL
2022-07-25,4,BNB
2022-07-25,5,XRP
2022-07-25,6,ADA
2022-07-25,7,AVAX
2022-07-25,8,TRX
2022-07-25,9,SHIB
2022-07-25,10,NEAR
2022-08-01,1,BTC
2022-08-01,2,ETH
2022-08-01,3,SOL
2022-08-01,4,BNB
2022-08-01,5,XRP
2022-08-01,6,ADA
2022-08-01,7,AVAX
2022-08-01,8,TRX
2022-08-01,9,SHIB
2022-08-01,10,DOGE
2022-08-08,1,BTC
2022-08-08,2,ETH
2022-08-08,3,SOL
2022-08-08,4,BNB
2022-08-08,5,XRP
2022-08-08,6,ADA
2022-08-08,7,AVAX
2022-08-08,8,TRX
2022-08-08,9,SHIB
2022-08-08,10,NEAR
2022-08-15,1,BTC
2022-08-15,2,ETH
2022-08-15,3,SOL
2022-08-15,4,BNB
2022-08-15,5,XRP
2022-08-15,6,ADA
2022-08-15,7,AVAX
2022-08-15,8,SHIB
2022-08-15,9,TRX
2022-08-15,10,DOGE
2022-08-22,1,BTC
2022-08-22,2,ETH
2022-08-22,3,SOL
2022-08-22,4,BNB
2022-08-22,5,XRP
2022-08-22,6,ADA
2022-08-22,7,AVAX
2022-08-22,8,SHIB
2022-08-22,9,DOGE
2022-08-22,10,NEAR
2022-08-29,1,BTC
2022-08-29,2,ETH
2022-08-29,3,SOL
2022-08-29,4,BNB
2022-08-29,5,XRP
2022-08-29,6,ADA
2022-08-29,7,AVAX
2022-08-29,8,SHIB
2022-08-29,9,DOGE
2022-08-29,10,NEAR
2022-09-05,1,BTC
2022-09-05,2,ETH
2022-09-05,3,SOL
2022-09-05,4,BNB
2022-09-05,5,ADA
2022-09-05,6,XRP
2022-09-05,7,AVAX
2022-09-05,8,ETC
2022-09-05,9,SHIB
2022-09-05,10,GMT
2022-09-12,1,BTC
2022-09-12,2,ETH
2022-09-12,3,SOL
2022-09-12,4,BNB
2022-09-12,5,ETC
2022-09-12,6,ADA
2022-09-12,7,XRP
2022-09-12,8,AVAX
2022-09-12,9,SHIB
2022-09-12,10,DOGE
2022-09-19,1,BTC
2022-09-19,2,ETH
2022-09-19,3,SOL
2022-09-19,4,BNB
2022-09-19,5,ETC
2022-09-19,6,XRP
2022-09-19,7,ADA
2022-09-19,8,AVAX
2022-09-19,9,SHIB
2022-09-19,10,APE
2022-09-26,1,BTC
2022-09-26,2,ETH
2022-09-26,3,SOL
2022-09-26,4,BNB
2022-09-26,5,ETC
2022-09-26,6,XRP
2022-09-26,7,ADA
2022-09-26,8,AVAX
2022-09-26,9,SHIB
2022-09-26,10,APE
2022-10-03,1,BTC
2022-10-03,2,ETH
2022-10-03,3,SOL
2022-10-03,4,BNB
2022-10-03,5,ETC
2022-10-03,6,XRP
2022-10-03,7,ADA
2022-10-03,8,SHIB
2022-10-03,9,AVAX
2022-10-03,10,ATOM
2022-10-10,1,BTC
2022-10-10,2,ETH
2022-10-10,3,SOL
2022-10-10,4,BNB
2022-10-10,5,ETC
2022-10-10,6,XRP
2022-10-10,7,ADA
2022-10-10,8,SHIB
2022-10-10,9,AVAX
2022-10-10,10,CHZ
2022-10-17,1,BTC
2022-10-17,2,ETH
2022-10-17,3,BNB
2022-10-17,4,SOL
2022-10-17,5,ETC
2022-10-17,6,XRP
2022-10-17,7,ADA
2022-10-17,8,CHZ
2022-10-17,9,SHIB
2022-10-17,10,AVAX
2022-10-24,1,BTC
2022-10-24,2,ETH
2022-10-24,3,BNB
2022-10-24,4,XRP
2022-10-24,5,SOL
2022-10-24,6,ETC
2022-10-24,7,ADA
2022-10-24,8,CHZ
2022-10-24,9,SHIB
2022-10-24,10,AVAX
2022-10-31,1,BTC
2022-10-31,2,ETH
2022-10-31,3,XRP
2022-10-31,4,BNB
2022-10-31,5,SOL
2022-10-31,6,ETC
2022-10-31,7,ADA
2022-10-31,8,CHZ
2022-10-31,9,SHIB
2022-10-31,10,ATOM
2022-11-07,1,BTC
2022-11-07,2,ETH
2022-11-07,3,XRP
2022-11-07,4,BNB
2022-11-07,5,SOL
2022-11-07,6,CHZ
2022-11-07,7,ETC
2022-11-07,8,ADA
2022-11-07,9,SHIB
2022-11-07,10,ATOM
2022-11-14,1,BTC
2022-11-14,2,ETH
2022-11-14,3,XRP
2022-11-14,4,BNB
2022-11-14,5,SOL
2022-11-14,6,CHZ
2022-11-14,7,ADA
2022-11-14,8,SHIB
2022-11-14,9,ETC
2022-11-14,10,ATOM
2022-11-21,1,BTC
2022-11-21,2,ETH
2022-11-21,3,XRP
2022-11-21,4,BNB
2022-11-21,5,SOL
2022-11-21,6,CHZ
2022-11-21,7,ADA
2022-11-21,8,SHIB
2022-11-21,9,ATOM
2022-11-21,10,ETC
2022-11-28,1,BTC
2022-11-28,2,ETH
2022-11-28,3,XRP
2022-11-28,4,BNB
2022-11-28,5,SOL
2022-11-28,6,CHZ
2022-11-28,7,ADA
2022-11-28,8,SHIB
2022-11-28,9,DOGE
2022-11-28,10,ATOM
2022-12-05,1,BTC
2022-12-05,2,ETH
2022-12-05,3,XRP
2022-12-05,4,BNB
2022-12-05,5,SOL
2022-12-05,6,CHZ
2022-12-05,7,DOGE
2022-12-05,8,ADA
2022-12-05,9,SHIB
2022-12-05,10,LINK
2022-12-12,1,BTC
2022-12-12,2,ETH
2022-12-12,3,XRP
2022-12-12,4,BNB
2022-12-12,5,DOGE
2022-12-12,6,SOL
2022-12-12,7,CHZ
2022-12-12,8,LINK
2022-12-12,9,ADA
2022-12-12,10,SHIB
2022-12-19,1,BTC
2022-12-19,2,ETH
2022-12-19,3,XRP
2022-12-19,4,DOGE
2022-12-19,5,BNB
2022-12-19,6,SOL
2022-12-19,7,CHZ
2022-12-19,8,LINK
2022-12-19,9,ADA
2022-12-19,10,SHIB
2022-12-26,1,BTC
2022-12-26,2,ETH
2022-12-26,3,XRP
2022-12-26,4,DOGE
2022-12-26,5,BNB
2022-12-26,6,SOL
2022-12-26,7,CHZ
2022-12-26,8,LTC
2022-12-26,9,ADA
2022-12-26,10,SHIB
2023-01-02,1,BTC
2023-01-02,2,ETH
2023-01-02,3,XRP
2023-01-02,4,DOGE
2023-01-02,5,BNB
2023-01-02,6,SOL
2023-01-02,7,LTC
2023-01-02,8,CHZ
2023-01-02,9,ADA
2023-01-02,10,LINK
2023-01-09,1,BTC
2023-01-09,2,ETH
2023-01-09,3,XRP
2023-01-09,4,DOGE
2023-01-09,5,BNB
2023-01-09,6,SOL
2023-01-09,7,LTC
2023-01-09,8,ADA
2023-01-09,9,LINK
2023-01-09,10,CHZ
2023-01-16,1,BTC
2023-01-16,2,ETH
2023-01-16,3,XRP
2023-01-16,4,DOGE
2023-01-16,5,BNB
2023-01-16,6,SOL
2023-01-16,7,LTC
2023-01-16,8,ADA
2023-01-16,9,SHIB
2023-01-16,10,LINK
2023-01-23,1,BTC
2023-01-23,2,ETH
2023-01-23,3,XRP
2023-01-23,4,DOGE
2023-01-23,5,BNB
2023-01-23,6,SOL
2023-01-23,7,LTC
2023-01-23,8,ADA
2023-01-23,9,SHIB
2023-01-23,10,LINK
2023-01-30,1,BTC
2023-01-30,2,ETH
2023-01-30,3,XRP
2023-01-30,4,DOGE
2023-01-30,5,BNB
2023-01-30,6,SOL
2023-01-30,7,LTC
2023-01-30,8,ADA
2023-01-30,9,SHIB
2023-01-30,10,LINK
2023-02-06,1,BTC
2023-02-06,2,ETH
2023-02-06,3,XRP
2023-02-06,4,DOGE
2023-02-06,5,BNB
2023-02-06,6,SOL
2023-02-06,7,LTC
2023-02-06,8,SHIB
2023-02-06,9,ADA
2023-02-06,10,LINK
2023-02-13,1,BTC
2023-02-13,2,ETH
2023-02-13,3,XRP
2023-02-13,4,DOGE
2023-02-13,5,BNB
2023-02-13,6,SOL
2023-02-13,7,LTC
2023-02-13,8,SHIB
2023-02-13,9,LINK
2023-02-13,10,ADA
2023-02-20,1,BTC
2023-02-20,2,ETH
2023-02-20,3,XRP
2023-02-20,4,DOGE
2023-02-20,5,BNB
2023-02-20,6,SOL
2023-02-20,7,LTC
2023-02-20,8,SHIB
2023-02-20,9,ADA
2023-02-20,10,OP
2023-02-27,1,BTC
2023-02-27,2,ETH
2023-02-27,3,XRP
2023-02-27,4,SOL
2023-02-27,5,BNB
2023-02-27,6,DOGE
2023-02-27,7,LTC
2023-02-27,8,SHIB
2023-02-27,9,OP
2023-02-27,10,ADA
2023-03-06,1,BTC
2023-03-06,2,ETH
2023-03-06,3,XRP
2023-03-06,4,SOL
2023-03-06,5,BNB
2023-03-06,6,DOGE
2023-03-06,7,LTC
2023-03-06,8,SHIB
2023-03-06,9,OP
2023-03-06,10,LDO
2023-03-13,1,BTC
2023-03-13,2,ETH
2023-03-13,3,XRP
2023-03-13,4,SOL
2023-03-13,5,BNB
2023-03-13,6,DOGE
2023-03-13,7,OP
2023-03-13,8,LTC
2023-03-13,9,SHIB
2023-03-13,10,LDO
2023-03-20,1,BTC
2023-03-20,2,ETH
2023-03-20,3,XRP
2023-03-20,4,SOL
2023-03-20,5,BNB
2023-03-20,6,DOGE
2023-03-20,7,OP
2023-03-20,8,SHIB
2023-03-20,9,LTC
2023-03-20,10,LDO
2023-03-27,1,BTC
2023-03-27,2,ETH
2023-03-27,3,XRP
2023-03-27,4,SOL
2023-03-27,5,BNB
2023-03-27,6,DOGE
2023-03-27,7,OP
2023-03-27,8,SHIB
2023-03-27,9,LTC
2023-03-27,10,LDO
2023-04-03,1,BTC
2023-04-03,2,ETH
2023-04-03,3,XRP
2023-04-03,4,SOL
2023-04-03,5,BNB
2023-04-03,6,DOGE
2023-04-03,7,OP
2023-04-03,8,SHIB
2023-04-03,9,LTC
2023-04-03,10,LDO
2023-04-10,1,BTC
2023-04-10,2,ETH
2023-04-10,3,XRP
2023-04-10,4,SOL
2023-04-10,5,BNB
2023-04-10,6,DOGE
2023-04-10,7,OP
2023-04-10,8,SHIB
2023-04-10,9,CFX
2023-04-10,10,LTC
2023-04-17,1,BTC
2023-04-17,2,ETH
2023-04-17,3,XRP
2023-04-17,4,SOL
2023-04-17,5,BNB
2023-04-17,6,APT
2023-04-17,7,DOGE
2023-04-17,8,CFX
2023-04-17,9,OP
2023-04-17,10,LTC
2023-04-24,1,BTC
2023-04-24,2,ETH
2023-04-24,3,XRP
2023-04-24,4,BNB
2023-04-24,5,SOL
2023-04-24,6,DOGE
2023-04-24,7,APT
2023-04-24,8,CFX
2023-04-24,9,LTC
2023-04-24,10,OP
2023-05-01,1,BTC
2023-05-01,2,ETH
2023-05-01,3,XRP
2023-05-01,4,BNB
2023-05-01,5,SOL
2023-05-01,6,DOGE
2023-05-01,7,CFX
2023-05-01,8,APT
2023-05-01,9,LTC
2023-05-01,10,OP
2023-05-08,1,BTC
2023-05-08,2,ETH
2023-05-08,3,XRP
2023-05-08,4,BNB
2023-05-08,5,SOL
2023-05-08,6,DOGE
2023-05-08,7,CFX
2023-05-08,8,LTC
2023-05-08,9,APT
2023-05-08,10,OP
2023-05-15,1,BTC
2023-05-15,2,ETH
2023-05-15,3,XRP
2023-05-15,4,BNB
2023-05-15,5,SOL
2023-05-15,6,CFX
2023-05-15,7,DOGE
2023-05-15,8,LTC
2023-05-15,9,APT
2023-05-15,10,ADA
2023-05-22,1,BTC
2023-05-22,2,ETH
2023-05-22,3,XRP
2023-05-22,4,BNB
2023-05-22,5,SOL
2023-05-22,6,CFX
2023-05-22,7,DOGE
2023-05-22,8,LTC
2023-05-22,9,APT
2023-05-22,10,ADA
2023-05-29,1,BTC
2023-05-29,2,ETH
2023-05-29,3,XRP
2023-05-29,4,BNB
2023-05-29,5,SOL
2023-05-29,6,CFX
2023-05-29,7,DOGE
2023-05-29,8,LTC
2023-05-29,9,APT
2023-05-29,10,ADA
2023-06-05,1,BTC
2023-06-05,2,ETH
2023-06-05,3,XRP
2023-06-05,4,BNB
2023-06-05,5,SOL
2023-06-05,6,LTC
2023-06-05,7,DOGE
2023-06-05,8,CFX
2023-06-05,9,APT
2023-06-05,10,ADA
2023-06-12,1,BTC
2023-06-12,2,ETH
2023-06-12,3,XRP
2023-06-12,4,BNB
2023-06-12,5,SOL
2023-06-12,6,LTC
2023-06-12,7,DOGE
2023-06-12,8,CFX
2023-06-12,9,ADA
2023-06-12,10,APT
2023-06-19,1,BTC
2023-06-19,2,ETH
2023-06-19,3,XRP
2023-06-19,4,BNB
2023-06-19,5,SOL
2023-06-19,6,LTC
2023-06-19,7,DOGE
2023-06-19,8,CFX
2023-06-19,9,ADA
2023-06-19,10,APT
2023-06-26,1,BTC
2023-06-26,2,ETH
2023-06-26,3,XRP
2023-06-26,4,BNB
2023-06-26,5,SOL
2023-06-26,6,LTC
2023-06-26,7,DOGE
2023-06-26,8,CFX
2023-06-26,9,ADA
2023-06-26,10,APT
2023-07-03,1,BTC
2023-07-03,2,ETH
2023-07-03,3,XRP
2023-07-03,4,BNB
2023-07-03,5,SOL
2023-07-03,6,LTC
2023-07-03,7,DOGE
2023-07-03,8,CFX
2023-07-03,9,ADA
2023-07-03,10,APT
2023-07-10,1,BTC
2023-07-10,2,ETH
2023-07-10,3,XRP
2023-07-10,4,BNB
2023-07-10,5,SOL
2023-07-10,6,LTC
2023-07-10,7,DOGE
2023-07-10,8,CFX
2023-07-10,9,ADA
2023-07-10,10,APT
2023-07-17,1,BTC
2023-07-17,2,ETH
2023-07-17,3,XRP
2023-07-17,4,BNB
2023-07-17,5,SOL
2023-07-17,6,LTC
2023-07-17,7,DOGE
2023-07-17,8,CFX
2023-07-17,9,ADA
2023-07-17,10,APT
2023-07-24,1,BTC
2023-07-24,2,ETH
2023-07-24,3,XRP
2023-07-24,4,BNB
2023-07-24,5,SOL
2023-07-24,6,LTC
2023-07-24,7,DOGE
2023-07-24,8,ADA
2023-07-24,9,CFX
2023-07-24,10,OP
2023-07-31,1,BTC
2023-07-31,2,ETH
2023-07-31,3,XRP
2023-07-31,4,BNB
2023-07-31,5,SOL
2023-07-31,6,LTC
2023-07-31,7,DOGE
2023-07-31,8,ADA
2023-07-31,9,CFX
2023-07-31,10,OP
2023-08-07,1,BTC
2023-08-07,2,ETH
2023-08-07,3,XRP
2023-08-07,4,BNB
2023-08-07,5,SOL
2023-08-07,6,LTC
2023-08-07,7,DOGE
2023-08-07,8,ADA
2023-08-07,9,OP
2023-08-07,10,CFX
2023-08-14,1,BTC
2023-08-14,2,ETH
2023-08-14,3,XRP
2023-08-14,4,BNB
2023-08-14,5,SOL
2023-08-14,6,LTC
2023-08-14,7,DOGE
2023-08-14,8,ADA
2023-08-14,9,OP
2023-08-14,10,SHIB
2023-08-21,1,BTC
2023-08-21,2,ETH
2023-08-21,3,XRP
2023-08-21,4,BNB
2023-08-21,5,SOL
2023-08-21,6,LTC
2023-08-21,7,DOGE
2023-08-21,8,ADA
2023-08-21,9,OP
2023-08-21,10,BCH
2023-08-28,1,BTC
2023-08-28,2,ETH
2023-08-28,3,XRP
2023-08-28,4,BNB
2023-08-28,5,SOL
2023-08-28,6,LTC
2023-08-28,7,DOGE
2023-08-28,8,OP
2023-08-28,9,ADA
2023-08-28,10,BCH
2023-09-04,1,BTC
2023-09-04,2,ETH
2023-09-04,3,XRP
2023-09-04,4,BNB
2023-09-04,5,SOL
2023-09-04,6,LTC
2023-09-04,7,DOGE
2023-09-04,8,BCH
2023-09-04,9,ADA
2023-09-04,10,OP
2023-09-11,1,BTC
2023-09-11,2,ETH
2023-09-11,3,XRP
2023-09-11,4,BNB
2023-09-11,5,SOL
2023-09-11,6,LTC
2023-09-11,7,DOGE
2023-09-11,8,BCH
2023-09-11,9,OP
2023-09-11,10,ADA
2023-09-18,1,BTC
2023-09-18,2,ETH
2023-09-18,3,XRP
2023-09-18,4,BNB
2023-09-18,5,SOL
2023-09-18,6,LTC
2023-09-18,7,DOGE
2023-09-18,8,BCH
2023-09-18,9,OP
2023-09-18,10,SHIB
2023-09-25,1,BTC
2023-09-25,2,ETH
2023-09-25,3,XRP
2023-09-25,4,BNB
2023-09-25,5,SOL
2023-09-25,6,LTC
2023-09-25,7,DOGE
2023-09-25,8,ARB
2023-09-25,9,BCH
2023-09-25,10,OP
2023-10-02,1,BTC
2023-10-02,2,ETH
2023-10-02,3,XRP
2023-10-02,4,BNB
2023-10-02,5,SOL
2023-10-02,6,DOGE
2023-10-02,7,LTC
2023-10-02,8,ARB
2023-10-02,9,BCH
2023-10-02,10,LINK
2023-10-09,1,BTC
2023-10-09,2,ETH
2023-10-09,3,XRP
2023-10-09,4,BNB
2023-10-09,5,SOL
2023-10-09,6,DOGE
2023-10-09,7,LTC
2023-10-09,8,ARB
2023-10-09,9,LINK
2023-10-09,10,BCH
2023-10-16,1,BTC
2023-10-16,2,ETH
2023-10-16,3,XRP
2023-10-16,4,BNB
2023-10-16,5,SOL
2023-10-16,6,DOGE
2023-10-16,7,LTC
2023-10-16,8,ARB
2023-10-16,9,LINK
2023-10-16,10,BCH
2023-10-23,1,BTC
2023-10-23,2,ETH
2023-10-23,3,XRP
2023-10-23,4,BNB
2023-10-23,5,SOL
2023-10-23,6,LTC
2023-10-23,7,DOGE
2023-10-23,8,ARB
2023-10-23,9,LINK
2023-10-23,10,BCH
2023-10-30,1,BTC
2023-10-30,2,ETH
2023-10-30,3,XRP
2023-10-30,4,BNB
2023-10-30,5,SOL
2023-10-30,6,LTC
2023-10-30,7,DOGE
2023-10-30,8,ARB
2023-10-30,9,LINK
2023-10-30,10,BCH
2023-11-06,1,BTC
2023-11-06,2,ETH
2023-11-06,3,XRP
2023-11-06,4,BNB
2023-11-06,5,SOL
2023-11-06,6,LINK
2023-11-06,7,LTC
2023-11-06,8,DOGE
2023-11-06,9,ARB
2023-11-06,10,BCH
2023-11-13,1,BTC
2023-11-13,2,ETH
2023-11-13,3,XRP
2023-11-13,4,BNB
2023-11-13,5,SOL
2023-11-13,6,LINK
2023-11-13,7,LTC
2023-11-13,8,ARB
2023-11-13,9,DOGE
2023-11-13,10,RUNE
2023-11-20,1,BTC
2023-11-20,2,ETH
2023-11-20,3,XRP
2023-11-20,4,SOL
2023-11-20,5,BNB
2023-11-20,6,LINK
2023-11-20,7,ARB
2023-11-20,8,DOGE
2023-11-20,9,LTC
2023-11-20,10,TRB
2023-11-27,1,BTC
2023-11-27,2,ETH
2023-11-27,3,XRP
2023-11-27,4,SOL
2023-11-27,5,BNB
2023-11-27,6,LINK
2023-11-27,7,DOGE
2023-11-27,8,ARB
2023-11-27,9,LTC
2023-11-27,10,RUNE
2023-12-04,1,BTC
2023-12-04,2,ETH
2023-12-04,3,SOL
2023-12-04,4,XRP
2023-12-04,5,BNB
2023-12-04,6,LINK
2023-12-04,7,DOGE
2023-12-04,8,ARB
2023-12-04,9,RUNE
2023-12-04,10,LTC
2023-12-11,1,BTC
2023-12-11,2,ETH
2023-12-11,3,SOL
2023-12-11,4,XRP
2023-12-11,5,BNB
2023-12-11,6,LINK
2023-12-11,7,DOGE
2023-12-11,8,RUNE
2023-12-11,9,ARB
2023-12-11,10,AVAX
2023-12-18,1,BTC
2023-12-18,2,ETH
2023-12-18,3,SOL
2023-12-18,4,XRP
2023-12-18,5,BNB
2023-12-18,6,DOGE
2023-12-18,7,LINK
2023-12-18,8,RUNE
2023-12-18,9,ARB
2023-12-18,10,AVAX
2023-12-25,1,BTC
2023-12-25,2,ETH
2023-12-25,3,SOL
2023-12-25,4,XRP
2023-12-25,5,BNB
2023-12-25,6,DOGE
2023-12-25,7,LINK
2023-12-25,8,AVAX
2023-12-25,9,RUNE
2023-12-25,10,ARB
2024-01-01,1,BTC
2024-01-01,2,ETH
2024-01-01,3,SOL
2024-01-01,4,XRP
2024-01-01,5,BNB
2024-01-01,6,LINK
2024-01-01,7,DOGE
2024-01-01,8,AVAX
2024-01-01,9,RUNE
2024-01-01,10,ARB
2024-01-08,1,BTC
2024-01-08,2,ETH
2024-01-08,3,SOL
2024-01-08,4,XRP
2024-01-08,5,BNB
2024-01-08,6,LINK
2024-01-08,7,DOGE
2024-01-08,8,AVAX
2024-01-08,9,RUNE
2024-01-08,10,ARB
2024-01-15,1,BTC
2024-01-15,2,ETH
2024-01-15,3,SOL
2024-01-15,4,XRP
2024-01-15,5,BNB
2024-01-15,6,AVAX
2024-01-15,7,LINK
2024-01-15,8,DOGE
2024-01-15,9,ARB
2024-01-15,10,RUNE
2024-01-22,1,BTC
2024-01-22,2,ETH
2024-01-22,3,SOL
2024-01-22,4,XRP
2024-01-22,5,BNB
2024-01-22,6,AVAX
2024-01-22,7,DOGE
2024-01-22,8,LINK
2024-01-22,9,ARB
2024-01-22,10,RUNE
2024-01-29,1,BTC
2024-01-29,2,ETH
2024-01-29,3,SOL
2024-01-29,4,XRP
2024-01-29,5,BNB
2024-01-29,6,AVAX
2024-01-29,7,DOGE
2024-01-29,8,LINK
2024-01-29,9,ARB
2024-01-29,10,RUNE
2024-02-05,1,BTC
2024-02-05,2,ETH
2024-02-05,3,SOL
2024-02-05,4,BNB
2024-02-05,5,XRP
2024-02-05,6,AVAX
2024-02-05,7,ARB
2024-02-05,8,LINK
2024-02-05,9,DOGE
2024-02-05,10,RUNE
2024-02-12,1,BTC
2024-02-12,2,ETH
2024-02-12,3,SOL
2024-02-12,4,BNB
2024-02-12,5,XRP
2024-02-12,6,AVAX
2024-02-12,7,ARB
2024-02-12,8,LINK
2024-02-12,9,DOGE
2024-02-12,10,SEI
2024-02-19,1,BTC
2024-02-19,2,ETH
2024-02-19,3,SOL
2024-02-19,4,BNB
2024-02-19,5,XRP
2024-02-19,6,AVAX
2024-02-19,7,ARB
2024-02-19,8,LINK
2024-02-19,9,SEI
2024-02-19,10,DOGE
2024-02-26,1,BTC
2024-02-26,2,ETH
2024-02-26,3,SOL
2024-02-26,4,BNB
2024-02-26,5,XRP
2024-02-26,6,ARB
2024-02-26,7,AVAX
2024-02-26,8,LINK
2024-02-26,9,SEI
2024-02-26,10,DOGE
2024-03-04,1,BTC
2024-03-04,2,ETH
2024-03-04,3,SOL
2024-03-04,4,BNB
2024-03-04,5,XRP
2024-03-04,6,AVAX
2024-03-04,7,ARB
2024-03-04,8,LINK
2024-03-04,9,SEI
2024-03-04,10,ADA
2024-03-11,1,BTC
2024-03-11,2,ETH
2024-03-11,3,SOL
2024-03-11,4,BNB
2024-03-11,5,XRP
2024-03-11,6,ARB
2024-03-11,7,AVAX
2024-03-11,8,SEI
2024-03-11,9,LINK
2024-03-11,10,SUI
2024-03-18,1,BTC
2024-03-18,2,ETH
2024-03-18,3,SOL
2024-03-18,4,BNB
2024-03-18,5,XRP
2024-03-18,6,ARB
2024-03-18,7,AVAX
2024-03-18,8,SEI
2024-03-18,9,SUI
2024-03-18,10,LINK
2024-03-25,1,BTC
2024-03-25,2,ETH
2024-03-25,3,SOL
2024-03-25,4,BNB
2024-03-25,5,XRP
2024-03-25,6,ARB
2024-03-25,7,AVAX
2024-03-25,8,SUI
2024-03-25,9,SEI
2024-03-25,10,LINK
2024-04-01,1,BTC
2024-04-01,2,ETH
2024-04-01,3,SOL
2024-04-01,4,BNB
2024-04-01,5,XRP
2024-04-01,6,ARB
2024-04-01,7,AVAX
2024-04-01,8,DOGE
2024-04-01,9,SUI
2024-04-01,10,LINK
2024-04-08,1,BTC
2024-04-08,2,ETH
2024-04-08,3,SOL
2024-04-08,4,BNB
2024-04-08,5,XRP
2024-04-08,6,DOGE
2024-04-08,7,ARB
2024-04-08,8,AVAX
2024-04-08,9,SUI
2024-04-08,10,LINK
2024-04-15,1,BTC
2024-04-15,2,ETH
2024-04-15,3,SOL
2024-04-15,4,DOGE
2024-04-15,5,BNB
2024-04-15,6,XRP
2024-04-15,7,PEPE
2024-04-15,8,ARB
2024-04-15,9,SHIB
2024-04-15,10,AVAX
2024-04-22,1,BTC
2024-04-22,2,ETH
2024-04-22,3,SOL
2024-04-22,4,DOGE
2024-04-22,5,BNB
2024-04-22,6,XRP
2024-04-22,7,PEPE
2024-04-22,8,SHIB
2024-04-22,9,ARB
2024-04-22,10,WLD
2024-04-29,1,BTC
2024-04-29,2,ETH
2024-04-29,3,SOL
2024-04-29,4,DOGE
2024-04-29,5,BNB
2024-04-29,6,PEPE
2024-04-29,7,XRP
2024-04-29,8,SHIB
2024-04-29,9,WLD
2024-04-29,10,NEAR
2024-05-06,1,BTC
2024-05-06,2,ETH
2024-05-06,3,SOL
2024-05-06,4,DOGE
2024-05-06,5,BNB
2024-05-06,6,PEPE
2024-05-06,7,XRP
2024-05-06,8,SHIB
2024-05-06,9,WLD
2024-05-06,10,NEAR
2024-05-13,1,BTC
2024-05-13,2,ETH
2024-05-13,3,SOL
2024-05-13,4,DOGE
2024-05-13,5,PEPE
2024-05-13,6,BNB
2024-05-13,7,XRP
2024-05-13,8,SHIB
2024-05-13,9,WLD
2024-05-13,10,NEAR
2024-05-20,1,BTC
2024-05-20,2,ETH
2024-05-20,3,SOL
2024-05-20,4,DOGE
2024-05-20,5,PEPE
2024-05-20,6,BNB
2024-05-20,7,XRP
2024-05-20,8,SHIB
2024-05-20,9,WLD
2024-05-20,10,NEAR
2024-05-27,1,BTC
2024-05-27,2,ETH
2024-05-27,3,SOL
2024-05-27,4,PEPE
2024-05-27,5,DOGE
2024-05-27,6,BNB
2024-05-27,7,XRP
2024-05-27,8,SHIB
2024-05-27,9,NEAR
2024-05-27,10,WLD
2024-06-03,1,BTC
2024-06-03,2,ETH
2024-06-03,3,SOL
2024-06-03,4,PEPE
2024-06-03,5,DOGE
2024-06-03,6,BNB
2024-06-03,7,XRP
2024-06-03,8,SHIB
2024-06-03,9,NEAR
2024-06-03,10,WLD
2024-06-10,1,BTC
2024-06-10,2,ETH
2024-06-10,3,SOL
2024-06-10,4,PEPE
2024-06-10,5,DOGE
2024-06-10,6,BNB
2024-06-10,7,XRP
2024-06-10,8,SHIB
2024-06-10,9,NEAR
2024-06-10,10,FLOKI
2024-06-17,1,BTC
2024-06-17,2,ETH
2024-06-17,3,SOL
2024-06-17,4,PEPE
2024-06-17,5,BNB
2024-06-17,6,DOGE
2024-06-17,7,XRP
2024-06-17,8,SHIB
2024-06-17,9,NEAR
2024-06-17,10,FLOKI
2024-06-24,1,BTC
2024-06-24,2,ETH
2024-06-24,3,SOL
2024-06-24,4,PEPE
2024-06-24,5,BNB
2024-06-24,6,DOGE
2024-06-24,7,XRP
2024-06-24,8,SHIB
2024-06-24,9,NEAR
2024-06-24,10,FLOKI
2024-07-01,1,BTC
2024-07-01,2,ETH
2024-07-01,3,SOL
2024-07-01,4,PEPE
2024-07-01,5,DOGE
2024-07-01,6,BNB
2024-07-01,7,XRP
2024-07-01,8,SHIB
2024-07-01,9,NEAR
2024-07-01,10,FLOKI
2024-07-08,1,BTC
2024-07-08,2,ETH
2024-07-08,3,SOL
2024-07-08,4,PEPE
2024-07-08,5,DOGE
2024-07-08,6,BNB
2024-07-08,7,XRP
2024-07-08,8,SHIB
2024-07-08,9,FLOKI
2024-07-08,10,NEAR
2024-07-15,1,BTC
2024-07-15,2,ETH
2024-07-15,3,SOL
2024-07-15,4,PEPE
2024-07-15,5,BNB
2024-07-15,6,XRP
2024-07-15,7,DOGE
2024-07-15,8,SHIB
2024-07-15,9,BONK
2024-07-15,10,FLOKI
2024-07-22,1,BTC
2024-07-22,2,ETH
2024-07-22,3,SOL
2024-07-22,4,PEPE
2024-07-22,5,XRP
2024-07-22,6,BNB
2024-07-22,7,DOGE
2024-07-22,8,BONK
2024-07-22,9,SHIB
2024-07-22,10,FLOKI
2024-07-29,1,BTC
2024-07-29,2,ETH
2024-07-29,3,SOL
2024-07-29,4,PEPE
2024-07-29,5,XRP
2024-07-29,6,BNB
2024-07-29,7,DOGE
2024-07-29,8,BONK
2024-07-29,9,FLOKI
2024-07-29,10,PEOPLE
2024-08-05,1,BTC
2024-08-05,2,ETH
2024-08-05,3,SOL
2024-08-05,4,PEPE
2024-08-05,5,XRP
2024-08-05,6,BNB
2024-08-05,7,DOGE
2024-08-05,8,PEOPLE
2024-08-05,9,BONK
2024-08-05,10,FLOKI
2024-08-12,1,BTC
2024-08-12,2,ETH
2024-08-12,3,SOL
2024-08-12,4,PEPE
2024-08-12,5,XRP
2024-08-12,6,BNB
2024-08-12,7,DOGE
2024-08-12,8,PEOPLE
2024-08-12,9,FLOKI
2024-08-12,10,BONK
2024-08-19,1,BTC
2024-08-19,2,ETH
2024-08-19,3,SOL
2024-08-19,4,PEPE
2024-08-19,5,XRP
2024-08-19,6,BNB
2024-08-19,7,DOGE
2024-08-19,8,BONK
2024-08-19,9,FLOKI
2024-08-19,10,PEOPLE
2024-08-26,1,BTC
2024-08-26,2,ETH
2024-08-26,3,SOL
2024-08-26,4,PEPE
2024-08-26,5,XRP
2024-08-26,6,BNB
2024-08-26,7,DOGE
2024-08-26,8,1000SATS
2024-08-26,9,FLOKI
2024-08-26,10,BONK
2024-09-02,1,BTC
2024-09-02,2,ETH
2024-09-02,3,SOL
2024-09-02,4,PEPE
2024-09-02,5,WIF
2024-09-02,6,XRP
2024-09-02,7,BNB
2024-09-02,8,DOGE
2024-09-02,9,1000SATS
2024-09-02,10,FLOKI
2024-09-09,1,BTC
2024-09-09,2,ETH
2024-09-09,3,SOL
2024-09-09,4,PEPE
2024-09-09,5,WIF
2024-09-09,6,XRP
2024-09-09,7,BNB
2024-09-09,8,DOGE
2024-09-09,9,1000SATS
2024-09-09,10,FLOKI
2024-09-16,1,BTC
2024-09-16,2,ETH
2024-09-16,3,SOL
2024-09-16,4,PEPE
2024-09-16,5,XRP
2024-09-16,6,WIF
2024-09-16,7,BNB
2024-09-16,8,1000SATS
2024-09-16,9,DOGE
2024-09-16,10,BOME
2024-09-23,1,BTC
2024-09-23,2,ETH
2024-09-23,3,SOL
2024-09-23,4,PEPE
2024-09-23,5,XRP
2024-09-23,6,WIF
2024-09-23,7,BNB
2024-09-23,8,1000SATS
2024-09-23,9,DOGE
2024-09-23,10,BOME
2024-09-30,1,BTC
2024-09-30,2,ETH
2024-09-30,3,SOL
2024-09-30,4,PEPE
2024-09-30,5,XRP
2024-09-30,6,WIF
2024-09-30,7,BNB
2024-09-30,8,1000SATS
2024-09-30,9,DOGE
2024-09-30,10,SUI
2024-10-07,1,BTC
2024-10-07,2,ETH
2024-10-07,3,SOL
2024-10-07,4,PEPE
2024-10-07,5,XRP
2024-10-07,6,WIF
2024-10-07,7,BNB
2024-10-07,8,1000SATS
2024-10-07,9,DOGE
2024-10-07,10,SUI
2024-10-14,1,BTC
2024-10-14,2,ETH
2024-10-14,3,SOL
2024-10-14,4,PEPE
2024-10-14,5,WIF
2024-10-14,6,XRP
2024-10-14,7,BNB
2024-10-14,8,1000SATS
2024-10-14,9,SUI
2024-10-14,10,DOGE
2024-10-21,1,BTC
2024-10-21,2,ETH
2024-10-21,3,SOL
2024-10-21,4,PEPE
2024-10-21,5,WIF
2024-10-21,6,XRP
2024-10-21,7,BNB
2024-10-21,8,SUI
2024-10-21,9,DOGE
2024-10-21,10,1000SATS
2024-10-28,1,BTC
2024-10-28,2,ETH
2024-10-28,3,SOL
2024-10-28,4,PEPE
2024-10-28,5,WIF
2024-10-28,6,XRP
2024-10-28,7,BNB
2024-10-28,8,SUI
2024-10-28,9,DOGE
2024-10-28,10,1000SATS
2024-11-04,1,BTC
2024-11-04,2,ETH
2024-11-04,3,SOL
2024-11-04,4,PEPE
2024-11-04,5,WIF
2024-11-04,6,XRP
2024-11-04,7,BNB
2024-11-04,8,SUI
2024-11-04,9,DOGE
2024-11-04,10,1000SATS
2024-11-11,1,BTC
2024-11-11,2,ETH
2024-11-11,3,SOL
2024-11-11,4,PEPE
2024-11-11,5,SUI
2024-11-11,6,WIF
2024-11-11,7,BNB
2024-11-11,8,XRP
2024-11-11,9,DOGE
2024-11-11,10,FET
2024-11-18,1,BTC
2024-11-18,2,ETH
2024-11-18,3,SOL
2024-11-18,4,PEPE
2024-11-18,5,SUI
2024-11-18,6,WIF
2024-11-18,7,BNB
2024-11-18,8,XRP
2024-11-18,9,DOGE
2024-11-18,10,FET
2024-11-25,1,BTC
2024-11-25,2,ETH
2024-11-25,3,SOL
2024-11-25,4,PEPE
2024-11-25,5,SUI
2024-11-25,6,WIF
2024-11-25,7,BNB
2024-11-25,8,DOGE
2024-11-25,9,XRP
2024-11-25,10,FET
2024-12-02,1,BTC
2024-12-02,2,ETH
2024-12-02,3,SOL
2024-12-02,4,PEPE
2024-12-02,5,DOGE
2024-12-02,6,SUI
2024-12-02,7,WIF
2024-12-02,8,BNB
2024-12-02,9,XRP
2024-12-02,10,SHIB
2024-12-09,1,BTC
2024-12-09,2,ETH
2024-12-09,3,SOL
2024-12-09,4,PEPE
2024-12-09,5,DOGE
2024-12-09,6,SUI
2024-12-09,7,WIF
2024-12-09,8,BNB
2024-12-09,9,XRP
2024-12-09,10,SHIB
2024-12-16,1,BTC
2024-12-16,2,ETH
2024-12-16,3,SOL
2024-12-16,4,PEPE
2024-12-16,5,DOGE
2024-12-16,6,SUI
2024-12-16,7,BNB
2024-12-16,8,WIF
2024-12-16,9,XRP
2024-12-16,10,SHIB
2024-12-23,1,BTC
2024-12-23,2,ETH
2024-12-23,3,SOL
2024-12-23,4,DOGE
2024-12-23,5,PEPE
2024-12-23,6,XRP
2024-12-23,7,SUI
2024-12-23,8,BNB
2024-12-23,9,WIF
2024-12-23,10,SHIB
2024-12-30,1,BTC
2024-12-30,2,ETH
2024-12-30,3,SOL
2024-12-30,4,DOGE
2024-12-30,5,XRP
2024-12-30,6,PEPE
2024-12-30,7,SUI
2024-12-30,8,BNB
2024-12-30,9,WIF
2024-12-30,10,ADA
2025-01-06,1,BTC
2025-01-06,2,ETH
2025-01-06,3,SOL
2025-01-06,4,DOGE
2025-01-06,5,XRP
2025-01-06,6,PEPE
2025-01-06,7,SUI
2025-01-06,8,BNB
2025-01-06,9,ADA
2025-01-06,10,WIF
2025-01-13,1,BTC
2025-01-13,2,ETH
2025-01-13,3,SOL
2025-01-13,4,DOGE
2025-01-13,5,XRP
2025-01-13,6,PEPE
2025-01-13,7,SUI
2025-01-13,8,BNB
2025-01-13,9,ADA
2025-01-13,10,WIF
2025-01-20,1,BTC
2025-01-20,2,ETH
2025-01-20,3,XRP
2025-01-20,4,SOL
2025-01-20,5,DOGE
2025-01-20,6,PEPE
2025-01-20,7,SUI
2025-01-20,8,BNB
2025-01-20,9,ADA
2025-01-20,10,TRX
2025-01-27,1,BTC
2025-01-27,2,ETH
2025-01-27,3,XRP
2025-01-27,4,SOL
2025-01-27,5,DOGE
2025-01-27,6,PEPE
2025-01-27,7,SUI
2025-01-27,8,BNB
2025-01-27,9,ADA
2025-01-27,10,TRX
2025-02-03,1,BTC
2025-02-03,2,ETH
2025-02-03,3,XRP
2025-02-03,4,SOL
2025-02-03,5,DOGE
2025-02-03,6,PEPE
2025-02-03,7,SUI
2025-02-03,8,BNB
2025-02-03,9,ADA
2025-02-03,10,TRX
2025-02-10,1,BTC
2025-02-10,2,ETH
2025-02-10,3,XRP
2025-02-10,4,SOL
2025-02-10,5,DOGE
2025-02-10,6,PEPE
2025-02-10,7,SUI
2025-02-10,8,BNB
2025-02-10,9,ADA
2025-02-10,10,TRX
2025-02-17,1,BTC
2025-02-17,2,ETH
2025-02-17,3,XRP
2025-02-17,4,SOL
2025-02-17,5,DOGE
2025-02-17,6,PEPE
2025-02-17,7,SUI
2025-02-17,8,BNB
2025-02-17,9,ADA
2025-02-17,10,TRX
2025-02-24,1,BTC
2025-02-24,2,ETH
2025-02-24,3,XRP
2025-02-24,4,SOL
2025-02-24,5,DOGE
2025-02-24,6,PEPE
2025-02-24,7,SUI
2025-02-24,8,BNB
2025-02-24,9,ADA
2025-02-24,10,TRX
2025-03-03,1,BTC
2025-03-03,2,ETH
2025-03-03,3,XRP
2025-03-03,4,SOL
2025-03-03,5,DOGE
2025-03-03,6,SUI
2025-03-03,7,PEPE
2025-03-03,8,BNB
2025-03-03,9,ADA
2025-03-03,10,TRX
2025-03-10,1,BTC
2025-03-10,2,ETH
2025-03-10,3,XRP
2025-03-10,4,SOL
2025-03-10,5,DOGE
2025-03-10,6,SUI
2025-03-10,7,PEPE
2025-03-10,8,BNB
2025-03-10,9,ADA
2025-03-10,10,TRX
2025-03-17,1,BTC
2025-03-17,2,ETH
2025-03-17,3,SOL
2025-03-17,4,XRP
2025-03-17,5,DOGE
2025-03-17,6,SUI
2025-03-17,7,PEPE
2025-03-17,8,BNB
2025-03-17,9,ADA
2025-03-17,10,TRX
2025-03-24,1,BTC
2025-03-24,2,ETH
2025-03-24,3,SOL
2025-03-24,4,XRP
2025-03-24,5,DOGE
2025-03-24,6,SUI
2025-03-24,7,BNB
2025-03-24,8,PEPE
2025-03-24,9,ADA
2025-03-24,10,TRX
2025-03-31,1,BTC
2025-03-31,2,ETH
2025-03-31,3,SOL
2025-03-31,4,XRP
2025-03-31,5,DOGE
2025-03-31,6,SUI
2025-03-31,7,BNB
2025-03-31,8,PEPE
2025-03-31,9,ADA
2025-03-31,10,TRX
2025-04-07,1,BTC
2025-04-07,2,ETH
2025-04-07,3,SOL
2025-04-07,4,XRP
2025-04-07,5,DOGE
2025-04-07,6,SUI
2025-04-07,7,BNB
2025-04-07,8,PEPE
2025-04-07,9,ADA
2025-04-07,10,TRX
2025-04-14,1,BTC
2025-04-14,2,ETH
2025-04-14,3,SOL
2025-04-14,4,XRP
2025-04-14,5,DOGE
2025-04-14,6,SUI
2025-04-14,7,BNB
2025-04-14,8,PEPE
2025-04-14,9,ADA
2025-04-14,10,TRX
2025-04-21,1,BTC
2025-04-21,2,ETH
2025-04-21,3,SOL
2025-04-21,4,XRP
2025-04-21,5,DOGE
2025-04-21,6,SUI
2025-04-21,7,BNB
2025-04-21,8,PEPE
2025-04-21,9,ADA
2025-04-21,10,TRX
2025-04-28,1,BTC
2025-04-28,2,ETH
2025-04-28,3,SOL
2025-04-28,4,XRP
2025-04-28,5,DOGE
2025-04-28,6,SUI
2025-04-28,7,BNB
2025-04-28,8,PEPE
2025-04-28,9,TRX
2025-04-28,10,ADA
2025-05-05,1,BTC
2025-05-05,2,ETH
2025-05-05,3,SOL
2025-05-05,4,XRP
2025-05-05,5,SUI
2025-05-05,6,DOGE
2025-05-05,7,BNB
2025-05-05,8,PEPE
2025-05-05,9,TRX
2025-05-05,10,ADA
2025-05-12,1,BTC
2025-05-12,2,ETH
2025-05-12,3,SOL
2025-05-12,4,XRP
2025-05-12,5,SUI
2025-05-12,6,DOGE
2025-05-12,7,BNB
2025-05-12,8,PEPE
2025-05-12,9,ADA
2025-05-12,10,TRX
2025-05-19,1,BTC
2025-05-19,2,ETH
2025-05-19,3,SOL
2025-05-19,4,XRP
2025-05-19,5,SUI
2025-05-19,6,DOGE
2025-05-19,7,PEPE
2025-05-19,8,BNB
2025-05-19,9,TRX
2025-05-19,10,ADA
2025-05-26,1,BTC
2025-05-26,2,ETH
2025-05-26,3,SOL
2025-05-26,4,XRP
2025-05-26,5,SUI
2025-05-26,6,DOGE
2025-05-26,7,PEPE
2025-05-26,8,BNB
2025-05-26,9,TRX
2025-05-26,10,ADA
2025-06-02,1,BTC
2025-06-02,2,ETH
2025-06-02,3,SOL
2025-06-02,4,XRP
2025-06-02,5,SUI
2025-06-02,6,PEPE
2025-06-02,7,DOGE
2025-06-02,8,BNB
2025-06-02,9,TRX
2025-06-02,10,ADA
2025-06-09,1,BTC
2025-06-09,2,ETH
2025-06-09,3,SOL
2025-06-09,4,XRP
2025-06-09,5,PEPE
2025-06-09,6,SUI
2025-06-09,7,DOGE
2025-06-09,8,BNB
2025-06-09,9,TRX
2025-06-09,10,ADA
2025-06-16,1,BTC
2025-06-16,2,ETH
2025-06-16,3,SOL
2025-06-16,4,XRP
2025-06-16,5,PEPE
2025-06-16,6,SUI
2025-06-16,7,DOGE
2025-06-16,8,BNB
2025-06-16,9,TRX
2025-06-16,10,ADA
2025-06-23,1,BTC
2025-06-23,2,ETH
2025-06-23,3,SOL
2025-06-23,4,XRP
2025-06-23,5,PEPE
2025-06-23,6,SUI
2025-06-23,7,DOGE
2025-06-23,8,BNB
2025-06-23,9,TRX
2025-06-23,10,ADA
2025-06-30,1,BTC
2025-06-30,2,ETH
2025-06-30,3,SOL
2025-06-30,4,XRP
2025-06-30,5,PEPE
2025-06-30,6,SUI
2025-06-30,7,DOGE
2025-06-30,8,BNB
2025-06-30,9,TRX
2025-06-30,10,ADA
2025-07-07,1,BTC
2025-07-07,2,ETH
2025-07-07,3,SOL
2025-07-07,4,XRP
2025-07-07,5,SUI
2025-07-07,6,PEPE
2025-07-07,7,DOGE
2025-07-07,8,BNB
2025-07-07,9,TRX
2025-07-07,10,ADA
2025-07-14,1,BTC
2025-07-14,2,ETH
2025-07-14,3,SOL
2025-07-14,4,XRP
2025-07-14,5,PEPE
2025-07-14,6,SUI
2025-07-14,7,DOGE
2025-07-14,8,BNB
2025-07-14,9,TRX
2025-07-14,10,ADA
2025-07-21,1,BTC
2025-07-21,2,ETH
2025-07-21,3,SOL
2025-07-21,4,XRP
2025-07-21,5,PEPE
2025-07-21,6,SUI
2025-07-21,7,DOGE
2025-07-21,8,BNB
2025-07-21,9,TRX
2025-07-21,10,TRUMP
2025-07-28,1,BTC
2025-07-28,2,ETH
2025-07-28,3,SOL
2025-07-28,4,XRP
2025-07-28,5,PEPE
2025-07-28,6,SUI
2025-07-28,7,DOGE
2025-07-28,8,BNB
2025-07-28,9,TRX
2025-07-28,10,ADA
2025-08-04,1,ETH
2025-08-04,2,BTC
2025-08-04,3,SOL
2025-08-04,4,XRP
2025-08-04,5,PEPE
2025-08-04,6,DOGE
2025-08-04,7,SUI
2025-08-04,8,BNB
2025-08-04,9,TRX
2025-08-04,10,ADA
2025-08-11,1,ETH
2025-08-11,2,BTC
2025-08-11,3,SOL
2025-08-11,4,XRP
2025-08-11,5,PEPE
2025-08-11,6,DOGE
2025-08-11,7,SUI
2025-08-11,8,BNB
2025-08-11,9,TRX
2025-08-11,10,ADA
2025-08-18,1,ETH
2025-08-18,2,BTC
2025-08-18,3,SOL
2025-08-18,4,XRP
2025-08-18,5,PEPE
2025-08-18,6,DOGE
2025-08-18,7,SUI
2025-08-18,8,BNB
2025-08-18,9,TRX
2025-08-18,10,ADA
2025-08-25,1,ETH
2025-08-25,2,BTC
2025-08-25,3,SOL
2025-08-25,4,XRP
2025-08-25,5,DOGE
2025-08-25,6,PEPE
2025-08-25,7,SUI
2025-08-25,8,BNB
2025-08-25,9,TRX
2025-08-25,10,ADA
2025-09-01,1,ETH
2025-09-01,2,BTC
2025-09-01,3,SOL
2025-09-01,4,XRP
2025-09-01,5,DOGE
2025-09-01,6,PEPE
2025-09-01,7,SUI
2025-09-01,8,BNB
2025-09-01,9,TRX
2025-09-01,10,ADA
2025-09-08,1,ETH
2025-09-08,2,BTC
2025-09-08,3,SOL
2025-09-08,4,XRP
2025-09-08,5,DOGE
2025-09-08,6,PEPE
2025-09-08,7,SUI
2025-09-08,8,TRX
2025-09-08,9,BNB
2025-09-08,10,ENA
2025-09-15,1,ETH
2025-09-15,2,BTC
2025-09-15,3,SOL
2025-09-15,4,XRP
2025-09-15,5,DOGE
2025-09-15,6,SUI
2025-09-15,7,BNB
2025-09-15,8,PEPE
2025-09-15,9,TRX
2025-09-15,10,ENA
2025-09-22,1,ETH
2025-09-22,2,BTC
2025-09-22,3,SOL
2025-09-22,4,XRP
2025-09-22,5,DOGE
2025-09-22,6,BNB
2025-09-22,7,SUI
2025-09-22,8,PEPE
2025-09-22,9,TRX
2025-09-22,10,ENA
2025-09-29,1,ETH
2025-09-29,2,BTC
2025-09-29,3,SOL
2025-09-29,4,XRP
2025-09-29,5,DOGE
2025-09-29,6,BNB
2025-09-29,7,SUI
2025-09-29,8,ENA
2025-09-29,9,TRX
2025-09-29,10,PEPE
2025-10-06,1,ETH
2025-10-06,2,BTC
2025-10-06,3,SOL
2025-10-06,4,XRP
2025-10-06,5,DOGE
2025-10-06,6,BNB
2025-10-06,7,SUI
2025-10-06,8,ENA
2025-10-06,9,TRX
2025-10-06,10,ADA
2025-10-13,1,ETH
2025-10-13,2,BTC
2025-10-13,3,SOL
2025-10-13,4,XRP
2025-10-13,5,DOGE
2025-10-13,6,BNB
2025-10-13,7,SUI
2025-10-13,8,ENA
2025-10-13,9,TRX
2025-10-13,10,ADA
2025-10-20,1,ETH
2025-10-20,2,BTC
2025-10-20,3,SOL
2025-10-20,4,XRP
2025-10-20,5,DOGE
2025-10-20,6,BNB
2025-10-20,7,SUI
2025-10-20,8,ENA
2025-10-20,9,TRX
2025-10-20,10,ADA
2025-10-27,1,ETH
2025-10-27,2,BTC
2025-10-27,3,SOL
2025-10-27,4,XRP
2025-10-27,5,DOGE
2025-10-27,6,BNB
2025-10-27,7,SUI
2025-10-27,8,ENA
2025-10-27,9,TRX
2025-10-27,10,ADA
2025-11-03,1,ETH
2025-11-03,2,BTC
2025-11-03,3,SOL
2025-11-03,4,XRP
2025-11-03,5,DOGE
2025-11-03,6,BNB
2025-11-03,7,SUI
2025-11-03,8,TRX
2025-11-03,9,ADA
2025-11-03,10,ENA
2025-11-10,1,ETH
2025-11-10,2,BTC
2025-11-10,3,SOL
2025-11-10,4,XRP
2025-11-10,5,BNB
2025-11-10,6,DOGE
2025-11-10,7,SUI
2025-11-10,8,ADA
2025-11-10,9,TRX
2025-11-10,10,LINK
2025-11-17,1,ETH
2025-11-17,2,BTC
2025-11-17,3,SOL
2025-11-17,4,XRP
2025-11-17,5,BNB
2025-11-17,6,DOGE
2025-11-17,7,SUI
2025-11-17,8,TRX
2025-11-17,9,ADA
2025-11-17,10,ZEC
2025-11-24,1,ETH
2025-11-24,2,BTC
2025-11-24,3,SOL
2025-11-24,4,XRP
2025-11-24,5,BNB
2025-11-24,6,DOGE
2025-11-24,7,ZEC
2025-11-24,8,SUI
2025-11-24,9,TRX
2025-11-24,10,ADA
2025-12-01,1,BTC
2025-12-01,2,ETH
2025-12-01,3,SOL
2025-12-01,4,XRP
2025-12-01,5,BNB
2025-12-01,6,DOGE
2025-12-01,7,ZEC
2025-12-01,8,SUI
2025-12-01,9,TRX
2025-12-01,10,ADA
2025-12-08,1,BTC
2025-12-08,2,ETH
2025-12-08,3,SOL
2025-12-08,4,XRP
2025-12-08,5,BNB
2025-12-08,6,DOGE
2025-12-08,7,ZEC
2025-12-08,8,SUI
2025-12-08,9,TRX
2025-12-08,10,ADA
2025-12-15,1,BTC
2025-12-15,2,ETH
2025-12-15,3,SOL
2025-12-15,4,BNB
2025-12-15,5,XRP
2025-12-15,6,ZEC
2025-12-15,7,DOGE
2025-12-15,8,SUI
2025-12-15,9,TRX
2025-12-15,10,ADA
2025-12-22,1,BTC
2025-12-22,2,ETH
2025-12-22,3,SOL
2025-12-22,4,BNB
2025-12-22,5,XRP
2025-12-22,6,ZEC
2025-12-22,7,DOGE
2025-12-22,8,SUI
2025-12-22,9,TRX
2025-12-22,10,ADA
2025-12-29,1,BTC
2025-12-29,2,ETH
2025-12-29,3,SOL
2025-12-29,4,XRP
2025-12-29,5,BNB
2025-12-29,6,ZEC
2025-12-29,7,DOGE
2025-12-29,8,SUI
2025-12-29,9,TRX
2025-12-29,10,ADA
2026-01-05,1,BTC
2026-01-05,2,ETH
2026-01-05,3,SOL
2026-01-05,4,XRP
2026-01-05,5,ZEC
2026-01-05,6,BNB
2026-01-05,7,DOGE
2026-01-05,8,SUI
2026-01-05,9,TRX
2026-01-05,10,ADA
2026-01-12,1,BTC
2026-01-12,2,ETH
2026-01-12,3,SOL
2026-01-12,4,XRP
2026-01-12,5,ZEC
2026-01-12,6,BNB
2026-01-12,7,DOGE
2026-01-12,8,SUI
2026-01-12,9,TRX
2026-01-12,10,ADA
2026-01-19,1,BTC
2026-01-19,2,ETH
2026-01-19,3,SOL
2026-01-19,4,XRP
2026-01-19,5,ZEC
2026-01-19,6,BNB
2026-01-19,7,DOGE
2026-01-19,8,SUI
2026-01-19,9,TRX
2026-01-19,10,ADA
2026-01-26,1,BTC
2026-01-26,2,ETH
2026-01-26,3,SOL
2026-01-26,4,XRP
2026-01-26,5,ZEC
2026-01-26,6,BNB
2026-01-26,7,DOGE
2026-01-26,8,SUI
2026-01-26,9,TRX
2026-01-26,10,ADA
2026-02-02,1,BTC
2026-02-02,2,ETH
2026-02-02,3,SOL
2026-02-02,4,XRP
2026-02-02,5,ZEC
2026-02-02,6,BNB
2026-02-02,7,DOGE
2026-02-02,8,SUI
2026-02-02,9,TRX
2026-02-02,10,ADA
2026-02-09,1,BTC
2026-02-09,2,ETH
2026-02-09,3,SOL
2026-02-09,4,XRP
2026-02-09,5,ZEC
2026-02-09,6,BNB
2026-02-09,7,DOGE
2026-02-09,8,SUI
2026-02-09,9,TRX
2026-02-09,10,ADA
2026-02-16,1,BTC
2026-02-16,2,ETH
2026-02-16,3,SOL
2026-02-16,4,XRP
2026-02-16,5,ZEC
2026-02-16,6,BNB
2026-02-16,7,DOGE
2026-02-16,8,SUI
2026-02-16,9,TRX
2026-02-16,10,ADA
2026-02-23,1,BTC
2026-02-23,2,ETH
2026-02-23,3,SOL
2026-02-23,4,XRP
2026-02-23,5,ZEC
2026-02-23,6,BNB
2026-02-23,7,DOGE
2026-02-23,8,SUI
2026-02-23,9,TRX
2026-02-23,10,ADA
2026-03-02,1,BTC
2026-03-02,2,ETH
2026-03-02,3,SOL
2026-03-02,4,XRP
2026-03-02,5,BNB
2026-03-02,6,ZEC
2026-03-02,7,DOGE
2026-03-02,8,SUI
2026-03-02,9,TRX
2026-03-02,10,ADA
2026-03-09,1,BTC
2026-03-09,2,ETH
2026-03-09,3,SOL
2026-03-09,4,XRP
2026-03-09,5,BNB
2026-03-09,6,ZEC
2026-03-09,7,DOGE
2026-03-09,8,TRX
2026-03-09,9,SUI
2026-03-09,10,ADA
2026-03-16,1,BTC
2026-03-16,2,ETH
2026-03-16,3,SOL
2026-03-16,4,XRP
2026-03-16,5,BNB
2026-03-16,6,DOGE
2026-03-16,7,ZEC
2026-03-16,8,TRX
2026-03-16,9,SUI
2026-03-16,10,PEPE
2026-03-23,1,BTC
2026-03-23,2,ETH
2026-03-23,3,SOL
2026-03-23,4,XRP
2026-03-23,5,BNB
2026-03-23,6,DOGE
2026-03-23,7,ZEC
2026-03-23,8,TRX
2026-03-23,9,SUI
2026-03-23,10,PEPE
2026-03-30,1,BTC
2026-03-30,2,ETH
2026-03-30,3,SOL
2026-03-30,4,XRP
2026-03-30,5,BNB
2026-03-30,6,DOGE
2026-03-30,7,ZEC
2026-03-30,8,TRX
2026-03-30,9,SUI
2026-03-30,10,PEPE
2026-04-06,1,BTC
2026-04-06,2,ETH
2026-04-06,3,SOL
2026-04-06,4,XRP
2026-04-06,5,BNB
2026-04-06,6,DOGE
2026-04-06,7,ZEC
2026-04-06,8,TRX
2026-04-06,9,SUI
2026-04-06,10,PEPE
2026-04-13,1,BTC
2026-04-13,2,ETH
2026-04-13,3,SOL
2026-04-13,4,XRP
2026-04-13,5,BNB
2026-04-13,6,DOGE
2026-04-13,7,ZEC
2026-04-13,8,TRX
2026-04-13,9,SUI
2026-04-13,10,PEPE
2026-04-20,1,BTC
2026-04-20,2,ETH
2026-04-20,3,SOL
2026-04-20,4,XRP
2026-04-20,5,BNB
2026-04-20,6,DOGE
2026-04-20,7,ZEC
2026-04-20,8,TRX
2026-04-20,9,SUI
2026-04-20,10,PEPE
2026-04-27,1,BTC
2026-04-27,2,ETH
2026-04-27,3,SOL
2026-04-27,4,XRP
2026-04-27,5,DOGE
2026-04-27,6,BNB
2026-04-27,7,ZEC
2026-04-27,8,TRX
2026-04-27,9,PEPE
2026-04-27,10,ADA
2026-05-04,1,BTC
2026-05-04,2,ETH
2026-05-04,3,SOL
2026-05-04,4,XRP
2026-05-04,5,DOGE
2026-05-04,6,BNB
2026-05-04,7,ZEC
2026-05-04,8,TRX
2026-05-04,9,PEPE
2026-05-04,10,ADA
2026-05-11,1,BTC
2026-05-11,2,ETH
2026-05-11,3,SOL
2026-05-11,4,XRP
2026-05-11,5,DOGE
2026-05-11,6,BNB
2026-05-11,7,ZEC
2026-05-11,8,TRX
2026-05-11,9,PEPE
2026-05-11,10,ADA
2026-05-18,1,BTC
2026-05-18,2,ETH
2026-05-18,3,SOL
2026-05-18,4,XRP
2026-05-18,5,DOGE
2026-05-18,6,BNB
2026-05-18,7,ZEC
2026-05-18,8,TRX
2026-05-18,9,PEPE
2026-05-18,10,TAO
2026-05-25,1,BTC
2026-05-25,2,ETH
2026-05-25,3,SOL
2026-05-25,4,XRP
2026-05-25,5,DOGE
2026-05-25,6,BNB
2026-05-25,7,ZEC
2026-05-25,8,TRX
2026-05-25,9,PEPE
2026-05-25,10,TAO
2026-06-01,1,BTC
2026-06-01,2,ETH
2026-06-01,3,SOL
2026-06-01,4,XRP
2026-06-01,5,DOGE
2026-06-01,6,ZEC
2026-06-01,7,BNB
2026-06-01,8,TRX
2026-06-01,9,TAO
2026-06-01,10,SUI
2026-06-08,1,BTC
2026-06-08,2,ETH
2026-06-08,3,SOL
2026-06-08,4,XRP
2026-06-08,5,ZEC
2026-06-08,6,DOGE
2026-06-08,7,BNB
2026-06-08,8,TRX
2026-06-08,9,TAO
2026-06-08,10,SUI
2026-06-15,1,BTC
2026-06-15,2,ETH
2026-06-15,3,SOL
2026-06-15,4,XRP
2026-06-15,5,ZEC
2026-06-15,6,BNB
2026-06-15,7,DOGE
2026-06-15,8,TRX
2026-06-15,9,TAO
2026-06-15,10,SUI
2026-06-22,1,BTC
2026-06-22,2,ETH
2026-06-22,3,SOL
2026-06-22,4,XRP
2026-06-22,5,ZEC
2026-06-22,6,BNB
2026-06-22,7,DOGE
2026-06-22,8,TRX
2026-06-22,9,TAO
2026-06-22,10,SUI
