candidate,method,universe,dynamic_budget,fold,test_groups,fold_sharpe
equal_weight__btc_eth__static,equal_weight,btc_eth,False,0,"0,1",1.7998025478565458
equal_weight__btc_eth__static,equal_weight,btc_eth,False,1,"0,2",0.17093614699019088
equal_weight__btc_eth__static,equal_weight,btc_eth,False,2,"0,3",-0.26892983453285574
equal_weight__btc_eth__static,equal_weight,btc_eth,False,3,"0,4",0.5450584356021864
equal_weight__btc_eth__static,equal_weight,btc_eth,False,4,"0,5",0.4194142059256709
equal_weight__btc_eth__static,equal_weight,btc_eth,False,5,"1,2",1.7479699457956568
equal_weight__btc_eth__static,equal_weight,btc_eth,False,6,"1,3",0.9879684126785878
equal_weight__btc_eth__static,equal_weight,btc_eth,False,7,"1,4",2.194226532422501
equal_weight__btc_eth__static,equal_weight,btc_eth,False,8,"1,5",2.0992569884216246
equal_weight__btc_eth__static,equal_weight,btc_eth,False,9,"2,3",-0.5941757859782042
equal_weight__btc_eth__static,equal_weight,btc_eth,False,10,"2,4",0.23494473848261296
equal_weight__btc_eth__static,equal_weight,btc_eth,False,11,"2,5",0.048336217435910815
equal_weight__btc_eth__static,equal_weight,btc_eth,False,12,"3,4",-0.34198030839001925
equal_weight__btc_eth__static,equal_weight,btc_eth,False,13,"3,5",-0.4547284382798156
equal_weight__btc_eth__static,equal_weight,btc_eth,False,14,"4,5",0.764738685890744
equal_weight__btc_eth__dynamic,equal_weight,btc_eth,True,0,"0,1",1.4717442892903476
equal_weight__btc_eth__dynamic,equal_weight,btc_eth,True,1,"0,2",-0.42707282885286957
equal_weight__btc_eth__dynamic,equal_weight,btc_eth,True,2,"0,3",-0.3141543985803852
equal_weight__btc_eth__dynamic,equal_weight,btc_eth,True,3,"0,4",-0.19140567792948682
equal_weight__btc_eth__dynamic,equal_weight,btc_eth,True,4,"0,5",-0.19140567792948682
equal_weight__btc_eth__dynamic,equal_weight,btc_eth,True,5,"1,2",1.4947751049174134
equal_weight__btc_eth__dynamic,equal_weight,btc_eth,True,6,"1,3",1.648894330395073
equal_weight__btc_eth__dynamic,equal_weight,btc_eth,True,7,"1,4",1.7167771210531686
equal_weight__btc_eth__dynamic,equal_weight,btc_eth,True,8,"1,5",1.7167771210531686
equal_weight__btc_eth__dynamic,equal_weight,btc_eth,True,9,"2,3",-0.6624990897104382
equal_weight__btc_eth__dynamic,equal_weight,btc_eth,True,10,"2,4",-0.4885427109030174
equal_weight__btc_eth__dynamic,equal_weight,btc_eth,True,11,"2,5",-0.4885427109030174
equal_weight__btc_eth__dynamic,equal_weight,btc_eth,True,12,"3,4",-0.7359800721939869
equal_weight__btc_eth__dynamic,equal_weight,btc_eth,True,13,"3,5",-0.7359800721939869
equal_weight__btc_eth__dynamic,equal_weight,btc_eth,True,14,"4,5",
equal_weight__btc_eth_cash__static,equal_weight,btc_eth_cash,False,0,"0,1",1.7998025478565458
equal_weight__btc_eth_cash__static,equal_weight,btc_eth_cash,False,1,"0,2",0.17093614699019088
equal_weight__btc_eth_cash__static,equal_weight,btc_eth_cash,False,2,"0,3",-0.26892983453285574
equal_weight__btc_eth_cash__static,equal_weight,btc_eth_cash,False,3,"0,4",0.5450584356021864
equal_weight__btc_eth_cash__static,equal_weight,btc_eth_cash,False,4,"0,5",0.4194142059256709
equal_weight__btc_eth_cash__static,equal_weight,btc_eth_cash,False,5,"1,2",1.7479699457956568
equal_weight__btc_eth_cash__static,equal_weight,btc_eth_cash,False,6,"1,3",0.9879684126785878
equal_weight__btc_eth_cash__static,equal_weight,btc_eth_cash,False,7,"1,4",2.194226532422501
equal_weight__btc_eth_cash__static,equal_weight,btc_eth_cash,False,8,"1,5",2.0992569884216246
equal_weight__btc_eth_cash__static,equal_weight,btc_eth_cash,False,9,"2,3",-0.5941757859782042
equal_weight__btc_eth_cash__static,equal_weight,btc_eth_cash,False,10,"2,4",0.23494473848261296
equal_weight__btc_eth_cash__static,equal_weight,btc_eth_cash,False,11,"2,5",0.048336217435910815
equal_weight__btc_eth_cash__static,equal_weight,btc_eth_cash,False,12,"3,4",-0.34198030839001925
equal_weight__btc_eth_cash__static,equal_weight,btc_eth_cash,False,13,"3,5",-0.4547284382798156
equal_weight__btc_eth_cash__static,equal_weight,btc_eth_cash,False,14,"4,5",0.764738685890744
equal_weight__btc_eth_cash__dynamic,equal_weight,btc_eth_cash,True,0,"0,1",1.4717442892903476
equal_weight__btc_eth_cash__dynamic,equal_weight,btc_eth_cash,True,1,"0,2",-0.42707282885286957
equal_weight__btc_eth_cash__dynamic,equal_weight,btc_eth_cash,True,2,"0,3",-0.3141543985803852
equal_weight__btc_eth_cash__dynamic,equal_weight,btc_eth_cash,True,3,"0,4",-0.19140567792948682
equal_weight__btc_eth_cash__dynamic,equal_weight,btc_eth_cash,True,4,"0,5",-0.19140567792948682
equal_weight__btc_eth_cash__dynamic,equal_weight,btc_eth_cash,True,5,"1,2",1.4947751049174134
equal_weight__btc_eth_cash__dynamic,equal_weight,btc_eth_cash,True,6,"1,3",1.648894330395073
equal_weight__btc_eth_cash__dynamic,equal_weight,btc_eth_cash,True,7,"1,4",1.7167771210531686
equal_weight__btc_eth_cash__dynamic,equal_weight,btc_eth_cash,True,8,"1,5",1.7167771210531686
equal_weight__btc_eth_cash__dynamic,equal_weight,btc_eth_cash,True,9,"2,3",-0.6624990897104382
equal_weight__btc_eth_cash__dynamic,equal_weight,btc_eth_cash,True,10,"2,4",-0.4885427109030174
equal_weight__btc_eth_cash__dynamic,equal_weight,btc_eth_cash,True,11,"2,5",-0.4885427109030174
equal_weight__btc_eth_cash__dynamic,equal_weight,btc_eth_cash,True,12,"3,4",-0.7359800721939869
equal_weight__btc_eth_cash__dynamic,equal_weight,btc_eth_cash,True,13,"3,5",-0.7359800721939869
equal_weight__btc_eth_cash__dynamic,equal_weight,btc_eth_cash,True,14,"4,5",
volatility_targeting__btc_eth__static,volatility_targeting,btc_eth,False,0,"0,1",1.6250790134541468
volatility_targeting__btc_eth__static,volatility_targeting,btc_eth,False,1,"0,2",-0.009775392421295798
volatility_targeting__btc_eth__static,volatility_targeting,btc_eth,False,2,"0,3",-0.3983348657796082
volatility_targeting__btc_eth__static,volatility_targeting,btc_eth,False,3,"0,4",0.4224300900254787
volatility_targeting__btc_eth__static,volatility_targeting,btc_eth,False,4,"0,5",0.2595911077742015
volatility_targeting__btc_eth__static,volatility_targeting,btc_eth,False,5,"1,2",1.7437148455425693
volatility_targeting__btc_eth__static,volatility_targeting,btc_eth,False,6,"1,3",0.9519930432018315
volatility_targeting__btc_eth__static,volatility_targeting,btc_eth,False,7,"1,4",2.1493378005199446
volatility_targeting__btc_eth__static,volatility_targeting,btc_eth,False,8,"1,5",2.0659178443302064
volatility_targeting__btc_eth__static,volatility_targeting,btc_eth,False,9,"2,3",-0.5199553297744002
volatility_targeting__btc_eth__static,volatility_targeting,btc_eth,False,10,"2,4",0.41346295286885415
volatility_targeting__btc_eth__static,volatility_targeting,btc_eth,False,11,"2,5",0.20342862164058348
volatility_targeting__btc_eth__static,volatility_targeting,btc_eth,False,12,"3,4",-0.19470438003816445
volatility_targeting__btc_eth__static,volatility_targeting,btc_eth,False,13,"3,5",-0.3395228982902871
volatility_targeting__btc_eth__static,volatility_targeting,btc_eth,False,14,"4,5",0.8513940170202415
volatility_targeting__btc_eth__dynamic,volatility_targeting,btc_eth,True,0,"0,1",1.486250331507595
volatility_targeting__btc_eth__dynamic,volatility_targeting,btc_eth,True,1,"0,2",-0.50055206708941
volatility_targeting__btc_eth__dynamic,volatility_targeting,btc_eth,True,2,"0,3",-0.3409376561925283
volatility_targeting__btc_eth__dynamic,volatility_targeting,btc_eth,True,3,"0,4",-0.22038759546953823
volatility_targeting__btc_eth__dynamic,volatility_targeting,btc_eth,True,4,"0,5",-0.22038759546953823
volatility_targeting__btc_eth__dynamic,volatility_targeting,btc_eth,True,5,"1,2",1.5033330051371305
volatility_targeting__btc_eth__dynamic,volatility_targeting,btc_eth,True,6,"1,3",1.6755008746454199
volatility_targeting__btc_eth__dynamic,volatility_targeting,btc_eth,True,7,"1,4",1.7414086263052142
volatility_targeting__btc_eth__dynamic,volatility_targeting,btc_eth,True,8,"1,5",1.7414086263052142
volatility_targeting__btc_eth__dynamic,volatility_targeting,btc_eth,True,9,"2,3",-0.7662338724897609
volatility_targeting__btc_eth__dynamic,volatility_targeting,btc_eth,True,10,"2,4",-0.5916085820742978
volatility_targeting__btc_eth__dynamic,volatility_targeting,btc_eth,True,11,"2,5",-0.5916085820742978
volatility_targeting__btc_eth__dynamic,volatility_targeting,btc_eth,True,12,"3,4",-0.7359800721939869
volatility_targeting__btc_eth__dynamic,volatility_targeting,btc_eth,True,13,"3,5",-0.7359800721939869
volatility_targeting__btc_eth__dynamic,volatility_targeting,btc_eth,True,14,"4,5",
volatility_targeting__btc_eth_cash__static,volatility_targeting,btc_eth_cash,False,0,"0,1",1.6250790134541468
volatility_targeting__btc_eth_cash__static,volatility_targeting,btc_eth_cash,False,1,"0,2",-0.009775392421295798
volatility_targeting__btc_eth_cash__static,volatility_targeting,btc_eth_cash,False,2,"0,3",-0.3983348657796082
volatility_targeting__btc_eth_cash__static,volatility_targeting,btc_eth_cash,False,3,"0,4",0.4224300900254787
volatility_targeting__btc_eth_cash__static,volatility_targeting,btc_eth_cash,False,4,"0,5",0.2595911077742015
volatility_targeting__btc_eth_cash__static,volatility_targeting,btc_eth_cash,False,5,"1,2",1.7437148455425693
volatility_targeting__btc_eth_cash__static,volatility_targeting,btc_eth_cash,False,6,"1,3",0.9519930432018315
volatility_targeting__btc_eth_cash__static,volatility_targeting,btc_eth_cash,False,7,"1,4",2.1493378005199446
volatility_targeting__btc_eth_cash__static,volatility_targeting,btc_eth_cash,False,8,"1,5",2.0659178443302064
volatility_targeting__btc_eth_cash__static,volatility_targeting,btc_eth_cash,False,9,"2,3",-0.5199553297744002
volatility_targeting__btc_eth_cash__static,volatility_targeting,btc_eth_cash,False,10,"2,4",0.41346295286885415
volatility_targeting__btc_eth_cash__static,volatility_targeting,btc_eth_cash,False,11,"2,5",0.20342862164058348
volatility_targeting__btc_eth_cash__static,volatility_targeting,btc_eth_cash,False,12,"3,4",-0.19470438003816445
volatility_targeting__btc_eth_cash__static,volatility_targeting,btc_eth_cash,False,13,"3,5",-0.3395228982902871
volatility_targeting__btc_eth_cash__static,volatility_targeting,btc_eth_cash,False,14,"4,5",0.8513940170202415
volatility_targeting__btc_eth_cash__dynamic,volatility_targeting,btc_eth_cash,True,0,"0,1",1.486250331507595
volatility_targeting__btc_eth_cash__dynamic,volatility_targeting,btc_eth_cash,True,1,"0,2",-0.50055206708941
volatility_targeting__btc_eth_cash__dynamic,volatility_targeting,btc_eth_cash,True,2,"0,3",-0.3409376561925283
volatility_targeting__btc_eth_cash__dynamic,volatility_targeting,btc_eth_cash,True,3,"0,4",-0.22038759546953823
volatility_targeting__btc_eth_cash__dynamic,volatility_targeting,btc_eth_cash,True,4,"0,5",-0.22038759546953823
volatility_targeting__btc_eth_cash__dynamic,volatility_targeting,btc_eth_cash,True,5,"1,2",1.5033330051371305
volatility_targeting__btc_eth_cash__dynamic,volatility_targeting,btc_eth_cash,True,6,"1,3",1.6755008746454199
volatility_targeting__btc_eth_cash__dynamic,volatility_targeting,btc_eth_cash,True,7,"1,4",1.7414086263052142
volatility_targeting__btc_eth_cash__dynamic,volatility_targeting,btc_eth_cash,True,8,"1,5",1.7414086263052142
volatility_targeting__btc_eth_cash__dynamic,volatility_targeting,btc_eth_cash,True,9,"2,3",-0.7662338724897609
volatility_targeting__btc_eth_cash__dynamic,volatility_targeting,btc_eth_cash,True,10,"2,4",-0.5916085820742978
volatility_targeting__btc_eth_cash__dynamic,volatility_targeting,btc_eth_cash,True,11,"2,5",-0.5916085820742978
volatility_targeting__btc_eth_cash__dynamic,volatility_targeting,btc_eth_cash,True,12,"3,4",-0.7359800721939869
volatility_targeting__btc_eth_cash__dynamic,volatility_targeting,btc_eth_cash,True,13,"3,5",-0.7359800721939869
volatility_targeting__btc_eth_cash__dynamic,volatility_targeting,btc_eth_cash,True,14,"4,5",
inverse_volatility__btc_eth__static,inverse_volatility,btc_eth,False,0,"0,1",1.8297562664110765
inverse_volatility__btc_eth__static,inverse_volatility,btc_eth,False,1,"0,2",0.17575762580400323
inverse_volatility__btc_eth__static,inverse_volatility,btc_eth,False,2,"0,3",-0.2737238496299027
inverse_volatility__btc_eth__static,inverse_volatility,btc_eth,False,3,"0,4",0.5680873485247229
inverse_volatility__btc_eth__static,inverse_volatility,btc_eth,False,4,"0,5",0.45062568971139483
inverse_volatility__btc_eth__static,inverse_volatility,btc_eth,False,5,"1,2",1.760104079852424
inverse_volatility__btc_eth__static,inverse_volatility,btc_eth,False,6,"1,3",0.9993447449121905
inverse_volatility__btc_eth__static,inverse_volatility,btc_eth,False,7,"1,4",2.2159937859457743
inverse_volatility__btc_eth__static,inverse_volatility,btc_eth,False,8,"1,5",2.1294433392883354
inverse_volatility__btc_eth__static,inverse_volatility,btc_eth,False,9,"2,3",-0.6256117848313191
inverse_volatility__btc_eth__static,inverse_volatility,btc_eth,False,10,"2,4",0.22945491116056535
inverse_volatility__btc_eth__static,inverse_volatility,btc_eth,False,11,"2,5",0.05305754064738529
inverse_volatility__btc_eth__static,inverse_volatility,btc_eth,False,12,"3,4",-0.355712513856622
inverse_volatility__btc_eth__static,inverse_volatility,btc_eth,False,13,"3,5",-0.46427056078682605
inverse_volatility__btc_eth__static,inverse_volatility,btc_eth,False,14,"4,5",0.7980071773967585
inverse_volatility__btc_eth__dynamic,inverse_volatility,btc_eth,True,0,"0,1",1.497220409577301
inverse_volatility__btc_eth__dynamic,inverse_volatility,btc_eth,True,1,"0,2",-0.4156458239047627
inverse_volatility__btc_eth__dynamic,inverse_volatility,btc_eth,True,2,"0,3",-0.28775820300997657
inverse_volatility__btc_eth__dynamic,inverse_volatility,btc_eth,True,3,"0,4",-0.1630969376816218
inverse_volatility__btc_eth__dynamic,inverse_volatility,btc_eth,True,4,"0,5",-0.1630969376816218
inverse_volatility__btc_eth__dynamic,inverse_volatility,btc_eth,True,5,"1,2",1.5022812375313412
inverse_volatility__btc_eth__dynamic,inverse_volatility,btc_eth,True,6,"1,3",1.6618778154091591
inverse_volatility__btc_eth__dynamic,inverse_volatility,btc_eth,True,7,"1,4",1.7307191240626085
inverse_volatility__btc_eth__dynamic,inverse_volatility,btc_eth,True,8,"1,5",1.7307191240626085
inverse_volatility__btc_eth__dynamic,inverse_volatility,btc_eth,True,9,"2,3",-0.688111472433509
inverse_volatility__btc_eth__dynamic,inverse_volatility,btc_eth,True,10,"2,4",-0.5123712583895599
inverse_volatility__btc_eth__dynamic,inverse_volatility,btc_eth,True,11,"2,5",-0.5123712583895599
inverse_volatility__btc_eth__dynamic,inverse_volatility,btc_eth,True,12,"3,4",-0.735980072193987
inverse_volatility__btc_eth__dynamic,inverse_volatility,btc_eth,True,13,"3,5",-0.735980072193987
inverse_volatility__btc_eth__dynamic,inverse_volatility,btc_eth,True,14,"4,5",
inverse_volatility__btc_eth_cash__static,inverse_volatility,btc_eth_cash,False,0,"0,1",1.8297562664110765
inverse_volatility__btc_eth_cash__static,inverse_volatility,btc_eth_cash,False,1,"0,2",0.17575762580400323
inverse_volatility__btc_eth_cash__static,inverse_volatility,btc_eth_cash,False,2,"0,3",-0.2737238496299027
inverse_volatility__btc_eth_cash__static,inverse_volatility,btc_eth_cash,False,3,"0,4",0.5680873485247229
inverse_volatility__btc_eth_cash__static,inverse_volatility,btc_eth_cash,False,4,"0,5",0.45062568971139483
inverse_volatility__btc_eth_cash__static,inverse_volatility,btc_eth_cash,False,5,"1,2",1.760104079852424
inverse_volatility__btc_eth_cash__static,inverse_volatility,btc_eth_cash,False,6,"1,3",0.9993447449121905
inverse_volatility__btc_eth_cash__static,inverse_volatility,btc_eth_cash,False,7,"1,4",2.2159937859457743
inverse_volatility__btc_eth_cash__static,inverse_volatility,btc_eth_cash,False,8,"1,5",2.1294433392883354
inverse_volatility__btc_eth_cash__static,inverse_volatility,btc_eth_cash,False,9,"2,3",-0.6256117848313191
inverse_volatility__btc_eth_cash__static,inverse_volatility,btc_eth_cash,False,10,"2,4",0.22945491116056535
inverse_volatility__btc_eth_cash__static,inverse_volatility,btc_eth_cash,False,11,"2,5",0.05305754064738529
inverse_volatility__btc_eth_cash__static,inverse_volatility,btc_eth_cash,False,12,"3,4",-0.355712513856622
inverse_volatility__btc_eth_cash__static,inverse_volatility,btc_eth_cash,False,13,"3,5",-0.46427056078682605
inverse_volatility__btc_eth_cash__static,inverse_volatility,btc_eth_cash,False,14,"4,5",0.7980071773967585
inverse_volatility__btc_eth_cash__dynamic,inverse_volatility,btc_eth_cash,True,0,"0,1",1.497220409577301
inverse_volatility__btc_eth_cash__dynamic,inverse_volatility,btc_eth_cash,True,1,"0,2",-0.4156458239047627
inverse_volatility__btc_eth_cash__dynamic,inverse_volatility,btc_eth_cash,True,2,"0,3",-0.28775820300997657
inverse_volatility__btc_eth_cash__dynamic,inverse_volatility,btc_eth_cash,True,3,"0,4",-0.1630969376816218
inverse_volatility__btc_eth_cash__dynamic,inverse_volatility,btc_eth_cash,True,4,"0,5",-0.1630969376816218
inverse_volatility__btc_eth_cash__dynamic,inverse_volatility,btc_eth_cash,True,5,"1,2",1.5022812375313412
inverse_volatility__btc_eth_cash__dynamic,inverse_volatility,btc_eth_cash,True,6,"1,3",1.6618778154091591
inverse_volatility__btc_eth_cash__dynamic,inverse_volatility,btc_eth_cash,True,7,"1,4",1.7307191240626085
inverse_volatility__btc_eth_cash__dynamic,inverse_volatility,btc_eth_cash,True,8,"1,5",1.7307191240626085
inverse_volatility__btc_eth_cash__dynamic,inverse_volatility,btc_eth_cash,True,9,"2,3",-0.688111472433509
inverse_volatility__btc_eth_cash__dynamic,inverse_volatility,btc_eth_cash,True,10,"2,4",-0.5123712583895599
inverse_volatility__btc_eth_cash__dynamic,inverse_volatility,btc_eth_cash,True,11,"2,5",-0.5123712583895599
inverse_volatility__btc_eth_cash__dynamic,inverse_volatility,btc_eth_cash,True,12,"3,4",-0.735980072193987
inverse_volatility__btc_eth_cash__dynamic,inverse_volatility,btc_eth_cash,True,13,"3,5",-0.735980072193987
inverse_volatility__btc_eth_cash__dynamic,inverse_volatility,btc_eth_cash,True,14,"4,5",
risk_parity__btc_eth__static,risk_parity,btc_eth,False,0,"0,1",1.8297562664110765
risk_parity__btc_eth__static,risk_parity,btc_eth,False,1,"0,2",0.17575762580400323
risk_parity__btc_eth__static,risk_parity,btc_eth,False,2,"0,3",-0.2737238496299027
risk_parity__btc_eth__static,risk_parity,btc_eth,False,3,"0,4",0.5680873485247229
risk_parity__btc_eth__static,risk_parity,btc_eth,False,4,"0,5",0.45062568971139483
risk_parity__btc_eth__static,risk_parity,btc_eth,False,5,"1,2",1.760104079852424
risk_parity__btc_eth__static,risk_parity,btc_eth,False,6,"1,3",0.9993447449121905
risk_parity__btc_eth__static,risk_parity,btc_eth,False,7,"1,4",2.2159937859457743
risk_parity__btc_eth__static,risk_parity,btc_eth,False,8,"1,5",2.1294433392883354
risk_parity__btc_eth__static,risk_parity,btc_eth,False,9,"2,3",-0.6256117848313191
risk_parity__btc_eth__static,risk_parity,btc_eth,False,10,"2,4",0.22945491116056535
risk_parity__btc_eth__static,risk_parity,btc_eth,False,11,"2,5",0.05305754064738529
risk_parity__btc_eth__static,risk_parity,btc_eth,False,12,"3,4",-0.355712513856622
risk_parity__btc_eth__static,risk_parity,btc_eth,False,13,"3,5",-0.46427056078682605
risk_parity__btc_eth__static,risk_parity,btc_eth,False,14,"4,5",0.7980071773967585
risk_parity__btc_eth__dynamic,risk_parity,btc_eth,True,0,"0,1",1.497220409577301
risk_parity__btc_eth__dynamic,risk_parity,btc_eth,True,1,"0,2",-0.4156458239047627
risk_parity__btc_eth__dynamic,risk_parity,btc_eth,True,2,"0,3",-0.28775820300997657
risk_parity__btc_eth__dynamic,risk_parity,btc_eth,True,3,"0,4",-0.1630969376816218
risk_parity__btc_eth__dynamic,risk_parity,btc_eth,True,4,"0,5",-0.1630969376816218
risk_parity__btc_eth__dynamic,risk_parity,btc_eth,True,5,"1,2",1.5022812375313412
risk_parity__btc_eth__dynamic,risk_parity,btc_eth,True,6,"1,3",1.6618778154091591
risk_parity__btc_eth__dynamic,risk_parity,btc_eth,True,7,"1,4",1.7307191240626085
risk_parity__btc_eth__dynamic,risk_parity,btc_eth,True,8,"1,5",1.7307191240626085
risk_parity__btc_eth__dynamic,risk_parity,btc_eth,True,9,"2,3",-0.688111472433509
risk_parity__btc_eth__dynamic,risk_parity,btc_eth,True,10,"2,4",-0.5123712583895599
risk_parity__btc_eth__dynamic,risk_parity,btc_eth,True,11,"2,5",-0.5123712583895599
risk_parity__btc_eth__dynamic,risk_parity,btc_eth,True,12,"3,4",-0.735980072193987
risk_parity__btc_eth__dynamic,risk_parity,btc_eth,True,13,"3,5",-0.735980072193987
risk_parity__btc_eth__dynamic,risk_parity,btc_eth,True,14,"4,5",
risk_parity__btc_eth_cash__static,risk_parity,btc_eth_cash,False,0,"0,1",1.8297562664110765
risk_parity__btc_eth_cash__static,risk_parity,btc_eth_cash,False,1,"0,2",0.17575762580400323
risk_parity__btc_eth_cash__static,risk_parity,btc_eth_cash,False,2,"0,3",-0.2737238496299027
risk_parity__btc_eth_cash__static,risk_parity,btc_eth_cash,False,3,"0,4",0.5680873485247229
risk_parity__btc_eth_cash__static,risk_parity,btc_eth_cash,False,4,"0,5",0.45062568971139483
risk_parity__btc_eth_cash__static,risk_parity,btc_eth_cash,False,5,"1,2",1.760104079852424
risk_parity__btc_eth_cash__static,risk_parity,btc_eth_cash,False,6,"1,3",0.9993447449121905
risk_parity__btc_eth_cash__static,risk_parity,btc_eth_cash,False,7,"1,4",2.2159937859457743
risk_parity__btc_eth_cash__static,risk_parity,btc_eth_cash,False,8,"1,5",2.1294433392883354
risk_parity__btc_eth_cash__static,risk_parity,btc_eth_cash,False,9,"2,3",-0.6256117848313191
risk_parity__btc_eth_cash__static,risk_parity,btc_eth_cash,False,10,"2,4",0.22945491116056535
risk_parity__btc_eth_cash__static,risk_parity,btc_eth_cash,False,11,"2,5",0.05305754064738529
risk_parity__btc_eth_cash__static,risk_parity,btc_eth_cash,False,12,"3,4",-0.355712513856622
risk_parity__btc_eth_cash__static,risk_parity,btc_eth_cash,False,13,"3,5",-0.46427056078682605
risk_parity__btc_eth_cash__static,risk_parity,btc_eth_cash,False,14,"4,5",0.7980071773967585
risk_parity__btc_eth_cash__dynamic,risk_parity,btc_eth_cash,True,0,"0,1",1.497220409577301
risk_parity__btc_eth_cash__dynamic,risk_parity,btc_eth_cash,True,1,"0,2",-0.4156458239047627
risk_parity__btc_eth_cash__dynamic,risk_parity,btc_eth_cash,True,2,"0,3",-0.28775820300997657
risk_parity__btc_eth_cash__dynamic,risk_parity,btc_eth_cash,True,3,"0,4",-0.1630969376816218
risk_parity__btc_eth_cash__dynamic,risk_parity,btc_eth_cash,True,4,"0,5",-0.1630969376816218
risk_parity__btc_eth_cash__dynamic,risk_parity,btc_eth_cash,True,5,"1,2",1.5022812375313412
risk_parity__btc_eth_cash__dynamic,risk_parity,btc_eth_cash,True,6,"1,3",1.6618778154091591
risk_parity__btc_eth_cash__dynamic,risk_parity,btc_eth_cash,True,7,"1,4",1.7307191240626085
risk_parity__btc_eth_cash__dynamic,risk_parity,btc_eth_cash,True,8,"1,5",1.7307191240626085
risk_parity__btc_eth_cash__dynamic,risk_parity,btc_eth_cash,True,9,"2,3",-0.688111472433509
risk_parity__btc_eth_cash__dynamic,risk_parity,btc_eth_cash,True,10,"2,4",-0.5123712583895599
risk_parity__btc_eth_cash__dynamic,risk_parity,btc_eth_cash,True,11,"2,5",-0.5123712583895599
risk_parity__btc_eth_cash__dynamic,risk_parity,btc_eth_cash,True,12,"3,4",-0.735980072193987
risk_parity__btc_eth_cash__dynamic,risk_parity,btc_eth_cash,True,13,"3,5",-0.735980072193987
risk_parity__btc_eth_cash__dynamic,risk_parity,btc_eth_cash,True,14,"4,5",
erc__btc_eth__static,erc,btc_eth,False,0,"0,1",1.8282725897506462
erc__btc_eth__static,erc,btc_eth,False,1,"0,2",0.17554108125572854
erc__btc_eth__static,erc,btc_eth,False,2,"0,3",-0.2734818665362406
erc__btc_eth__static,erc,btc_eth,False,3,"0,4",0.5669454250715532
erc__btc_eth__static,erc,btc_eth,False,4,"0,5",0.44907408041216534
erc__btc_eth__static,erc,btc_eth,False,5,"1,2",1.7595599374451594
erc__btc_eth__static,erc,btc_eth,False,6,"1,3",0.9987436193984542
erc__btc_eth__static,erc,btc_eth,False,7,"1,4",2.215005778035163
erc__btc_eth__static,erc,btc_eth,False,8,"1,5",2.1280354494535128
erc__btc_eth__static,erc,btc_eth,False,9,"2,3",-0.6240105575262537
erc__btc_eth__static,erc,btc_eth,False,10,"2,4",0.22978320830218468
erc__btc_eth__static,erc,btc_eth,False,11,"2,5",0.05287055877496578
erc__btc_eth__static,erc,btc_eth,False,12,"3,4",-0.35501401512281877
erc__btc_eth__static,erc,btc_eth,False,13,"3,5",-0.4637882683659086
erc__btc_eth__static,erc,btc_eth,False,14,"4,5",0.796400940428891
erc__btc_eth__dynamic,erc,btc_eth,True,0,"0,1",1.4959676743796473
erc__btc_eth__dynamic,erc,btc_eth,True,1,"0,2",-0.416177135508743
erc__btc_eth__dynamic,erc,btc_eth,True,2,"0,3",-0.28905637784652
erc__btc_eth__dynamic,erc,btc_eth,True,3,"0,4",-0.1644907344258124
erc__btc_eth__dynamic,erc,btc_eth,True,4,"0,5",-0.1644907344258124
erc__btc_eth__dynamic,erc,btc_eth,True,5,"1,2",1.5019461221729198
erc__btc_eth__dynamic,erc,btc_eth,True,6,"1,3",1.6612791119398855
erc__btc_eth__dynamic,erc,btc_eth,True,7,"1,4",1.7300823647615238
erc__btc_eth__dynamic,erc,btc_eth,True,8,"1,5",1.7300823647615238
erc__btc_eth__dynamic,erc,btc_eth,True,9,"2,3",-0.6868005419953447
erc__btc_eth__dynamic,erc,btc_eth,True,10,"2,4",-0.511142572409913
erc__btc_eth__dynamic,erc,btc_eth,True,11,"2,5",-0.511142572409913
erc__btc_eth__dynamic,erc,btc_eth,True,12,"3,4",-0.735980072193987
erc__btc_eth__dynamic,erc,btc_eth,True,13,"3,5",-0.735980072193987
erc__btc_eth__dynamic,erc,btc_eth,True,14,"4,5",
erc__btc_eth_cash__static,erc,btc_eth_cash,False,0,"0,1",1.8282725897506462
erc__btc_eth_cash__static,erc,btc_eth_cash,False,1,"0,2",0.17554108125572854
erc__btc_eth_cash__static,erc,btc_eth_cash,False,2,"0,3",-0.2734818665362406
erc__btc_eth_cash__static,erc,btc_eth_cash,False,3,"0,4",0.5669454250715532
erc__btc_eth_cash__static,erc,btc_eth_cash,False,4,"0,5",0.44907408041216534
erc__btc_eth_cash__static,erc,btc_eth_cash,False,5,"1,2",1.7595599374451594
erc__btc_eth_cash__static,erc,btc_eth_cash,False,6,"1,3",0.9987436193984542
erc__btc_eth_cash__static,erc,btc_eth_cash,False,7,"1,4",2.215005778035163
erc__btc_eth_cash__static,erc,btc_eth_cash,False,8,"1,5",2.1280354494535128
erc__btc_eth_cash__static,erc,btc_eth_cash,False,9,"2,3",-0.6240105575262537
erc__btc_eth_cash__static,erc,btc_eth_cash,False,10,"2,4",0.22978320830218468
erc__btc_eth_cash__static,erc,btc_eth_cash,False,11,"2,5",0.05287055877496578
erc__btc_eth_cash__static,erc,btc_eth_cash,False,12,"3,4",-0.35501401512281877
erc__btc_eth_cash__static,erc,btc_eth_cash,False,13,"3,5",-0.4637882683659086
erc__btc_eth_cash__static,erc,btc_eth_cash,False,14,"4,5",0.796400940428891
erc__btc_eth_cash__dynamic,erc,btc_eth_cash,True,0,"0,1",1.4959676743796473
erc__btc_eth_cash__dynamic,erc,btc_eth_cash,True,1,"0,2",-0.416177135508743
erc__btc_eth_cash__dynamic,erc,btc_eth_cash,True,2,"0,3",-0.28905637784652
erc__btc_eth_cash__dynamic,erc,btc_eth_cash,True,3,"0,4",-0.1644907344258124
erc__btc_eth_cash__dynamic,erc,btc_eth_cash,True,4,"0,5",-0.1644907344258124
erc__btc_eth_cash__dynamic,erc,btc_eth_cash,True,5,"1,2",1.5019461221729198
erc__btc_eth_cash__dynamic,erc,btc_eth_cash,True,6,"1,3",1.6612791119398855
erc__btc_eth_cash__dynamic,erc,btc_eth_cash,True,7,"1,4",1.7300823647615238
erc__btc_eth_cash__dynamic,erc,btc_eth_cash,True,8,"1,5",1.7300823647615238
erc__btc_eth_cash__dynamic,erc,btc_eth_cash,True,9,"2,3",-0.6868005419953447
erc__btc_eth_cash__dynamic,erc,btc_eth_cash,True,10,"2,4",-0.511142572409913
erc__btc_eth_cash__dynamic,erc,btc_eth_cash,True,11,"2,5",-0.511142572409913
erc__btc_eth_cash__dynamic,erc,btc_eth_cash,True,12,"3,4",-0.735980072193987
erc__btc_eth_cash__dynamic,erc,btc_eth_cash,True,13,"3,5",-0.735980072193987
erc__btc_eth_cash__dynamic,erc,btc_eth_cash,True,14,"4,5",
hrp__btc_eth__static,hrp,btc_eth,False,0,"0,1",1.8297562664110765
hrp__btc_eth__static,hrp,btc_eth,False,1,"0,2",0.17575762580400323
hrp__btc_eth__static,hrp,btc_eth,False,2,"0,3",-0.2737238496299027
hrp__btc_eth__static,hrp,btc_eth,False,3,"0,4",0.5680873485247229
hrp__btc_eth__static,hrp,btc_eth,False,4,"0,5",0.45062568971139483
hrp__btc_eth__static,hrp,btc_eth,False,5,"1,2",1.760104079852424
hrp__btc_eth__static,hrp,btc_eth,False,6,"1,3",0.9993447449121905
hrp__btc_eth__static,hrp,btc_eth,False,7,"1,4",2.2159937859457743
hrp__btc_eth__static,hrp,btc_eth,False,8,"1,5",2.1294433392883354
hrp__btc_eth__static,hrp,btc_eth,False,9,"2,3",-0.6256117848313191
hrp__btc_eth__static,hrp,btc_eth,False,10,"2,4",0.22945491116056535
hrp__btc_eth__static,hrp,btc_eth,False,11,"2,5",0.05305754064738529
hrp__btc_eth__static,hrp,btc_eth,False,12,"3,4",-0.355712513856622
hrp__btc_eth__static,hrp,btc_eth,False,13,"3,5",-0.46427056078682605
hrp__btc_eth__static,hrp,btc_eth,False,14,"4,5",0.7980071773967585
hrp__btc_eth__dynamic,hrp,btc_eth,True,0,"0,1",1.497220409577301
hrp__btc_eth__dynamic,hrp,btc_eth,True,1,"0,2",-0.4156458239047627
hrp__btc_eth__dynamic,hrp,btc_eth,True,2,"0,3",-0.28775820300997657
hrp__btc_eth__dynamic,hrp,btc_eth,True,3,"0,4",-0.1630969376816218
hrp__btc_eth__dynamic,hrp,btc_eth,True,4,"0,5",-0.1630969376816218
hrp__btc_eth__dynamic,hrp,btc_eth,True,5,"1,2",1.5022812375313412
hrp__btc_eth__dynamic,hrp,btc_eth,True,6,"1,3",1.6618778154091591
hrp__btc_eth__dynamic,hrp,btc_eth,True,7,"1,4",1.7307191240626085
hrp__btc_eth__dynamic,hrp,btc_eth,True,8,"1,5",1.7307191240626085
hrp__btc_eth__dynamic,hrp,btc_eth,True,9,"2,3",-0.688111472433509
hrp__btc_eth__dynamic,hrp,btc_eth,True,10,"2,4",-0.5123712583895599
hrp__btc_eth__dynamic,hrp,btc_eth,True,11,"2,5",-0.5123712583895599
hrp__btc_eth__dynamic,hrp,btc_eth,True,12,"3,4",-0.735980072193987
hrp__btc_eth__dynamic,hrp,btc_eth,True,13,"3,5",-0.735980072193987
hrp__btc_eth__dynamic,hrp,btc_eth,True,14,"4,5",
hrp__btc_eth_cash__static,hrp,btc_eth_cash,False,0,"0,1",1.8297562664110765
hrp__btc_eth_cash__static,hrp,btc_eth_cash,False,1,"0,2",0.17575762580400323
hrp__btc_eth_cash__static,hrp,btc_eth_cash,False,2,"0,3",-0.2737238496299027
hrp__btc_eth_cash__static,hrp,btc_eth_cash,False,3,"0,4",0.5680873485247229
hrp__btc_eth_cash__static,hrp,btc_eth_cash,False,4,"0,5",0.45062568971139483
hrp__btc_eth_cash__static,hrp,btc_eth_cash,False,5,"1,2",1.760104079852424
hrp__btc_eth_cash__static,hrp,btc_eth_cash,False,6,"1,3",0.9993447449121905
hrp__btc_eth_cash__static,hrp,btc_eth_cash,False,7,"1,4",2.2159937859457743
hrp__btc_eth_cash__static,hrp,btc_eth_cash,False,8,"1,5",2.1294433392883354
hrp__btc_eth_cash__static,hrp,btc_eth_cash,False,9,"2,3",-0.6256117848313191
hrp__btc_eth_cash__static,hrp,btc_eth_cash,False,10,"2,4",0.22945491116056535
hrp__btc_eth_cash__static,hrp,btc_eth_cash,False,11,"2,5",0.05305754064738529
hrp__btc_eth_cash__static,hrp,btc_eth_cash,False,12,"3,4",-0.355712513856622
hrp__btc_eth_cash__static,hrp,btc_eth_cash,False,13,"3,5",-0.46427056078682605
hrp__btc_eth_cash__static,hrp,btc_eth_cash,False,14,"4,5",0.7980071773967585
hrp__btc_eth_cash__dynamic,hrp,btc_eth_cash,True,0,"0,1",1.497220409577301
hrp__btc_eth_cash__dynamic,hrp,btc_eth_cash,True,1,"0,2",-0.4156458239047627
hrp__btc_eth_cash__dynamic,hrp,btc_eth_cash,True,2,"0,3",-0.28775820300997657
hrp__btc_eth_cash__dynamic,hrp,btc_eth_cash,True,3,"0,4",-0.1630969376816218
hrp__btc_eth_cash__dynamic,hrp,btc_eth_cash,True,4,"0,5",-0.1630969376816218
hrp__btc_eth_cash__dynamic,hrp,btc_eth_cash,True,5,"1,2",1.5022812375313412
hrp__btc_eth_cash__dynamic,hrp,btc_eth_cash,True,6,"1,3",1.6618778154091591
hrp__btc_eth_cash__dynamic,hrp,btc_eth_cash,True,7,"1,4",1.7307191240626085
hrp__btc_eth_cash__dynamic,hrp,btc_eth_cash,True,8,"1,5",1.7307191240626085
hrp__btc_eth_cash__dynamic,hrp,btc_eth_cash,True,9,"2,3",-0.688111472433509
hrp__btc_eth_cash__dynamic,hrp,btc_eth_cash,True,10,"2,4",-0.5123712583895599
hrp__btc_eth_cash__dynamic,hrp,btc_eth_cash,True,11,"2,5",-0.5123712583895599
hrp__btc_eth_cash__dynamic,hrp,btc_eth_cash,True,12,"3,4",-0.735980072193987
hrp__btc_eth_cash__dynamic,hrp,btc_eth_cash,True,13,"3,5",-0.735980072193987
hrp__btc_eth_cash__dynamic,hrp,btc_eth_cash,True,14,"4,5",
maximum_diversification__btc_eth__static,maximum_diversification,btc_eth,False,0,"0,1",1.8282725897506467
maximum_diversification__btc_eth__static,maximum_diversification,btc_eth,False,1,"0,2",0.17554108125572815
maximum_diversification__btc_eth__static,maximum_diversification,btc_eth,False,2,"0,3",-0.27348186653624185
maximum_diversification__btc_eth__static,maximum_diversification,btc_eth,False,3,"0,4",0.5669454250715527
maximum_diversification__btc_eth__static,maximum_diversification,btc_eth,False,4,"0,5",0.4490740804121654
maximum_diversification__btc_eth__static,maximum_diversification,btc_eth,False,5,"1,2",1.7595599374451598
maximum_diversification__btc_eth__static,maximum_diversification,btc_eth,False,6,"1,3",0.9987436193984538
maximum_diversification__btc_eth__static,maximum_diversification,btc_eth,False,7,"1,4",2.215005778035163
maximum_diversification__btc_eth__static,maximum_diversification,btc_eth,False,8,"1,5",2.128035449453513
maximum_diversification__btc_eth__static,maximum_diversification,btc_eth,False,9,"2,3",-0.6240105575262547
maximum_diversification__btc_eth__static,maximum_diversification,btc_eth,False,10,"2,4",0.22978320830218407
maximum_diversification__btc_eth__static,maximum_diversification,btc_eth,False,11,"2,5",0.05287055877496623
maximum_diversification__btc_eth__static,maximum_diversification,btc_eth,False,12,"3,4",-0.35501401512282005
maximum_diversification__btc_eth__static,maximum_diversification,btc_eth,False,13,"3,5",-0.4637882683659093
maximum_diversification__btc_eth__static,maximum_diversification,btc_eth,False,14,"4,5",0.7964009404288904
maximum_diversification__btc_eth__dynamic,maximum_diversification,btc_eth,True,0,"0,1",1.495967674379647
maximum_diversification__btc_eth__dynamic,maximum_diversification,btc_eth,True,1,"0,2",-0.4161771355087425
maximum_diversification__btc_eth__dynamic,maximum_diversification,btc_eth,True,2,"0,3",-0.2890563778465194
maximum_diversification__btc_eth__dynamic,maximum_diversification,btc_eth,True,3,"0,4",-0.1644907344258118
maximum_diversification__btc_eth__dynamic,maximum_diversification,btc_eth,True,4,"0,5",-0.1644907344258118
maximum_diversification__btc_eth__dynamic,maximum_diversification,btc_eth,True,5,"1,2",1.5019461221729196
maximum_diversification__btc_eth__dynamic,maximum_diversification,btc_eth,True,6,"1,3",1.661279111939885
maximum_diversification__btc_eth__dynamic,maximum_diversification,btc_eth,True,7,"1,4",1.7300823647615233
maximum_diversification__btc_eth__dynamic,maximum_diversification,btc_eth,True,8,"1,5",1.7300823647615233
maximum_diversification__btc_eth__dynamic,maximum_diversification,btc_eth,True,9,"2,3",-0.6868005419953447
maximum_diversification__btc_eth__dynamic,maximum_diversification,btc_eth,True,10,"2,4",-0.511142572409913
maximum_diversification__btc_eth__dynamic,maximum_diversification,btc_eth,True,11,"2,5",-0.511142572409913
maximum_diversification__btc_eth__dynamic,maximum_diversification,btc_eth,True,12,"3,4",-0.735980072193987
maximum_diversification__btc_eth__dynamic,maximum_diversification,btc_eth,True,13,"3,5",-0.735980072193987
maximum_diversification__btc_eth__dynamic,maximum_diversification,btc_eth,True,14,"4,5",
maximum_diversification__btc_eth_cash__static,maximum_diversification,btc_eth_cash,False,0,"0,1",1.8282725897506467
maximum_diversification__btc_eth_cash__static,maximum_diversification,btc_eth_cash,False,1,"0,2",0.17554108125572815
maximum_diversification__btc_eth_cash__static,maximum_diversification,btc_eth_cash,False,2,"0,3",-0.27348186653624185
maximum_diversification__btc_eth_cash__static,maximum_diversification,btc_eth_cash,False,3,"0,4",0.5669454250715527
maximum_diversification__btc_eth_cash__static,maximum_diversification,btc_eth_cash,False,4,"0,5",0.4490740804121654
maximum_diversification__btc_eth_cash__static,maximum_diversification,btc_eth_cash,False,5,"1,2",1.7595599374451598
maximum_diversification__btc_eth_cash__static,maximum_diversification,btc_eth_cash,False,6,"1,3",0.9987436193984538
maximum_diversification__btc_eth_cash__static,maximum_diversification,btc_eth_cash,False,7,"1,4",2.215005778035163
maximum_diversification__btc_eth_cash__static,maximum_diversification,btc_eth_cash,False,8,"1,5",2.128035449453513
maximum_diversification__btc_eth_cash__static,maximum_diversification,btc_eth_cash,False,9,"2,3",-0.6240105575262547
maximum_diversification__btc_eth_cash__static,maximum_diversification,btc_eth_cash,False,10,"2,4",0.22978320830218407
maximum_diversification__btc_eth_cash__static,maximum_diversification,btc_eth_cash,False,11,"2,5",0.05287055877496623
maximum_diversification__btc_eth_cash__static,maximum_diversification,btc_eth_cash,False,12,"3,4",-0.35501401512282005
maximum_diversification__btc_eth_cash__static,maximum_diversification,btc_eth_cash,False,13,"3,5",-0.4637882683659093
maximum_diversification__btc_eth_cash__static,maximum_diversification,btc_eth_cash,False,14,"4,5",0.7964009404288904
maximum_diversification__btc_eth_cash__dynamic,maximum_diversification,btc_eth_cash,True,0,"0,1",1.495967674379647
maximum_diversification__btc_eth_cash__dynamic,maximum_diversification,btc_eth_cash,True,1,"0,2",-0.4161771355087425
maximum_diversification__btc_eth_cash__dynamic,maximum_diversification,btc_eth_cash,True,2,"0,3",-0.2890563778465194
maximum_diversification__btc_eth_cash__dynamic,maximum_diversification,btc_eth_cash,True,3,"0,4",-0.1644907344258118
maximum_diversification__btc_eth_cash__dynamic,maximum_diversification,btc_eth_cash,True,4,"0,5",-0.1644907344258118
maximum_diversification__btc_eth_cash__dynamic,maximum_diversification,btc_eth_cash,True,5,"1,2",1.5019461221729196
maximum_diversification__btc_eth_cash__dynamic,maximum_diversification,btc_eth_cash,True,6,"1,3",1.661279111939885
maximum_diversification__btc_eth_cash__dynamic,maximum_diversification,btc_eth_cash,True,7,"1,4",1.7300823647615233
maximum_diversification__btc_eth_cash__dynamic,maximum_diversification,btc_eth_cash,True,8,"1,5",1.7300823647615233
maximum_diversification__btc_eth_cash__dynamic,maximum_diversification,btc_eth_cash,True,9,"2,3",-0.6868005419953447
maximum_diversification__btc_eth_cash__dynamic,maximum_diversification,btc_eth_cash,True,10,"2,4",-0.511142572409913
maximum_diversification__btc_eth_cash__dynamic,maximum_diversification,btc_eth_cash,True,11,"2,5",-0.511142572409913
maximum_diversification__btc_eth_cash__dynamic,maximum_diversification,btc_eth_cash,True,12,"3,4",-0.735980072193987
maximum_diversification__btc_eth_cash__dynamic,maximum_diversification,btc_eth_cash,True,13,"3,5",-0.735980072193987
maximum_diversification__btc_eth_cash__dynamic,maximum_diversification,btc_eth_cash,True,14,"4,5",
mean_variance__btc_eth__static,mean_variance,btc_eth,False,0,"0,1",1.5271169594459488
mean_variance__btc_eth__static,mean_variance,btc_eth,False,1,"0,2",-0.04281714003129376
mean_variance__btc_eth__static,mean_variance,btc_eth,False,2,"0,3",-0.5433017322997798
mean_variance__btc_eth__static,mean_variance,btc_eth,False,3,"0,4",0.3213774124868909
mean_variance__btc_eth__static,mean_variance,btc_eth,False,4,"0,5",0.22054082037272718
mean_variance__btc_eth__static,mean_variance,btc_eth,False,5,"1,2",1.6114434348100006
mean_variance__btc_eth__static,mean_variance,btc_eth,False,6,"1,3",0.829597138895341
mean_variance__btc_eth__static,mean_variance,btc_eth,False,7,"1,4",2.071781293065479
mean_variance__btc_eth__static,mean_variance,btc_eth,False,8,"1,5",1.9984523440049125
mean_variance__btc_eth__static,mean_variance,btc_eth,False,9,"2,3",-0.7176598033776428
mean_variance__btc_eth__static,mean_variance,btc_eth,False,10,"2,4",0.25214558076683463
mean_variance__btc_eth__static,mean_variance,btc_eth,False,11,"2,5",0.11378447386780943
mean_variance__btc_eth__static,mean_variance,btc_eth,False,12,"3,4",-0.4686374097617397
mean_variance__btc_eth__static,mean_variance,btc_eth,False,13,"3,5",-0.560807962310941
mean_variance__btc_eth__static,mean_variance,btc_eth,False,14,"4,5",0.8885235753471834
mean_variance__btc_eth__dynamic,mean_variance,btc_eth,True,0,"0,1",1.2017336445408746
mean_variance__btc_eth__dynamic,mean_variance,btc_eth,True,1,"0,2",-0.7374388941396086
mean_variance__btc_eth__dynamic,mean_variance,btc_eth,True,2,"0,3",-0.7198960475889352
mean_variance__btc_eth__dynamic,mean_variance,btc_eth,True,3,"0,4",-0.5967818566100015
mean_variance__btc_eth__dynamic,mean_variance,btc_eth,True,4,"0,5",-0.5967818566100015
mean_variance__btc_eth__dynamic,mean_variance,btc_eth,True,5,"1,2",1.384772953756095
mean_variance__btc_eth__dynamic,mean_variance,btc_eth,True,6,"1,3",1.5354319371717948
mean_variance__btc_eth__dynamic,mean_variance,btc_eth,True,7,"1,4",1.6050550471419271
mean_variance__btc_eth__dynamic,mean_variance,btc_eth,True,8,"1,5",1.6050550471419271
mean_variance__btc_eth__dynamic,mean_variance,btc_eth,True,9,"2,3",-0.5987792858849171
mean_variance__btc_eth__dynamic,mean_variance,btc_eth,True,10,"2,4",-0.4302332815682362
mean_variance__btc_eth__dynamic,mean_variance,btc_eth,True,11,"2,5",-0.4302332815682362
mean_variance__btc_eth__dynamic,mean_variance,btc_eth,True,12,"3,4",-0.735980072193987
mean_variance__btc_eth__dynamic,mean_variance,btc_eth,True,13,"3,5",-0.735980072193987
mean_variance__btc_eth__dynamic,mean_variance,btc_eth,True,14,"4,5",
mean_variance__btc_eth_cash__static,mean_variance,btc_eth_cash,False,0,"0,1",1.5271169594459488
mean_variance__btc_eth_cash__static,mean_variance,btc_eth_cash,False,1,"0,2",-0.04281714003129376
mean_variance__btc_eth_cash__static,mean_variance,btc_eth_cash,False,2,"0,3",-0.5433017322997798
mean_variance__btc_eth_cash__static,mean_variance,btc_eth_cash,False,3,"0,4",0.3213774124868909
mean_variance__btc_eth_cash__static,mean_variance,btc_eth_cash,False,4,"0,5",0.22054082037272718
mean_variance__btc_eth_cash__static,mean_variance,btc_eth_cash,False,5,"1,2",1.6114434348100006
mean_variance__btc_eth_cash__static,mean_variance,btc_eth_cash,False,6,"1,3",0.829597138895341
mean_variance__btc_eth_cash__static,mean_variance,btc_eth_cash,False,7,"1,4",2.071781293065479
mean_variance__btc_eth_cash__static,mean_variance,btc_eth_cash,False,8,"1,5",1.9984523440049125
mean_variance__btc_eth_cash__static,mean_variance,btc_eth_cash,False,9,"2,3",-0.7176598033776428
mean_variance__btc_eth_cash__static,mean_variance,btc_eth_cash,False,10,"2,4",0.25214558076683463
mean_variance__btc_eth_cash__static,mean_variance,btc_eth_cash,False,11,"2,5",0.11378447386780943
mean_variance__btc_eth_cash__static,mean_variance,btc_eth_cash,False,12,"3,4",-0.4686374097617397
mean_variance__btc_eth_cash__static,mean_variance,btc_eth_cash,False,13,"3,5",-0.560807962310941
mean_variance__btc_eth_cash__static,mean_variance,btc_eth_cash,False,14,"4,5",0.8885235753471834
mean_variance__btc_eth_cash__dynamic,mean_variance,btc_eth_cash,True,0,"0,1",1.2017336445408746
mean_variance__btc_eth_cash__dynamic,mean_variance,btc_eth_cash,True,1,"0,2",-0.7374388941396086
mean_variance__btc_eth_cash__dynamic,mean_variance,btc_eth_cash,True,2,"0,3",-0.7198960475889352
mean_variance__btc_eth_cash__dynamic,mean_variance,btc_eth_cash,True,3,"0,4",-0.5967818566100015
mean_variance__btc_eth_cash__dynamic,mean_variance,btc_eth_cash,True,4,"0,5",-0.5967818566100015
mean_variance__btc_eth_cash__dynamic,mean_variance,btc_eth_cash,True,5,"1,2",1.384772953756095
mean_variance__btc_eth_cash__dynamic,mean_variance,btc_eth_cash,True,6,"1,3",1.5354319371717948
mean_variance__btc_eth_cash__dynamic,mean_variance,btc_eth_cash,True,7,"1,4",1.6050550471419271
mean_variance__btc_eth_cash__dynamic,mean_variance,btc_eth_cash,True,8,"1,5",1.6050550471419271
mean_variance__btc_eth_cash__dynamic,mean_variance,btc_eth_cash,True,9,"2,3",-0.5987792858849171
mean_variance__btc_eth_cash__dynamic,mean_variance,btc_eth_cash,True,10,"2,4",-0.4302332815682362
mean_variance__btc_eth_cash__dynamic,mean_variance,btc_eth_cash,True,11,"2,5",-0.4302332815682362
mean_variance__btc_eth_cash__dynamic,mean_variance,btc_eth_cash,True,12,"3,4",-0.735980072193987
mean_variance__btc_eth_cash__dynamic,mean_variance,btc_eth_cash,True,13,"3,5",-0.735980072193987
mean_variance__btc_eth_cash__dynamic,mean_variance,btc_eth_cash,True,14,"4,5",
mean_cvar__btc_eth__static,mean_cvar,btc_eth,False,0,"0,1",1.601665071846608
mean_cvar__btc_eth__static,mean_cvar,btc_eth,False,1,"0,2",-0.047910171842075557
mean_cvar__btc_eth__static,mean_cvar,btc_eth,False,2,"0,3",-0.5321769599754952
mean_cvar__btc_eth__static,mean_cvar,btc_eth,False,3,"0,4",0.30049914545364553
mean_cvar__btc_eth__static,mean_cvar,btc_eth,False,4,"0,5",0.183964662541879
mean_cvar__btc_eth__static,mean_cvar,btc_eth,False,5,"1,2",1.6896171035687892
mean_cvar__btc_eth__static,mean_cvar,btc_eth,False,6,"1,3",0.8728723483428215
mean_cvar__btc_eth__static,mean_cvar,btc_eth,False,7,"1,4",2.156234249461275
mean_cvar__btc_eth__static,mean_cvar,btc_eth,False,8,"1,5",2.073185217500435
mean_cvar__btc_eth__static,mean_cvar,btc_eth,False,9,"2,3",-0.6816302513820216
mean_cvar__btc_eth__static,mean_cvar,btc_eth,False,10,"2,4",0.23253227426135897
mean_cvar__btc_eth__static,mean_cvar,btc_eth,False,11,"2,5",0.07631832355587864
mean_cvar__btc_eth__static,mean_cvar,btc_eth,False,12,"3,4",-0.456187584935198
mean_cvar__btc_eth__static,mean_cvar,btc_eth,False,13,"3,5",-0.5567134234672949
mean_cvar__btc_eth__static,mean_cvar,btc_eth,False,14,"4,5",0.8056991427899546
mean_cvar__btc_eth__dynamic,mean_cvar,btc_eth,True,0,"0,1",1.287656670779467
mean_cvar__btc_eth__dynamic,mean_cvar,btc_eth,True,1,"0,2",-0.7693925844213426
mean_cvar__btc_eth__dynamic,mean_cvar,btc_eth,True,2,"0,3",-0.7716384094408476
mean_cvar__btc_eth__dynamic,mean_cvar,btc_eth,True,3,"0,4",-0.6419610663707465
mean_cvar__btc_eth__dynamic,mean_cvar,btc_eth,True,4,"0,5",-0.6419610663707465
mean_cvar__btc_eth__dynamic,mean_cvar,btc_eth,True,5,"1,2",1.4759291863790616
mean_cvar__btc_eth__dynamic,mean_cvar,btc_eth,True,6,"1,3",1.6268918279460596
mean_cvar__btc_eth__dynamic,mean_cvar,btc_eth,True,7,"1,4",1.6987231200829829
mean_cvar__btc_eth__dynamic,mean_cvar,btc_eth,True,8,"1,5",1.6987231200829829
mean_cvar__btc_eth__dynamic,mean_cvar,btc_eth,True,9,"2,3",-0.5949983531560614
mean_cvar__btc_eth__dynamic,mean_cvar,btc_eth,True,10,"2,4",-0.42303570680826524
mean_cvar__btc_eth__dynamic,mean_cvar,btc_eth,True,11,"2,5",-0.42303570680826524
mean_cvar__btc_eth__dynamic,mean_cvar,btc_eth,True,12,"3,4",-0.735980072193987
mean_cvar__btc_eth__dynamic,mean_cvar,btc_eth,True,13,"3,5",-0.735980072193987
mean_cvar__btc_eth__dynamic,mean_cvar,btc_eth,True,14,"4,5",
mean_cvar__btc_eth_cash__static,mean_cvar,btc_eth_cash,False,0,"0,1",1.601665071846608
mean_cvar__btc_eth_cash__static,mean_cvar,btc_eth_cash,False,1,"0,2",-0.047910171842075557
mean_cvar__btc_eth_cash__static,mean_cvar,btc_eth_cash,False,2,"0,3",-0.5321769599754952
mean_cvar__btc_eth_cash__static,mean_cvar,btc_eth_cash,False,3,"0,4",0.30049914545364553
mean_cvar__btc_eth_cash__static,mean_cvar,btc_eth_cash,False,4,"0,5",0.183964662541879
mean_cvar__btc_eth_cash__static,mean_cvar,btc_eth_cash,False,5,"1,2",1.6896171035687892
mean_cvar__btc_eth_cash__static,mean_cvar,btc_eth_cash,False,6,"1,3",0.8728723483428215
mean_cvar__btc_eth_cash__static,mean_cvar,btc_eth_cash,False,7,"1,4",2.156234249461275
mean_cvar__btc_eth_cash__static,mean_cvar,btc_eth_cash,False,8,"1,5",2.073185217500435
mean_cvar__btc_eth_cash__static,mean_cvar,btc_eth_cash,False,9,"2,3",-0.6816302513820216
mean_cvar__btc_eth_cash__static,mean_cvar,btc_eth_cash,False,10,"2,4",0.23253227426135897
mean_cvar__btc_eth_cash__static,mean_cvar,btc_eth_cash,False,11,"2,5",0.07631832355587864
mean_cvar__btc_eth_cash__static,mean_cvar,btc_eth_cash,False,12,"3,4",-0.456187584935198
mean_cvar__btc_eth_cash__static,mean_cvar,btc_eth_cash,False,13,"3,5",-0.5567134234672949
mean_cvar__btc_eth_cash__static,mean_cvar,btc_eth_cash,False,14,"4,5",0.8056991427899546
mean_cvar__btc_eth_cash__dynamic,mean_cvar,btc_eth_cash,True,0,"0,1",1.287656670779467
mean_cvar__btc_eth_cash__dynamic,mean_cvar,btc_eth_cash,True,1,"0,2",-0.7693925844213426
mean_cvar__btc_eth_cash__dynamic,mean_cvar,btc_eth_cash,True,2,"0,3",-0.7716384094408476
mean_cvar__btc_eth_cash__dynamic,mean_cvar,btc_eth_cash,True,3,"0,4",-0.6419610663707465
mean_cvar__btc_eth_cash__dynamic,mean_cvar,btc_eth_cash,True,4,"0,5",-0.6419610663707465
mean_cvar__btc_eth_cash__dynamic,mean_cvar,btc_eth_cash,True,5,"1,2",1.4759291863790616
mean_cvar__btc_eth_cash__dynamic,mean_cvar,btc_eth_cash,True,6,"1,3",1.6268918279460596
mean_cvar__btc_eth_cash__dynamic,mean_cvar,btc_eth_cash,True,7,"1,4",1.6987231200829829
mean_cvar__btc_eth_cash__dynamic,mean_cvar,btc_eth_cash,True,8,"1,5",1.6987231200829829
mean_cvar__btc_eth_cash__dynamic,mean_cvar,btc_eth_cash,True,9,"2,3",-0.5949983531560614
mean_cvar__btc_eth_cash__dynamic,mean_cvar,btc_eth_cash,True,10,"2,4",-0.42303570680826524
mean_cvar__btc_eth_cash__dynamic,mean_cvar,btc_eth_cash,True,11,"2,5",-0.42303570680826524
mean_cvar__btc_eth_cash__dynamic,mean_cvar,btc_eth_cash,True,12,"3,4",-0.735980072193987
mean_cvar__btc_eth_cash__dynamic,mean_cvar,btc_eth_cash,True,13,"3,5",-0.735980072193987
mean_cvar__btc_eth_cash__dynamic,mean_cvar,btc_eth_cash,True,14,"4,5",
kelly__btc_eth__static,kelly,btc_eth,False,0,"0,1",1.5268267032600658
kelly__btc_eth__static,kelly,btc_eth,False,1,"0,2",-0.059395993426712555
kelly__btc_eth__static,kelly,btc_eth,False,2,"0,3",-0.4312335270908268
kelly__btc_eth__static,kelly,btc_eth,False,3,"0,4",0.31015292310896864
kelly__btc_eth__static,kelly,btc_eth,False,4,"0,5",0.13060678426839836
kelly__btc_eth__static,kelly,btc_eth,False,5,"1,2",1.6327449218386587
kelly__btc_eth__static,kelly,btc_eth,False,6,"1,3",0.9951223019347808
kelly__btc_eth__static,kelly,btc_eth,False,7,"1,4",2.076628772211631
kelly__btc_eth__static,kelly,btc_eth,False,8,"1,5",1.9478738808777072
kelly__btc_eth__static,kelly,btc_eth,False,9,"2,3",-0.6003017295244502
kelly__btc_eth__static,kelly,btc_eth,False,10,"2,4",0.25775435099437316
kelly__btc_eth__static,kelly,btc_eth,False,11,"2,5",0.0011715537896623102
kelly__btc_eth__static,kelly,btc_eth,False,12,"3,4",-0.3167523985014076
kelly__btc_eth__static,kelly,btc_eth,False,13,"3,5",-0.4870955619950664
kelly__btc_eth__static,kelly,btc_eth,False,14,"4,5",0.7659850062845128
kelly__btc_eth__dynamic,kelly,btc_eth,True,0,"0,1",1.2149440796547082
kelly__btc_eth__dynamic,kelly,btc_eth,True,1,"0,2",-0.7597916742167774
kelly__btc_eth__dynamic,kelly,btc_eth,True,2,"0,3",-0.7366121674886408
kelly__btc_eth__dynamic,kelly,btc_eth,True,3,"0,4",-0.618156624349637
kelly__btc_eth__dynamic,kelly,btc_eth,True,4,"0,5",-0.618156624349637
kelly__btc_eth__dynamic,kelly,btc_eth,True,5,"1,2",1.3876243051890558
kelly__btc_eth__dynamic,kelly,btc_eth,True,6,"1,3",1.5468831555084295
kelly__btc_eth__dynamic,kelly,btc_eth,True,7,"1,4",1.6110017403547794
kelly__btc_eth__dynamic,kelly,btc_eth,True,8,"1,5",1.6110017403547794
kelly__btc_eth__dynamic,kelly,btc_eth,True,9,"2,3",-0.5961164351320966
kelly__btc_eth__dynamic,kelly,btc_eth,True,10,"2,4",-0.43879395499071755
kelly__btc_eth__dynamic,kelly,btc_eth,True,11,"2,5",-0.43879395499071755
kelly__btc_eth__dynamic,kelly,btc_eth,True,12,"3,4",-0.7359800721939871
kelly__btc_eth__dynamic,kelly,btc_eth,True,13,"3,5",-0.7359800721939871
kelly__btc_eth__dynamic,kelly,btc_eth,True,14,"4,5",
kelly__btc_eth_cash__static,kelly,btc_eth_cash,False,0,"0,1",1.5268267032600658
kelly__btc_eth_cash__static,kelly,btc_eth_cash,False,1,"0,2",-0.059395993426712555
kelly__btc_eth_cash__static,kelly,btc_eth_cash,False,2,"0,3",-0.4312335270908268
kelly__btc_eth_cash__static,kelly,btc_eth_cash,False,3,"0,4",0.31015292310896864
kelly__btc_eth_cash__static,kelly,btc_eth_cash,False,4,"0,5",0.13060678426839836
kelly__btc_eth_cash__static,kelly,btc_eth_cash,False,5,"1,2",1.6327449218386587
kelly__btc_eth_cash__static,kelly,btc_eth_cash,False,6,"1,3",0.9951223019347808
kelly__btc_eth_cash__static,kelly,btc_eth_cash,False,7,"1,4",2.076628772211631
kelly__btc_eth_cash__static,kelly,btc_eth_cash,False,8,"1,5",1.9478738808777072
kelly__btc_eth_cash__static,kelly,btc_eth_cash,False,9,"2,3",-0.6003017295244502
kelly__btc_eth_cash__static,kelly,btc_eth_cash,False,10,"2,4",0.25775435099437316
kelly__btc_eth_cash__static,kelly,btc_eth_cash,False,11,"2,5",0.0011715537896623102
kelly__btc_eth_cash__static,kelly,btc_eth_cash,False,12,"3,4",-0.3167523985014076
kelly__btc_eth_cash__static,kelly,btc_eth_cash,False,13,"3,5",-0.4870955619950664
kelly__btc_eth_cash__static,kelly,btc_eth_cash,False,14,"4,5",0.7659850062845128
kelly__btc_eth_cash__dynamic,kelly,btc_eth_cash,True,0,"0,1",1.2149440796547082
kelly__btc_eth_cash__dynamic,kelly,btc_eth_cash,True,1,"0,2",-0.7597916742167774
kelly__btc_eth_cash__dynamic,kelly,btc_eth_cash,True,2,"0,3",-0.7366121674886408
kelly__btc_eth_cash__dynamic,kelly,btc_eth_cash,True,3,"0,4",-0.618156624349637
kelly__btc_eth_cash__dynamic,kelly,btc_eth_cash,True,4,"0,5",-0.618156624349637
kelly__btc_eth_cash__dynamic,kelly,btc_eth_cash,True,5,"1,2",1.3876243051890558
kelly__btc_eth_cash__dynamic,kelly,btc_eth_cash,True,6,"1,3",1.5468831555084295
kelly__btc_eth_cash__dynamic,kelly,btc_eth_cash,True,7,"1,4",1.6110017403547794
kelly__btc_eth_cash__dynamic,kelly,btc_eth_cash,True,8,"1,5",1.6110017403547794
kelly__btc_eth_cash__dynamic,kelly,btc_eth_cash,True,9,"2,3",-0.5961164351320966
kelly__btc_eth_cash__dynamic,kelly,btc_eth_cash,True,10,"2,4",-0.43879395499071755
kelly__btc_eth_cash__dynamic,kelly,btc_eth_cash,True,11,"2,5",-0.43879395499071755
kelly__btc_eth_cash__dynamic,kelly,btc_eth_cash,True,12,"3,4",-0.7359800721939871
kelly__btc_eth_cash__dynamic,kelly,btc_eth_cash,True,13,"3,5",-0.7359800721939871
kelly__btc_eth_cash__dynamic,kelly,btc_eth_cash,True,14,"4,5",
fractional_kelly_0_25__btc_eth__static,fractional_kelly_0_25,btc_eth,False,0,"0,1",1.5437889937673475
fractional_kelly_0_25__btc_eth__static,fractional_kelly_0_25,btc_eth,False,1,"0,2",0.13902760257527264
fractional_kelly_0_25__btc_eth__static,fractional_kelly_0_25,btc_eth,False,2,"0,3",-0.3342779328569466
fractional_kelly_0_25__btc_eth__static,fractional_kelly_0_25,btc_eth,False,3,"0,4",0.4523795500536978
fractional_kelly_0_25__btc_eth__static,fractional_kelly_0_25,btc_eth,False,4,"0,5",0.2817586423011696
fractional_kelly_0_25__btc_eth__static,fractional_kelly_0_25,btc_eth,False,5,"1,2",1.6019941022466648
fractional_kelly_0_25__btc_eth__static,fractional_kelly_0_25,btc_eth,False,6,"1,3",0.898746183587434
fractional_kelly_0_25__btc_eth__static,fractional_kelly_0_25,btc_eth,False,7,"1,4",2.001904812218916
fractional_kelly_0_25__btc_eth__static,fractional_kelly_0_25,btc_eth,False,8,"1,5",1.872476681355294
fractional_kelly_0_25__btc_eth__static,fractional_kelly_0_25,btc_eth,False,9,"2,3",-0.49218104145771435
fractional_kelly_0_25__btc_eth__static,fractional_kelly_0_25,btc_eth,False,10,"2,4",0.3944436781242838
fractional_kelly_0_25__btc_eth__static,fractional_kelly_0_25,btc_eth,False,11,"2,5",0.16716417850461113
fractional_kelly_0_25__btc_eth__static,fractional_kelly_0_25,btc_eth,False,12,"3,4",-0.2895458869175789
fractional_kelly_0_25__btc_eth__static,fractional_kelly_0_25,btc_eth,False,13,"3,5",-0.4425823292861086
fractional_kelly_0_25__btc_eth__static,fractional_kelly_0_25,btc_eth,False,14,"4,5",0.8198965494497684
fractional_kelly_0_25__btc_eth__dynamic,fractional_kelly_0_25,btc_eth,True,0,"0,1",1.1695433655640604
fractional_kelly_0_25__btc_eth__dynamic,fractional_kelly_0_25,btc_eth,True,1,"0,2",-0.7449522689878185
fractional_kelly_0_25__btc_eth__dynamic,fractional_kelly_0_25,btc_eth,True,2,"0,3",-0.7296338160821145
fractional_kelly_0_25__btc_eth__dynamic,fractional_kelly_0_25,btc_eth,True,3,"0,4",-0.6070384110511935
fractional_kelly_0_25__btc_eth__dynamic,fractional_kelly_0_25,btc_eth,True,4,"0,5",-0.6070384110511935
fractional_kelly_0_25__btc_eth__dynamic,fractional_kelly_0_25,btc_eth,True,5,"1,2",1.3243299652482217
fractional_kelly_0_25__btc_eth__dynamic,fractional_kelly_0_25,btc_eth,True,6,"1,3",1.480739910400903
fractional_kelly_0_25__btc_eth__dynamic,fractional_kelly_0_25,btc_eth,True,7,"1,4",1.5455537763058296
fractional_kelly_0_25__btc_eth__dynamic,fractional_kelly_0_25,btc_eth,True,8,"1,5",1.5455537763058296
fractional_kelly_0_25__btc_eth__dynamic,fractional_kelly_0_25,btc_eth,True,9,"2,3",-0.5872404366444659
fractional_kelly_0_25__btc_eth__dynamic,fractional_kelly_0_25,btc_eth,True,10,"2,4",-0.4297692100607864
fractional_kelly_0_25__btc_eth__dynamic,fractional_kelly_0_25,btc_eth,True,11,"2,5",-0.4297692100607864
fractional_kelly_0_25__btc_eth__dynamic,fractional_kelly_0_25,btc_eth,True,12,"3,4",-0.7359800721939869
fractional_kelly_0_25__btc_eth__dynamic,fractional_kelly_0_25,btc_eth,True,13,"3,5",-0.7359800721939869
fractional_kelly_0_25__btc_eth__dynamic,fractional_kelly_0_25,btc_eth,True,14,"4,5",
fractional_kelly_0_25__btc_eth_cash__static,fractional_kelly_0_25,btc_eth_cash,False,0,"0,1",1.5437889937673475
fractional_kelly_0_25__btc_eth_cash__static,fractional_kelly_0_25,btc_eth_cash,False,1,"0,2",0.13902760257527264
fractional_kelly_0_25__btc_eth_cash__static,fractional_kelly_0_25,btc_eth_cash,False,2,"0,3",-0.3342779328569466
fractional_kelly_0_25__btc_eth_cash__static,fractional_kelly_0_25,btc_eth_cash,False,3,"0,4",0.4523795500536978
fractional_kelly_0_25__btc_eth_cash__static,fractional_kelly_0_25,btc_eth_cash,False,4,"0,5",0.2817586423011696
fractional_kelly_0_25__btc_eth_cash__static,fractional_kelly_0_25,btc_eth_cash,False,5,"1,2",1.6019941022466648
fractional_kelly_0_25__btc_eth_cash__static,fractional_kelly_0_25,btc_eth_cash,False,6,"1,3",0.898746183587434
fractional_kelly_0_25__btc_eth_cash__static,fractional_kelly_0_25,btc_eth_cash,False,7,"1,4",2.001904812218916
fractional_kelly_0_25__btc_eth_cash__static,fractional_kelly_0_25,btc_eth_cash,False,8,"1,5",1.872476681355294
fractional_kelly_0_25__btc_eth_cash__static,fractional_kelly_0_25,btc_eth_cash,False,9,"2,3",-0.49218104145771435
fractional_kelly_0_25__btc_eth_cash__static,fractional_kelly_0_25,btc_eth_cash,False,10,"2,4",0.3944436781242838
fractional_kelly_0_25__btc_eth_cash__static,fractional_kelly_0_25,btc_eth_cash,False,11,"2,5",0.16716417850461113
fractional_kelly_0_25__btc_eth_cash__static,fractional_kelly_0_25,btc_eth_cash,False,12,"3,4",-0.2895458869175789
fractional_kelly_0_25__btc_eth_cash__static,fractional_kelly_0_25,btc_eth_cash,False,13,"3,5",-0.4425823292861086
fractional_kelly_0_25__btc_eth_cash__static,fractional_kelly_0_25,btc_eth_cash,False,14,"4,5",0.8198965494497684
fractional_kelly_0_25__btc_eth_cash__dynamic,fractional_kelly_0_25,btc_eth_cash,True,0,"0,1",1.1695433655640604
fractional_kelly_0_25__btc_eth_cash__dynamic,fractional_kelly_0_25,btc_eth_cash,True,1,"0,2",-0.7449522689878185
fractional_kelly_0_25__btc_eth_cash__dynamic,fractional_kelly_0_25,btc_eth_cash,True,2,"0,3",-0.7296338160821145
fractional_kelly_0_25__btc_eth_cash__dynamic,fractional_kelly_0_25,btc_eth_cash,True,3,"0,4",-0.6070384110511935
fractional_kelly_0_25__btc_eth_cash__dynamic,fractional_kelly_0_25,btc_eth_cash,True,4,"0,5",-0.6070384110511935
fractional_kelly_0_25__btc_eth_cash__dynamic,fractional_kelly_0_25,btc_eth_cash,True,5,"1,2",1.3243299652482217
fractional_kelly_0_25__btc_eth_cash__dynamic,fractional_kelly_0_25,btc_eth_cash,True,6,"1,3",1.480739910400903
fractional_kelly_0_25__btc_eth_cash__dynamic,fractional_kelly_0_25,btc_eth_cash,True,7,"1,4",1.5455537763058296
fractional_kelly_0_25__btc_eth_cash__dynamic,fractional_kelly_0_25,btc_eth_cash,True,8,"1,5",1.5455537763058296
fractional_kelly_0_25__btc_eth_cash__dynamic,fractional_kelly_0_25,btc_eth_cash,True,9,"2,3",-0.5872404366444659
fractional_kelly_0_25__btc_eth_cash__dynamic,fractional_kelly_0_25,btc_eth_cash,True,10,"2,4",-0.4297692100607864
fractional_kelly_0_25__btc_eth_cash__dynamic,fractional_kelly_0_25,btc_eth_cash,True,11,"2,5",-0.4297692100607864
fractional_kelly_0_25__btc_eth_cash__dynamic,fractional_kelly_0_25,btc_eth_cash,True,12,"3,4",-0.7359800721939869
fractional_kelly_0_25__btc_eth_cash__dynamic,fractional_kelly_0_25,btc_eth_cash,True,13,"3,5",-0.7359800721939869
fractional_kelly_0_25__btc_eth_cash__dynamic,fractional_kelly_0_25,btc_eth_cash,True,14,"4,5",
fractional_kelly_0_50__btc_eth__static,fractional_kelly_0_50,btc_eth,False,0,"0,1",1.510830254091539
fractional_kelly_0_50__btc_eth__static,fractional_kelly_0_50,btc_eth,False,1,"0,2",0.10909719933870822
fractional_kelly_0_50__btc_eth__static,fractional_kelly_0_50,btc_eth,False,2,"0,3",-0.34230353151538656
fractional_kelly_0_50__btc_eth__static,fractional_kelly_0_50,btc_eth,False,3,"0,4",0.41990491478273473
fractional_kelly_0_50__btc_eth__static,fractional_kelly_0_50,btc_eth,False,4,"0,5",0.2504283347751541
fractional_kelly_0_50__btc_eth__static,fractional_kelly_0_50,btc_eth,False,5,"1,2",1.5947939619813472
fractional_kelly_0_50__btc_eth__static,fractional_kelly_0_50,btc_eth,False,6,"1,3",0.9105982967990729
fractional_kelly_0_50__btc_eth__static,fractional_kelly_0_50,btc_eth,False,7,"1,4",1.9920608116287646
fractional_kelly_0_50__btc_eth__static,fractional_kelly_0_50,btc_eth,False,8,"1,5",1.8641476078338366
fractional_kelly_0_50__btc_eth__static,fractional_kelly_0_50,btc_eth,False,9,"2,3",-0.4855128514106956
fractional_kelly_0_50__btc_eth__static,fractional_kelly_0_50,btc_eth,False,10,"2,4",0.3924930966579238
fractional_kelly_0_50__btc_eth__static,fractional_kelly_0_50,btc_eth,False,11,"2,5",0.16423162855762635
fractional_kelly_0_50__btc_eth__static,fractional_kelly_0_50,btc_eth,False,12,"3,4",-0.2755749767799766
fractional_kelly_0_50__btc_eth__static,fractional_kelly_0_50,btc_eth,False,13,"3,5",-0.4301255578322828
fractional_kelly_0_50__btc_eth__static,fractional_kelly_0_50,btc_eth,False,14,"4,5",0.8218101618388453
fractional_kelly_0_50__btc_eth__dynamic,fractional_kelly_0_50,btc_eth,True,0,"0,1",1.1610964791233154
fractional_kelly_0_50__btc_eth__dynamic,fractional_kelly_0_50,btc_eth,True,1,"0,2",-0.7523092645014047
fractional_kelly_0_50__btc_eth__dynamic,fractional_kelly_0_50,btc_eth,True,2,"0,3",-0.7346756153417715
fractional_kelly_0_50__btc_eth__dynamic,fractional_kelly_0_50,btc_eth,True,3,"0,4",-0.6136626772872336
fractional_kelly_0_50__btc_eth__dynamic,fractional_kelly_0_50,btc_eth,True,4,"0,5",-0.6136626772872336
fractional_kelly_0_50__btc_eth__dynamic,fractional_kelly_0_50,btc_eth,True,5,"1,2",1.3228416203467135
fractional_kelly_0_50__btc_eth__dynamic,fractional_kelly_0_50,btc_eth,True,6,"1,3",1.4792448863606495
fractional_kelly_0_50__btc_eth__dynamic,fractional_kelly_0_50,btc_eth,True,7,"1,4",1.5437503641423898
fractional_kelly_0_50__btc_eth__dynamic,fractional_kelly_0_50,btc_eth,True,8,"1,5",1.5437503641423898
fractional_kelly_0_50__btc_eth__dynamic,fractional_kelly_0_50,btc_eth,True,9,"2,3",-0.5902403193988583
fractional_kelly_0_50__btc_eth__dynamic,fractional_kelly_0_50,btc_eth,True,10,"2,4",-0.432823317950184
fractional_kelly_0_50__btc_eth__dynamic,fractional_kelly_0_50,btc_eth,True,11,"2,5",-0.432823317950184
fractional_kelly_0_50__btc_eth__dynamic,fractional_kelly_0_50,btc_eth,True,12,"3,4",-0.7359800721939871
fractional_kelly_0_50__btc_eth__dynamic,fractional_kelly_0_50,btc_eth,True,13,"3,5",-0.7359800721939871
fractional_kelly_0_50__btc_eth__dynamic,fractional_kelly_0_50,btc_eth,True,14,"4,5",
fractional_kelly_0_50__btc_eth_cash__static,fractional_kelly_0_50,btc_eth_cash,False,0,"0,1",1.510830254091539
fractional_kelly_0_50__btc_eth_cash__static,fractional_kelly_0_50,btc_eth_cash,False,1,"0,2",0.10909719933870822
fractional_kelly_0_50__btc_eth_cash__static,fractional_kelly_0_50,btc_eth_cash,False,2,"0,3",-0.34230353151538656
fractional_kelly_0_50__btc_eth_cash__static,fractional_kelly_0_50,btc_eth_cash,False,3,"0,4",0.41990491478273473
fractional_kelly_0_50__btc_eth_cash__static,fractional_kelly_0_50,btc_eth_cash,False,4,"0,5",0.2504283347751541
fractional_kelly_0_50__btc_eth_cash__static,fractional_kelly_0_50,btc_eth_cash,False,5,"1,2",1.5947939619813472
fractional_kelly_0_50__btc_eth_cash__static,fractional_kelly_0_50,btc_eth_cash,False,6,"1,3",0.9105982967990729
fractional_kelly_0_50__btc_eth_cash__static,fractional_kelly_0_50,btc_eth_cash,False,7,"1,4",1.9920608116287646
fractional_kelly_0_50__btc_eth_cash__static,fractional_kelly_0_50,btc_eth_cash,False,8,"1,5",1.8641476078338366
fractional_kelly_0_50__btc_eth_cash__static,fractional_kelly_0_50,btc_eth_cash,False,9,"2,3",-0.4855128514106956
fractional_kelly_0_50__btc_eth_cash__static,fractional_kelly_0_50,btc_eth_cash,False,10,"2,4",0.3924930966579238
fractional_kelly_0_50__btc_eth_cash__static,fractional_kelly_0_50,btc_eth_cash,False,11,"2,5",0.16423162855762635
fractional_kelly_0_50__btc_eth_cash__static,fractional_kelly_0_50,btc_eth_cash,False,12,"3,4",-0.2755749767799766
fractional_kelly_0_50__btc_eth_cash__static,fractional_kelly_0_50,btc_eth_cash,False,13,"3,5",-0.4301255578322828
fractional_kelly_0_50__btc_eth_cash__static,fractional_kelly_0_50,btc_eth_cash,False,14,"4,5",0.8218101618388453
fractional_kelly_0_50__btc_eth_cash__dynamic,fractional_kelly_0_50,btc_eth_cash,True,0,"0,1",1.1610964791233154
fractional_kelly_0_50__btc_eth_cash__dynamic,fractional_kelly_0_50,btc_eth_cash,True,1,"0,2",-0.7523092645014047
fractional_kelly_0_50__btc_eth_cash__dynamic,fractional_kelly_0_50,btc_eth_cash,True,2,"0,3",-0.7346756153417715
fractional_kelly_0_50__btc_eth_cash__dynamic,fractional_kelly_0_50,btc_eth_cash,True,3,"0,4",-0.6136626772872336
fractional_kelly_0_50__btc_eth_cash__dynamic,fractional_kelly_0_50,btc_eth_cash,True,4,"0,5",-0.6136626772872336
fractional_kelly_0_50__btc_eth_cash__dynamic,fractional_kelly_0_50,btc_eth_cash,True,5,"1,2",1.3228416203467135
fractional_kelly_0_50__btc_eth_cash__dynamic,fractional_kelly_0_50,btc_eth_cash,True,6,"1,3",1.4792448863606495
fractional_kelly_0_50__btc_eth_cash__dynamic,fractional_kelly_0_50,btc_eth_cash,True,7,"1,4",1.5437503641423898
fractional_kelly_0_50__btc_eth_cash__dynamic,fractional_kelly_0_50,btc_eth_cash,True,8,"1,5",1.5437503641423898
fractional_kelly_0_50__btc_eth_cash__dynamic,fractional_kelly_0_50,btc_eth_cash,True,9,"2,3",-0.5902403193988583
fractional_kelly_0_50__btc_eth_cash__dynamic,fractional_kelly_0_50,btc_eth_cash,True,10,"2,4",-0.432823317950184
fractional_kelly_0_50__btc_eth_cash__dynamic,fractional_kelly_0_50,btc_eth_cash,True,11,"2,5",-0.432823317950184
fractional_kelly_0_50__btc_eth_cash__dynamic,fractional_kelly_0_50,btc_eth_cash,True,12,"3,4",-0.7359800721939871
fractional_kelly_0_50__btc_eth_cash__dynamic,fractional_kelly_0_50,btc_eth_cash,True,13,"3,5",-0.7359800721939871
fractional_kelly_0_50__btc_eth_cash__dynamic,fractional_kelly_0_50,btc_eth_cash,True,14,"4,5",
fractional_kelly_0_75__btc_eth__static,fractional_kelly_0_75,btc_eth,False,0,"0,1",1.502982326492899
fractional_kelly_0_75__btc_eth__static,fractional_kelly_0_75,btc_eth,False,1,"0,2",0.09396102968762372
fractional_kelly_0_75__btc_eth__static,fractional_kelly_0_75,btc_eth,False,2,"0,3",-0.333541646466411
fractional_kelly_0_75__btc_eth__static,fractional_kelly_0_75,btc_eth,False,3,"0,4",0.40538765355005496
fractional_kelly_0_75__btc_eth__static,fractional_kelly_0_75,btc_eth,False,4,"0,5",0.23667251141158518
fractional_kelly_0_75__btc_eth__static,fractional_kelly_0_75,btc_eth,False,5,"1,2",1.5982594058039044
fractional_kelly_0_75__btc_eth__static,fractional_kelly_0_75,btc_eth,False,6,"1,3",0.9408344103381499
fractional_kelly_0_75__btc_eth__static,fractional_kelly_0_75,btc_eth,False,7,"1,4",1.9902695508364012
fractional_kelly_0_75__btc_eth__static,fractional_kelly_0_75,btc_eth,False,8,"1,5",1.8645677958828095
fractional_kelly_0_75__btc_eth__static,fractional_kelly_0_75,btc_eth,False,9,"2,3",-0.4712813354244958
fractional_kelly_0_75__btc_eth__static,fractional_kelly_0_75,btc_eth,False,10,"2,4",0.39077095763736047
fractional_kelly_0_75__btc_eth__static,fractional_kelly_0_75,btc_eth,False,11,"2,5",0.16149937265284434
fractional_kelly_0_75__btc_eth__static,fractional_kelly_0_75,btc_eth,False,12,"3,4",-0.25346159166249854
fractional_kelly_0_75__btc_eth__static,fractional_kelly_0_75,btc_eth,False,13,"3,5",-0.40939897276628484
fractional_kelly_0_75__btc_eth__static,fractional_kelly_0_75,btc_eth,False,14,"4,5",0.8236683086103816
fractional_kelly_0_75__btc_eth__dynamic,fractional_kelly_0_75,btc_eth,True,0,"0,1",1.155862183595289
fractional_kelly_0_75__btc_eth__dynamic,fractional_kelly_0_75,btc_eth,True,1,"0,2",-0.7593239471395677
fractional_kelly_0_75__btc_eth__dynamic,fractional_kelly_0_75,btc_eth,True,2,"0,3",-0.7395269007199045
fractional_kelly_0_75__btc_eth__dynamic,fractional_kelly_0_75,btc_eth,True,3,"0,4",-0.6199303817022123
fractional_kelly_0_75__btc_eth__dynamic,fractional_kelly_0_75,btc_eth,True,4,"0,5",-0.6199303817022123
fractional_kelly_0_75__btc_eth__dynamic,fractional_kelly_0_75,btc_eth,True,5,"1,2",1.3241277045283126
fractional_kelly_0_75__btc_eth__dynamic,fractional_kelly_0_75,btc_eth,True,6,"1,3",1.480752076325384
fractional_kelly_0_75__btc_eth__dynamic,fractional_kelly_0_75,btc_eth,True,7,"1,4",1.5450017129027245
fractional_kelly_0_75__btc_eth__dynamic,fractional_kelly_0_75,btc_eth,True,8,"1,5",1.5450017129027245
fractional_kelly_0_75__btc_eth__dynamic,fractional_kelly_0_75,btc_eth,True,9,"2,3",-0.5931988237390717
fractional_kelly_0_75__btc_eth__dynamic,fractional_kelly_0_75,btc_eth,True,10,"2,4",-0.4358313424289199
fractional_kelly_0_75__btc_eth__dynamic,fractional_kelly_0_75,btc_eth,True,11,"2,5",-0.4358313424289199
fractional_kelly_0_75__btc_eth__dynamic,fractional_kelly_0_75,btc_eth,True,12,"3,4",-0.735980072193987
fractional_kelly_0_75__btc_eth__dynamic,fractional_kelly_0_75,btc_eth,True,13,"3,5",-0.735980072193987
fractional_kelly_0_75__btc_eth__dynamic,fractional_kelly_0_75,btc_eth,True,14,"4,5",
fractional_kelly_0_75__btc_eth_cash__static,fractional_kelly_0_75,btc_eth_cash,False,0,"0,1",1.502982326492899
fractional_kelly_0_75__btc_eth_cash__static,fractional_kelly_0_75,btc_eth_cash,False,1,"0,2",0.09396102968762372
fractional_kelly_0_75__btc_eth_cash__static,fractional_kelly_0_75,btc_eth_cash,False,2,"0,3",-0.333541646466411
fractional_kelly_0_75__btc_eth_cash__static,fractional_kelly_0_75,btc_eth_cash,False,3,"0,4",0.40538765355005496
fractional_kelly_0_75__btc_eth_cash__static,fractional_kelly_0_75,btc_eth_cash,False,4,"0,5",0.23667251141158518
fractional_kelly_0_75__btc_eth_cash__static,fractional_kelly_0_75,btc_eth_cash,False,5,"1,2",1.5982594058039044
fractional_kelly_0_75__btc_eth_cash__static,fractional_kelly_0_75,btc_eth_cash,False,6,"1,3",0.9408344103381499
fractional_kelly_0_75__btc_eth_cash__static,fractional_kelly_0_75,btc_eth_cash,False,7,"1,4",1.9902695508364012
fractional_kelly_0_75__btc_eth_cash__static,fractional_kelly_0_75,btc_eth_cash,False,8,"1,5",1.8645677958828095
fractional_kelly_0_75__btc_eth_cash__static,fractional_kelly_0_75,btc_eth_cash,False,9,"2,3",-0.4712813354244958
fractional_kelly_0_75__btc_eth_cash__static,fractional_kelly_0_75,btc_eth_cash,False,10,"2,4",0.39077095763736047
fractional_kelly_0_75__btc_eth_cash__static,fractional_kelly_0_75,btc_eth_cash,False,11,"2,5",0.16149937265284434
fractional_kelly_0_75__btc_eth_cash__static,fractional_kelly_0_75,btc_eth_cash,False,12,"3,4",-0.25346159166249854
fractional_kelly_0_75__btc_eth_cash__static,fractional_kelly_0_75,btc_eth_cash,False,13,"3,5",-0.40939897276628484
fractional_kelly_0_75__btc_eth_cash__static,fractional_kelly_0_75,btc_eth_cash,False,14,"4,5",0.8236683086103816
fractional_kelly_0_75__btc_eth_cash__dynamic,fractional_kelly_0_75,btc_eth_cash,True,0,"0,1",1.155862183595289
fractional_kelly_0_75__btc_eth_cash__dynamic,fractional_kelly_0_75,btc_eth_cash,True,1,"0,2",-0.7593239471395677
fractional_kelly_0_75__btc_eth_cash__dynamic,fractional_kelly_0_75,btc_eth_cash,True,2,"0,3",-0.7395269007199045
fractional_kelly_0_75__btc_eth_cash__dynamic,fractional_kelly_0_75,btc_eth_cash,True,3,"0,4",-0.6199303817022123
fractional_kelly_0_75__btc_eth_cash__dynamic,fractional_kelly_0_75,btc_eth_cash,True,4,"0,5",-0.6199303817022123
fractional_kelly_0_75__btc_eth_cash__dynamic,fractional_kelly_0_75,btc_eth_cash,True,5,"1,2",1.3241277045283126
fractional_kelly_0_75__btc_eth_cash__dynamic,fractional_kelly_0_75,btc_eth_cash,True,6,"1,3",1.480752076325384
fractional_kelly_0_75__btc_eth_cash__dynamic,fractional_kelly_0_75,btc_eth_cash,True,7,"1,4",1.5450017129027245
fractional_kelly_0_75__btc_eth_cash__dynamic,fractional_kelly_0_75,btc_eth_cash,True,8,"1,5",1.5450017129027245
fractional_kelly_0_75__btc_eth_cash__dynamic,fractional_kelly_0_75,btc_eth_cash,True,9,"2,3",-0.5931988237390717
fractional_kelly_0_75__btc_eth_cash__dynamic,fractional_kelly_0_75,btc_eth_cash,True,10,"2,4",-0.4358313424289199
fractional_kelly_0_75__btc_eth_cash__dynamic,fractional_kelly_0_75,btc_eth_cash,True,11,"2,5",-0.4358313424289199
fractional_kelly_0_75__btc_eth_cash__dynamic,fractional_kelly_0_75,btc_eth_cash,True,12,"3,4",-0.735980072193987
fractional_kelly_0_75__btc_eth_cash__dynamic,fractional_kelly_0_75,btc_eth_cash,True,13,"3,5",-0.735980072193987
fractional_kelly_0_75__btc_eth_cash__dynamic,fractional_kelly_0_75,btc_eth_cash,True,14,"4,5",
probability_weighted__btc_eth__static,probability_weighted,btc_eth,False,0,"0,1",1.7591672558842912
probability_weighted__btc_eth__static,probability_weighted,btc_eth,False,1,"0,2",0.15142202294529053
probability_weighted__btc_eth__static,probability_weighted,btc_eth,False,2,"0,3",-0.2780161084661683
probability_weighted__btc_eth__static,probability_weighted,btc_eth,False,3,"0,4",0.5274456843386292
probability_weighted__btc_eth__static,probability_weighted,btc_eth,False,4,"0,5",0.403786477444746
probability_weighted__btc_eth__static,probability_weighted,btc_eth,False,5,"1,2",1.7064442124028871
probability_weighted__btc_eth__static,probability_weighted,btc_eth,False,6,"1,3",0.9585892253482098
probability_weighted__btc_eth__static,probability_weighted,btc_eth,False,7,"1,4",2.161281843730969
probability_weighted__btc_eth__static,probability_weighted,btc_eth,False,8,"1,5",2.069068290917089
probability_weighted__btc_eth__static,probability_weighted,btc_eth,False,9,"2,3",-0.5891061738209562
probability_weighted__btc_eth__static,probability_weighted,btc_eth,False,10,"2,4",0.2268978443743585
probability_weighted__btc_eth__static,probability_weighted,btc_eth,False,11,"2,5",0.045700338072462064
probability_weighted__btc_eth__static,probability_weighted,btc_eth,False,12,"3,4",-0.33795745821734585
probability_weighted__btc_eth__static,probability_weighted,btc_eth,False,13,"3,5",-0.4486139787839674
probability_weighted__btc_eth__static,probability_weighted,btc_eth,False,14,"4,5",0.7660977786377144
probability_weighted__btc_eth__dynamic,probability_weighted,btc_eth,True,0,"0,1",1.4340900849968197
probability_weighted__btc_eth__dynamic,probability_weighted,btc_eth,True,1,"0,2",-0.4534807192472666
probability_weighted__btc_eth__dynamic,probability_weighted,btc_eth,True,2,"0,3",-0.3406772071862156
probability_weighted__btc_eth__dynamic,probability_weighted,btc_eth,True,3,"0,4",-0.21782376395039085
probability_weighted__btc_eth__dynamic,probability_weighted,btc_eth,True,4,"0,5",-0.21782376395039085
probability_weighted__btc_eth__dynamic,probability_weighted,btc_eth,True,5,"1,2",1.460232634632337
probability_weighted__btc_eth__dynamic,probability_weighted,btc_eth,True,6,"1,3",1.6201920719327678
probability_weighted__btc_eth__dynamic,probability_weighted,btc_eth,True,7,"1,4",1.6882205499352894
probability_weighted__btc_eth__dynamic,probability_weighted,btc_eth,True,8,"1,5",1.6882205499352894
probability_weighted__btc_eth__dynamic,probability_weighted,btc_eth,True,9,"2,3",-0.6611553660684215
probability_weighted__btc_eth__dynamic,probability_weighted,btc_eth,True,10,"2,4",-0.49023814360349993
probability_weighted__btc_eth__dynamic,probability_weighted,btc_eth,True,11,"2,5",-0.49023814360349993
probability_weighted__btc_eth__dynamic,probability_weighted,btc_eth,True,12,"3,4",-0.7359800721939873
probability_weighted__btc_eth__dynamic,probability_weighted,btc_eth,True,13,"3,5",-0.7359800721939873
probability_weighted__btc_eth__dynamic,probability_weighted,btc_eth,True,14,"4,5",
probability_weighted__btc_eth_cash__static,probability_weighted,btc_eth_cash,False,0,"0,1",1.7591672558842912
probability_weighted__btc_eth_cash__static,probability_weighted,btc_eth_cash,False,1,"0,2",0.15142202294529053
probability_weighted__btc_eth_cash__static,probability_weighted,btc_eth_cash,False,2,"0,3",-0.2780161084661683
probability_weighted__btc_eth_cash__static,probability_weighted,btc_eth_cash,False,3,"0,4",0.5274456843386292
probability_weighted__btc_eth_cash__static,probability_weighted,btc_eth_cash,False,4,"0,5",0.403786477444746
probability_weighted__btc_eth_cash__static,probability_weighted,btc_eth_cash,False,5,"1,2",1.7064442124028871
probability_weighted__btc_eth_cash__static,probability_weighted,btc_eth_cash,False,6,"1,3",0.9585892253482098
probability_weighted__btc_eth_cash__static,probability_weighted,btc_eth_cash,False,7,"1,4",2.161281843730969
probability_weighted__btc_eth_cash__static,probability_weighted,btc_eth_cash,False,8,"1,5",2.069068290917089
probability_weighted__btc_eth_cash__static,probability_weighted,btc_eth_cash,False,9,"2,3",-0.5891061738209562
probability_weighted__btc_eth_cash__static,probability_weighted,btc_eth_cash,False,10,"2,4",0.2268978443743585
probability_weighted__btc_eth_cash__static,probability_weighted,btc_eth_cash,False,11,"2,5",0.045700338072462064
probability_weighted__btc_eth_cash__static,probability_weighted,btc_eth_cash,False,12,"3,4",-0.33795745821734585
probability_weighted__btc_eth_cash__static,probability_weighted,btc_eth_cash,False,13,"3,5",-0.4486139787839674
probability_weighted__btc_eth_cash__static,probability_weighted,btc_eth_cash,False,14,"4,5",0.7660977786377144
probability_weighted__btc_eth_cash__dynamic,probability_weighted,btc_eth_cash,True,0,"0,1",1.4340900849968197
probability_weighted__btc_eth_cash__dynamic,probability_weighted,btc_eth_cash,True,1,"0,2",-0.4534807192472666
probability_weighted__btc_eth_cash__dynamic,probability_weighted,btc_eth_cash,True,2,"0,3",-0.3406772071862156
probability_weighted__btc_eth_cash__dynamic,probability_weighted,btc_eth_cash,True,3,"0,4",-0.21782376395039085
probability_weighted__btc_eth_cash__dynamic,probability_weighted,btc_eth_cash,True,4,"0,5",-0.21782376395039085
probability_weighted__btc_eth_cash__dynamic,probability_weighted,btc_eth_cash,True,5,"1,2",1.460232634632337
probability_weighted__btc_eth_cash__dynamic,probability_weighted,btc_eth_cash,True,6,"1,3",1.6201920719327678
probability_weighted__btc_eth_cash__dynamic,probability_weighted,btc_eth_cash,True,7,"1,4",1.6882205499352894
probability_weighted__btc_eth_cash__dynamic,probability_weighted,btc_eth_cash,True,8,"1,5",1.6882205499352894
probability_weighted__btc_eth_cash__dynamic,probability_weighted,btc_eth_cash,True,9,"2,3",-0.6611553660684215
probability_weighted__btc_eth_cash__dynamic,probability_weighted,btc_eth_cash,True,10,"2,4",-0.49023814360349993
probability_weighted__btc_eth_cash__dynamic,probability_weighted,btc_eth_cash,True,11,"2,5",-0.49023814360349993
probability_weighted__btc_eth_cash__dynamic,probability_weighted,btc_eth_cash,True,12,"3,4",-0.7359800721939873
probability_weighted__btc_eth_cash__dynamic,probability_weighted,btc_eth_cash,True,13,"3,5",-0.7359800721939873
probability_weighted__btc_eth_cash__dynamic,probability_weighted,btc_eth_cash,True,14,"4,5",
confidence_weighted__btc_eth__static,confidence_weighted,btc_eth,False,0,"0,1",1.5966096592464702
confidence_weighted__btc_eth__static,confidence_weighted,btc_eth,False,1,"0,2",-0.045761764282488376
confidence_weighted__btc_eth__static,confidence_weighted,btc_eth,False,2,"0,3",-0.5318001542469617
confidence_weighted__btc_eth__static,confidence_weighted,btc_eth,False,3,"0,4",0.29818607368708755
confidence_weighted__btc_eth__static,confidence_weighted,btc_eth,False,4,"0,5",0.18115062926175085
confidence_weighted__btc_eth__static,confidence_weighted,btc_eth,False,5,"1,2",1.6898279210262153
confidence_weighted__btc_eth__static,confidence_weighted,btc_eth,False,6,"1,3",0.8694665355835778
confidence_weighted__btc_eth__static,confidence_weighted,btc_eth,False,7,"1,4",2.1525689110309503
confidence_weighted__btc_eth__static,confidence_weighted,btc_eth,False,8,"1,5",2.0690810522800676
confidence_weighted__btc_eth__static,confidence_weighted,btc_eth,False,9,"2,3",-0.6804070336192941
confidence_weighted__btc_eth__static,confidence_weighted,btc_eth,False,10,"2,4",0.23452539011878842
confidence_weighted__btc_eth__static,confidence_weighted,btc_eth,False,11,"2,5",0.076969154247621
confidence_weighted__btc_eth__static,confidence_weighted,btc_eth,False,12,"3,4",-0.4574268658821519
confidence_weighted__btc_eth__static,confidence_weighted,btc_eth,False,13,"3,5",-0.5587232494892393
confidence_weighted__btc_eth__static,confidence_weighted,btc_eth,False,14,"4,5",0.7992279918943833
confidence_weighted__btc_eth__dynamic,confidence_weighted,btc_eth,True,0,"0,1",1.2821186758264884
confidence_weighted__btc_eth__dynamic,confidence_weighted,btc_eth,True,1,"0,2",-0.7684841975721993
confidence_weighted__btc_eth__dynamic,confidence_weighted,btc_eth,True,2,"0,3",-0.7719989674886674
confidence_weighted__btc_eth__dynamic,confidence_weighted,btc_eth,True,3,"0,4",-0.6426766891537247
confidence_weighted__btc_eth__dynamic,confidence_weighted,btc_eth,True,4,"0,5",-0.6426766891537247
confidence_weighted__btc_eth__dynamic,confidence_weighted,btc_eth,True,5,"1,2",1.4739142508852334
confidence_weighted__btc_eth__dynamic,confidence_weighted,btc_eth,True,6,"1,3",1.6230722163181688
confidence_weighted__btc_eth__dynamic,confidence_weighted,btc_eth,True,7,"1,4",1.6949394523309609
confidence_weighted__btc_eth__dynamic,confidence_weighted,btc_eth,True,8,"1,5",1.6949394523309609
confidence_weighted__btc_eth__dynamic,confidence_weighted,btc_eth,True,9,"2,3",-0.5928768239478854
confidence_weighted__btc_eth__dynamic,confidence_weighted,btc_eth,True,10,"2,4",-0.42035076413336847
confidence_weighted__btc_eth__dynamic,confidence_weighted,btc_eth,True,11,"2,5",-0.42035076413336847
confidence_weighted__btc_eth__dynamic,confidence_weighted,btc_eth,True,12,"3,4",-0.735980072193987
confidence_weighted__btc_eth__dynamic,confidence_weighted,btc_eth,True,13,"3,5",-0.735980072193987
confidence_weighted__btc_eth__dynamic,confidence_weighted,btc_eth,True,14,"4,5",
confidence_weighted__btc_eth_cash__static,confidence_weighted,btc_eth_cash,False,0,"0,1",1.5966096592464702
confidence_weighted__btc_eth_cash__static,confidence_weighted,btc_eth_cash,False,1,"0,2",-0.045761764282488376
confidence_weighted__btc_eth_cash__static,confidence_weighted,btc_eth_cash,False,2,"0,3",-0.5318001542469617
confidence_weighted__btc_eth_cash__static,confidence_weighted,btc_eth_cash,False,3,"0,4",0.29818607368708755
confidence_weighted__btc_eth_cash__static,confidence_weighted,btc_eth_cash,False,4,"0,5",0.18115062926175085
confidence_weighted__btc_eth_cash__static,confidence_weighted,btc_eth_cash,False,5,"1,2",1.6898279210262153
confidence_weighted__btc_eth_cash__static,confidence_weighted,btc_eth_cash,False,6,"1,3",0.8694665355835778
confidence_weighted__btc_eth_cash__static,confidence_weighted,btc_eth_cash,False,7,"1,4",2.1525689110309503
confidence_weighted__btc_eth_cash__static,confidence_weighted,btc_eth_cash,False,8,"1,5",2.0690810522800676
confidence_weighted__btc_eth_cash__static,confidence_weighted,btc_eth_cash,False,9,"2,3",-0.6804070336192941
confidence_weighted__btc_eth_cash__static,confidence_weighted,btc_eth_cash,False,10,"2,4",0.23452539011878842
confidence_weighted__btc_eth_cash__static,confidence_weighted,btc_eth_cash,False,11,"2,5",0.076969154247621
confidence_weighted__btc_eth_cash__static,confidence_weighted,btc_eth_cash,False,12,"3,4",-0.4574268658821519
confidence_weighted__btc_eth_cash__static,confidence_weighted,btc_eth_cash,False,13,"3,5",-0.5587232494892393
confidence_weighted__btc_eth_cash__static,confidence_weighted,btc_eth_cash,False,14,"4,5",0.7992279918943833
confidence_weighted__btc_eth_cash__dynamic,confidence_weighted,btc_eth_cash,True,0,"0,1",1.2821186758264884
confidence_weighted__btc_eth_cash__dynamic,confidence_weighted,btc_eth_cash,True,1,"0,2",-0.7684841975721993
confidence_weighted__btc_eth_cash__dynamic,confidence_weighted,btc_eth_cash,True,2,"0,3",-0.7719989674886674
confidence_weighted__btc_eth_cash__dynamic,confidence_weighted,btc_eth_cash,True,3,"0,4",-0.6426766891537247
confidence_weighted__btc_eth_cash__dynamic,confidence_weighted,btc_eth_cash,True,4,"0,5",-0.6426766891537247
confidence_weighted__btc_eth_cash__dynamic,confidence_weighted,btc_eth_cash,True,5,"1,2",1.4739142508852334
confidence_weighted__btc_eth_cash__dynamic,confidence_weighted,btc_eth_cash,True,6,"1,3",1.6230722163181688
confidence_weighted__btc_eth_cash__dynamic,confidence_weighted,btc_eth_cash,True,7,"1,4",1.6949394523309609
confidence_weighted__btc_eth_cash__dynamic,confidence_weighted,btc_eth_cash,True,8,"1,5",1.6949394523309609
confidence_weighted__btc_eth_cash__dynamic,confidence_weighted,btc_eth_cash,True,9,"2,3",-0.5928768239478854
confidence_weighted__btc_eth_cash__dynamic,confidence_weighted,btc_eth_cash,True,10,"2,4",-0.42035076413336847
confidence_weighted__btc_eth_cash__dynamic,confidence_weighted,btc_eth_cash,True,11,"2,5",-0.42035076413336847
confidence_weighted__btc_eth_cash__dynamic,confidence_weighted,btc_eth_cash,True,12,"3,4",-0.735980072193987
confidence_weighted__btc_eth_cash__dynamic,confidence_weighted,btc_eth_cash,True,13,"3,5",-0.735980072193987
confidence_weighted__btc_eth_cash__dynamic,confidence_weighted,btc_eth_cash,True,14,"4,5",
expected_return_weighted__btc_eth__static,expected_return_weighted,btc_eth,False,0,"0,1",1.5747925956418212
expected_return_weighted__btc_eth__static,expected_return_weighted,btc_eth,False,1,"0,2",-0.049726410549269545
expected_return_weighted__btc_eth__static,expected_return_weighted,btc_eth,False,2,"0,3",-0.5348944721072341
expected_return_weighted__btc_eth__static,expected_return_weighted,btc_eth,False,3,"0,4",0.28935180121089865
expected_return_weighted__btc_eth__static,expected_return_weighted,btc_eth,False,4,"0,5",0.17247560320925498
expected_return_weighted__btc_eth__static,expected_return_weighted,btc_eth,False,5,"1,2",1.670649129383397
expected_return_weighted__btc_eth__static,expected_return_weighted,btc_eth,False,6,"1,3",0.856207544275125
expected_return_weighted__btc_eth__static,expected_return_weighted,btc_eth,False,7,"1,4",2.1290542720839394
expected_return_weighted__btc_eth__static,expected_return_weighted,btc_eth,False,8,"1,5",2.0454890963312313
expected_return_weighted__btc_eth__static,expected_return_weighted,btc_eth,False,9,"2,3",-0.6869357736133135
expected_return_weighted__btc_eth__static,expected_return_weighted,btc_eth,False,10,"2,4",0.22459969533922572
expected_return_weighted__btc_eth__static,expected_return_weighted,btc_eth,False,11,"2,5",0.06570995239116581
expected_return_weighted__btc_eth__static,expected_return_weighted,btc_eth,False,12,"3,4",-0.46603238048549384
expected_return_weighted__btc_eth__static,expected_return_weighted,btc_eth,False,13,"3,5",-0.5682050494249563
expected_return_weighted__btc_eth__static,expected_return_weighted,btc_eth,False,14,"4,5",0.7859524351921865
expected_return_weighted__btc_eth__dynamic,expected_return_weighted,btc_eth,True,0,"0,1",1.2619101673627513
expected_return_weighted__btc_eth__dynamic,expected_return_weighted,btc_eth,True,1,"0,2",-0.776834314453447
expected_return_weighted__btc_eth__dynamic,expected_return_weighted,btc_eth,True,2,"0,3",-0.7803543918474827
expected_return_weighted__btc_eth__dynamic,expected_return_weighted,btc_eth,True,3,"0,4",-0.6525777320005992
expected_return_weighted__btc_eth__dynamic,expected_return_weighted,btc_eth,True,4,"0,5",-0.6525777320005992
expected_return_weighted__btc_eth__dynamic,expected_return_weighted,btc_eth,True,5,"1,2",1.4612132544346348
expected_return_weighted__btc_eth__dynamic,expected_return_weighted,btc_eth,True,6,"1,3",1.6086344748399133
expected_return_weighted__btc_eth__dynamic,expected_return_weighted,btc_eth,True,7,"1,4",1.6798291359568938
expected_return_weighted__btc_eth__dynamic,expected_return_weighted,btc_eth,True,8,"1,5",1.6798291359568938
expected_return_weighted__btc_eth__dynamic,expected_return_weighted,btc_eth,True,9,"2,3",-0.5928171455258214
expected_return_weighted__btc_eth__dynamic,expected_return_weighted,btc_eth,True,10,"2,4",-0.420512817770369
expected_return_weighted__btc_eth__dynamic,expected_return_weighted,btc_eth,True,11,"2,5",-0.420512817770369
expected_return_weighted__btc_eth__dynamic,expected_return_weighted,btc_eth,True,12,"3,4",-0.735980072193987
expected_return_weighted__btc_eth__dynamic,expected_return_weighted,btc_eth,True,13,"3,5",-0.735980072193987
expected_return_weighted__btc_eth__dynamic,expected_return_weighted,btc_eth,True,14,"4,5",
expected_return_weighted__btc_eth_cash__static,expected_return_weighted,btc_eth_cash,False,0,"0,1",1.5747925956418212
expected_return_weighted__btc_eth_cash__static,expected_return_weighted,btc_eth_cash,False,1,"0,2",-0.049726410549269545
expected_return_weighted__btc_eth_cash__static,expected_return_weighted,btc_eth_cash,False,2,"0,3",-0.5348944721072341
expected_return_weighted__btc_eth_cash__static,expected_return_weighted,btc_eth_cash,False,3,"0,4",0.28935180121089865
expected_return_weighted__btc_eth_cash__static,expected_return_weighted,btc_eth_cash,False,4,"0,5",0.17247560320925498
expected_return_weighted__btc_eth_cash__static,expected_return_weighted,btc_eth_cash,False,5,"1,2",1.670649129383397
expected_return_weighted__btc_eth_cash__static,expected_return_weighted,btc_eth_cash,False,6,"1,3",0.856207544275125
expected_return_weighted__btc_eth_cash__static,expected_return_weighted,btc_eth_cash,False,7,"1,4",2.1290542720839394
expected_return_weighted__btc_eth_cash__static,expected_return_weighted,btc_eth_cash,False,8,"1,5",2.0454890963312313
expected_return_weighted__btc_eth_cash__static,expected_return_weighted,btc_eth_cash,False,9,"2,3",-0.6869357736133135
expected_return_weighted__btc_eth_cash__static,expected_return_weighted,btc_eth_cash,False,10,"2,4",0.22459969533922572
expected_return_weighted__btc_eth_cash__static,expected_return_weighted,btc_eth_cash,False,11,"2,5",0.06570995239116581
expected_return_weighted__btc_eth_cash__static,expected_return_weighted,btc_eth_cash,False,12,"3,4",-0.46603238048549384
expected_return_weighted__btc_eth_cash__static,expected_return_weighted,btc_eth_cash,False,13,"3,5",-0.5682050494249563
expected_return_weighted__btc_eth_cash__static,expected_return_weighted,btc_eth_cash,False,14,"4,5",0.7859524351921865
expected_return_weighted__btc_eth_cash__dynamic,expected_return_weighted,btc_eth_cash,True,0,"0,1",1.2619101673627513
expected_return_weighted__btc_eth_cash__dynamic,expected_return_weighted,btc_eth_cash,True,1,"0,2",-0.776834314453447
expected_return_weighted__btc_eth_cash__dynamic,expected_return_weighted,btc_eth_cash,True,2,"0,3",-0.7803543918474827
expected_return_weighted__btc_eth_cash__dynamic,expected_return_weighted,btc_eth_cash,True,3,"0,4",-0.6525777320005992
expected_return_weighted__btc_eth_cash__dynamic,expected_return_weighted,btc_eth_cash,True,4,"0,5",-0.6525777320005992
expected_return_weighted__btc_eth_cash__dynamic,expected_return_weighted,btc_eth_cash,True,5,"1,2",1.4612132544346348
expected_return_weighted__btc_eth_cash__dynamic,expected_return_weighted,btc_eth_cash,True,6,"1,3",1.6086344748399133
expected_return_weighted__btc_eth_cash__dynamic,expected_return_weighted,btc_eth_cash,True,7,"1,4",1.6798291359568938
expected_return_weighted__btc_eth_cash__dynamic,expected_return_weighted,btc_eth_cash,True,8,"1,5",1.6798291359568938
expected_return_weighted__btc_eth_cash__dynamic,expected_return_weighted,btc_eth_cash,True,9,"2,3",-0.5928171455258214
expected_return_weighted__btc_eth_cash__dynamic,expected_return_weighted,btc_eth_cash,True,10,"2,4",-0.420512817770369
expected_return_weighted__btc_eth_cash__dynamic,expected_return_weighted,btc_eth_cash,True,11,"2,5",-0.420512817770369
expected_return_weighted__btc_eth_cash__dynamic,expected_return_weighted,btc_eth_cash,True,12,"3,4",-0.735980072193987
expected_return_weighted__btc_eth_cash__dynamic,expected_return_weighted,btc_eth_cash,True,13,"3,5",-0.735980072193987
expected_return_weighted__btc_eth_cash__dynamic,expected_return_weighted,btc_eth_cash,True,14,"4,5",
