candidate,family,model_name,overlay,split,cost_bps,CAGR,Sharpe,Sortino,Calmar,Annualized Volatility,Maximum Drawdown,Hit Rate,Turnover,Exposure,Transaction Costs,Cash Allocation,Annual Turnover,Worst Month,Best Month,Average Holdings
btc_eth_macro_gate_balanced,Current selected strategy,current,current,development,10,0.2201064654477778,0.660976233716512,0.6233490520762509,0.2992369849959331,0.5048517359448262,-0.7355590267385204,0.3399014778325123,0.030377668308702793,0.49808429118773945,0.05550000000000001,0.5019157088122606,11.087848932676518,-0.4320897947253527,0.44949275810729517,1.2873563218390804
btc_eth_macro_gate_balanced,Current selected strategy,current,current,holdout,10,0.2699382168428921,1.027743623907195,1.3040997384988156,1.4956833759602872,0.2660276052575855,-0.1804781822018856,0.23048327137546468,0.027881040892193308,0.2894981412639405,0.015,0.7105018587360594,10.176579925650557,-0.057686720710772965,0.246415793598165,0.8847583643122676
btc_eth_macro_gate_balanced,Current selected strategy,current,current,development,25,0.20002605127253803,0.6281168905695268,0.5934409935427069,0.2699829367588655,0.5047837916339928,-0.7408840487248671,0.33880678708264916,0.030377668308702793,0.49808429118773945,0.13875,0.5019157088122606,11.087848932676518,-0.4329294666098096,0.44949275810729517,1.2873563218390804
btc_eth_macro_gate_balanced,Current selected strategy,current,current,holdout,25,0.2506806098543801,0.9700672636549106,1.2341802107524358,1.3610143521675673,0.26610866572870884,-0.1841866027754544,0.23048327137546468,0.027881040892193308,0.2894981412639405,0.037500000000000006,0.7105018587360594,10.176579925650557,-0.05983982286898448,0.2445206579453003,0.8847583643122676
btc_eth_macro_gate_balanced,Current selected strategy,current,current,development,50,0.1672549417809055,0.5732668639700705,0.5427061960311421,0.22314598108501874,0.5047275910481621,-0.7495314993693805,0.33825944170771755,0.030377668308702793,0.49808429118773945,0.2775,0.5019157088122606,11.087848932676518,-0.43432753933400514,0.44949275810729517,1.2873563218390804
btc_eth_macro_gate_balanced,Current selected strategy,current,current,holdout,50,0.21919863958320418,0.8737059236516569,1.1147308422363915,1.151636015111534,0.2663388779734986,-0.19033673548493113,0.22862453531598512,0.027881040892193308,0.2894981412639405,0.07500000000000001,0.7105018587360594,10.176579925650557,-0.06342103525723375,0.24136530232033437,0.8847583643122676
btc_eth_macro_gate_balanced,Current selected strategy,current,current,development,100,0.10424682678550146,0.4633337130161947,0.4405361822065785,0.13475635641285824,0.5048291372827213,-0.7735948756741124,0.3366174055829228,0.030377668308702793,0.49808429118773945,0.555,0.5019157088122606,11.087848932676518,-0.4371185082202741,0.44949275810729517,1.2873563218390804
btc_eth_macro_gate_balanced,Current selected strategy,current,current,holdout,100,0.15847516496273428,0.6805756374853622,0.8712961436852513,0.7825043815075569,0.26715466399550514,-0.20252303847477415,0.22676579925650558,0.027881040892193308,0.2894981412639405,0.15000000000000002,0.7105018587360594,10.176579925650557,-0.07055615970418216,0.23506660530718304,0.8847583643122676
gmm_macro_direct,GMM direct BTC/ETH/cash allocation,gmm_macro,direct,development,10,0.6808141475226579,1.2468380241591885,1.7084690715619748,1.0413512107938274,0.5286560574333752,-0.6537795706826611,0.5057471264367817,0.013136288998357963,0.7691570881226054,0.024,0.23084291187739459,4.794745484400656,-0.23778635258240155,0.47862066020166805,1.9233716475095786
gmm_macro_direct,GMM direct BTC/ETH/cash allocation,gmm_macro,direct,holdout,10,-0.36913613147151714,-0.7186143444719154,-0.9239705760636813,-0.618856875220107,0.47973922215229525,-0.5964806181400628,0.4795539033457249,0.017657992565055763,0.7950743494423792,0.009500000000000001,0.2049256505576208,6.445167286245353,-0.2510281674199146,0.2709681421331145,1.9219330855018588
gmm_macro_direct,GMM direct BTC/ETH/cash allocation,gmm_macro,direct,development,25,0.6687415914053727,1.23313887242231,1.6897075617764439,1.0199540057416143,0.5286966216568518,-0.6556585764072047,0.5057471264367817,0.013136288998357963,0.7691570881226054,0.060000000000000005,0.23084291187739459,4.794745484400656,-0.23843948812700888,0.47754558896414445,1.9233716475095786
gmm_macro_direct,GMM direct BTC/ETH/cash allocation,gmm_macro,direct,holdout,25,-0.37523397489126964,-0.7386632601302544,-0.9498291025778941,-0.6249471562498973,0.4798062347263752,-0.600425125770514,0.4795539033457249,0.017657992565055763,0.7950743494423792,0.02375,0.2049256505576208,6.445167286245353,-0.2510281674199146,0.2709681421331145,1.9219330855018588
gmm_macro_direct,GMM direct BTC/ETH/cash allocation,gmm_macro,direct,development,50,0.648791659519969,1.2102573036825333,1.6582540050495969,0.9848518222160716,0.5287879612253809,-0.6587708372819838,0.5057471264367817,0.013136288998357963,0.7691570881226054,0.12000000000000001,0.23084291187739459,4.794745484400656,-0.2395280473680207,0.475753803568272,1.9233716475095786
gmm_macro_direct,GMM direct BTC/ETH/cash allocation,gmm_macro,direct,holdout,50,-0.38527715784726324,-0.7720092428452215,-0.9933466407070347,-0.6348060560070832,0.4799530047384499,-0.6069210496677497,0.4758364312267658,0.017657992565055763,0.7950743494423792,0.0475,0.2049256505576208,6.445167286245353,-0.2510281674199146,0.2709681421331145,1.9219330855018588
gmm_macro_direct,GMM direct BTC/ETH/cash allocation,gmm_macro,direct,development,100,0.6095258848475245,1.1643221160517885,1.5949384381864822,0.9166862615648247,0.5290595757463142,-0.6649231153601411,0.50519978106185,0.013136288998357963,0.7691570881226054,0.24000000000000002,0.23084291187739459,4.794745484400656,-0.24170516585004465,0.47217023277652737,1.9233716475095786
gmm_macro_direct,GMM direct BTC/ETH/cash allocation,gmm_macro,direct,holdout,100,-0.40492115396473494,-0.8384106667423528,-1.079775713654684,-0.6534947588229096,0.480377943884646,-0.6196241798390068,0.4758364312267658,0.017657992565055763,0.7950743494423792,0.095,0.2049256505576208,6.445167286245353,-0.2510281674199146,0.2709681421331145,1.9219330855018588
gmm_macro_confirmation_filter,Current strategy + GMM confirmation filter,gmm_macro,confirmation_filter,development,10,0.21895379268590376,0.6760243351204774,0.681987534420327,0.29766991461820297,0.43179521328795023,-0.7355590267385201,0.3163656267104543,0.02983032293377121,0.45689655172413796,0.0545,0.5431034482758621,10.888067870826491,-0.4320897947253527,0.41153642156296155,1.2030651340996168
gmm_macro_confirmation_filter,Current strategy + GMM confirmation filter,gmm_macro,confirmation_filter,holdout,10,0.1008106003299698,0.5215439184781919,0.5740154888897873,0.5585749983740502,0.23703188692505497,-0.1804781822018856,0.19888475836431227,0.027881040892193308,0.24070631970260223,0.015000000000000001,0.7592936802973977,10.176579925650557,-0.057686720710772965,0.1675695780392481,0.7806691449814126
gmm_macro_confirmation_filter,Current strategy + GMM confirmation filter,gmm_macro,confirmation_filter,development,25,0.1992200953149672,0.6382192330449821,0.6450839518055393,0.26889510667403904,0.4317826162182253,-0.7408840487248676,0.31527093596059114,0.02983032293377121,0.45689655172413796,0.13625,0.5431034482758621,10.888067870826491,-0.4329294666098096,0.41050143799587135,1.2030651340996168
gmm_macro_confirmation_filter,Current strategy + GMM confirmation filter,gmm_macro,confirmation_filter,holdout,25,0.08411953639825098,0.45703424646445495,0.5046295659469479,0.45670822486911716,0.2370887303543113,-0.1841866027754544,0.19888475836431227,0.027881040892193308,0.24070631970260223,0.0375,0.7592936802973977,10.176579925650557,-0.05983982286898448,0.1640545766563435,0.7806691449814126
gmm_macro_confirmation_filter,Current strategy + GMM confirmation filter,gmm_macro,confirmation_filter,development,50,0.16700285425125205,0.5751179603599075,0.5827458264906432,0.2228096542863913,0.43182758600073506,-0.7495314993693799,0.3147235905856596,0.02983032293377121,0.45689655172413796,0.2725,0.5431034482758621,10.888067870826491,-0.43432753933400514,0.4087764653840549,1.2030651340996168
gmm_macro_confirmation_filter,Current strategy + GMM confirmation filter,gmm_macro,confirmation_filter,holdout,50,0.05683278155400395,0.3494268735612295,0.3872463508577646,0.2985907129761789,0.23729205073301662,-0.19033673548493113,0.1970260223048327,0.027881040892193308,0.24070631970260223,0.075,0.7592936802973977,10.176579925650557,-0.06342103525723375,0.15821313951448923,0.7806691449814126
gmm_macro_confirmation_filter,Current strategy + GMM confirmation filter,gmm_macro,confirmation_filter,development,100,0.10501653620150475,0.4486980134596262,0.4570446768410294,0.13575133381021057,0.43216474180178405,-0.7735948756741122,0.3125342090859332,0.02983032293377121,0.45689655172413796,0.545,0.5431034482758621,10.888067870826491,-0.4371185082202741,0.40532652016042325,1.2030651340996168
gmm_macro_confirmation_filter,Current strategy + GMM confirmation filter,gmm_macro,confirmation_filter,holdout,100,0.0041993419646420005,0.1345348072432819,0.14985829233646644,0.02073513214233679,0.23810432732394213,-0.20252303847477415,0.19516728624535315,0.027881040892193308,0.24070631970260223,0.15,0.7592936802973977,10.176579925650557,-0.07055615970418216,0.14659346070534474,0.7806691449814126
gmm_macro_exposure_scaling,Current strategy + GMM exposure scaling,gmm_macro,exposure_scaling,development,10,0.19546736037242995,0.7634470882022023,0.782117350410537,0.3349547952935381,0.288554037217365,-0.5835634035366828,0.307608100711549,0.026272577996715927,0.30842911877394635,0.048,0.6915708812260537,9.589490968801313,-0.23960505250657183,0.3622513369020728,1.1724137931034482
gmm_macro_exposure_scaling,Current strategy + GMM exposure scaling,gmm_macro,exposure_scaling,holdout,10,0.06718678028331171,0.44506533928097947,0.4533219921263659,0.540766036761982,0.1832354918974519,-0.12424371302165182,0.19888475836431227,0.023234200743494422,0.17565055762081785,0.0125,0.8243494423791822,8.480483271375466,-0.057144844928577854,0.10504145999732972,0.7806691449814126
gmm_macro_exposure_scaling,Current strategy + GMM exposure scaling,gmm_macro,exposure_scaling,development,25,0.17840114376809546,0.7136126712531956,0.7324618147343717,0.3023219634125432,0.2885479915705225,-0.5901031527922846,0.3065134099616858,0.026272577996715927,0.30842911877394635,0.12,0.6915708812260537,9.589490968801313,-0.24017123512016325,0.3622513369020728,1.1724137931034482
gmm_macro_exposure_scaling,Current strategy + GMM exposure scaling,gmm_macro,exposure_scaling,holdout,25,0.05367605781582219,0.3754267397071709,0.3828901310601496,0.4219797634416192,0.18334080709403092,-0.12720054956675253,0.19888475836431227,0.023234200743494422,0.17565055762081785,0.03125,0.8243494423791822,8.480483271375466,-0.057847427918136574,0.10253939563383319,0.7806691449814126
gmm_macro_exposure_scaling,Current strategy + GMM exposure scaling,gmm_macro,exposure_scaling,development,50,0.15047115218470908,0.6303890141809964,0.6486111481747301,0.25045782897864793,0.2886119071471385,-0.600784382737491,0.30596606458675424,0.026272577996715927,0.30842911877394635,0.24,0.6915708812260537,9.589490968801313,-0.24111440422165786,0.3622513369020728,1.1724137931034482
gmm_macro_exposure_scaling,Current strategy + GMM exposure scaling,gmm_macro,exposure_scaling,holdout,50,0.03151611229220852,0.2593908060738382,0.2649920534133656,0.2385577007227222,0.18362190243009774,-0.13211106661712835,0.1970260223048327,0.023234200743494422,0.17565055762081785,0.0625,0.8243494423791822,8.480483271375466,-0.05901839956740085,0.09837838355515638,0.7806691449814126
gmm_macro_exposure_scaling,Current strategy + GMM exposure scaling,gmm_macro,exposure_scaling,development,100,0.09648827636894275,0.4636072587235156,0.47935761034579627,0.1552877591387757,0.28901687422302436,-0.6213514632709347,0.30377668308702793,0.026272577996715927,0.30842911877394635,0.48,0.6915708812260537,9.589490968801313,-0.2429989852203045,0.3622513369020728,1.1724137931034482
gmm_macro_exposure_scaling,Current strategy + GMM exposure scaling,gmm_macro,exposure_scaling,holdout,100,-0.01149154708240585,0.02832099384831934,0.028903791981629772,-0.08100249595665808,0.18457745357646113,-0.14186658011815612,0.1970260223048327,0.023234200743494422,0.17565055762081785,0.125,0.8243494423791822,8.480483271375466,-0.06136034286592962,0.0900903950330072,0.7806691449814126
kmeans_macro_direct,KMEANS direct BTC/ETH/cash allocation,kmeans_macro,direct,development,10,0.8538661203197888,1.3411715564934477,1.8510754628456965,1.2987130643979423,0.5911885786550732,-0.6574709562312937,0.5210727969348659,0.010946907498631636,0.8697318007662835,0.02,0.13026819923371646,3.995621237000547,-0.24104133560369545,0.47862066020166805,1.9770114942528736
kmeans_macro_direct,KMEANS direct BTC/ETH/cash allocation,kmeans_macro,direct,holdout,10,-0.29400067642149474,-0.3983665112999179,-0.561537214119702,-0.4839210521686105,0.5262519753778608,-0.6075385129536737,0.5018587360594795,0.00929368029739777,0.9284386617100372,0.005,0.0715613382899628,3.392193308550186,-0.2510281674199146,0.2709681421331145,2.0
kmeans_macro_direct,KMEANS direct BTC/ETH/cash allocation,kmeans_macro,direct,development,25,0.8427735754507,1.3309870994624973,1.8369602105408958,1.2757227419630224,0.5912092421318351,-0.6606244035078339,0.5210727969348659,0.010946907498631636,0.8697318007662835,0.05,0.13026819923371646,3.995621237000547,-0.24221941765676958,0.47754558896414445,1.9770114942528736
kmeans_macro_direct,KMEANS direct BTC/ETH/cash allocation,kmeans_macro,direct,holdout,25,-0.2976058974451389,-0.4079949987541702,-0.5753455131647269,-0.48843177623363454,0.5263041314586682,-0.6093090415615859,0.5018587360594795,0.00929368029739777,0.9284386617100372,0.0125,0.0715613382899628,3.392193308550186,-0.2510281674199146,0.2709681421331145,2.0
kmeans_macro_direct,KMEANS direct BTC/ETH/cash allocation,kmeans_macro,direct,development,50,0.8244149773648104,1.3139778450275192,1.8138023429131482,1.2381929750655947,0.5912602135629618,-0.6658210747166742,0.5199781061850027,0.010946907498631636,0.8697318007662835,0.1,0.13026819923371646,3.995621237000547,-0.2441808551041984,0.475753803568272,1.9770114942528736
kmeans_macro_direct,KMEANS direct BTC/ETH/cash allocation,kmeans_macro,direct,holdout,50,-0.30357972041805725,-0.42402548709422466,-0.5984143254925023,-0.49584668866809556,0.526406887142067,-0.6122451301096903,0.5,0.00929368029739777,0.9284386617100372,0.025,0.0715613382899628,3.392193308550186,-0.2510281674199146,0.2709681421331145,2.0
kmeans_macro_direct,KMEANS direct BTC/ETH/cash allocation,kmeans_macro,direct,development,100,0.7881771103075137,1.2798340073107346,1.7664758811081263,1.1659488934724802,0.5914241305975803,-0.6759962762691339,0.5199781061850027,0.010946907498631636,0.8697318007662835,0.2,0.13026819923371646,3.995621237000547,-0.24809610759520118,0.47217023277652737,1.9770114942528736
kmeans_macro_direct,KMEANS direct BTC/ETH/cash allocation,kmeans_macro,direct,holdout,100,-0.31539751280316686,-0.4560163336231124,-0.6446546129731865,-0.5103006275846395,0.5266717123150603,-0.6180621691492127,0.49814126394052044,0.00929368029739777,0.9284386617100372,0.05,0.0715613382899628,3.392193308550186,-0.2510281674199146,0.2709681421331145,2.0
kmeans_macro_confirmation_filter,Current strategy + KMEANS confirmation filter,kmeans_macro,confirmation_filter,development,10,0.1961480312767736,0.6235852199253353,0.579445245219093,0.2666652493498677,0.49795396177965645,-0.7355590267385207,0.33607006020799124,0.030925013683634373,0.4904214559386973,0.05650000000000001,0.5095785440613028,11.287629994526545,-0.4320897947253527,0.41153642156296155,1.2720306513409962
kmeans_macro_confirmation_filter,Current strategy + KMEANS confirmation filter,kmeans_macro,confirmation_filter,holdout,10,0.2699382168428921,1.027743623907195,1.3040997384988156,1.4956833759602872,0.2660276052575855,-0.1804781822018856,0.23048327137546468,0.027881040892193308,0.2894981412639405,0.015,0.7105018587360594,10.176579925650557,-0.057686720710772965,0.246415793598165,0.8847583643122676
kmeans_macro_confirmation_filter,Current strategy + KMEANS confirmation filter,kmeans_macro,confirmation_filter,development,25,0.1761241684363748,0.5897026774679395,0.5489592245916111,0.23772163638763907,0.4978530656124259,-0.7408840487248674,0.33497536945812806,0.030925013683634373,0.4904214559386973,0.14125000000000001,0.5095785440613028,11.287629994526545,-0.4329294666098096,0.41050143799587135,1.2720306513409962
kmeans_macro_confirmation_filter,Current strategy + KMEANS confirmation filter,kmeans_macro,confirmation_filter,holdout,25,0.2506806098543801,0.9700672636549106,1.2341802107524358,1.3610143521675673,0.26610866572870884,-0.1841866027754544,0.23048327137546468,0.027881040892193308,0.2894981412639405,0.037500000000000006,0.7105018587360594,10.176579925650557,-0.05983982286898448,0.2445206579453003,0.8847583643122676
kmeans_macro_confirmation_filter,Current strategy + KMEANS confirmation filter,kmeans_macro,confirmation_filter,development,50,0.14345770408049852,0.5331378287384776,0.49728243184321336,0.19139649794731375,0.49774410384434403,-0.7495314993693799,0.3344280240831965,0.030925013683634373,0.4904214559386973,0.28250000000000003,0.5095785440613028,11.287629994526545,-0.43432753933400514,0.4087764653840549,1.2720306513409962
kmeans_macro_confirmation_filter,Current strategy + KMEANS confirmation filter,kmeans_macro,confirmation_filter,holdout,50,0.21919863958320418,0.8737059236516569,1.1147308422363915,1.151636015111534,0.2663388779734986,-0.19033673548493113,0.22862453531598512,0.027881040892193308,0.2894981412639405,0.07500000000000001,0.7105018587360594,10.176579925650557,-0.06342103525723375,0.24136530232033437,0.8847583643122676
kmeans_macro_confirmation_filter,Current strategy + KMEANS confirmation filter,kmeans_macro,confirmation_filter,development,100,0.08069526766902801,0.41974640078871905,0.39319486411475,0.10431205041102422,0.4977483080873036,-0.7735948756741123,0.33278598795840175,0.030925013683634373,0.4904214559386973,0.5650000000000001,0.5095785440613028,11.287629994526545,-0.4371185082202741,0.40532652016042325,1.2720306513409962
kmeans_macro_confirmation_filter,Current strategy + KMEANS confirmation filter,kmeans_macro,confirmation_filter,holdout,100,0.15847516496273428,0.6805756374853622,0.8712961436852513,0.7825043815075569,0.26715466399550514,-0.20252303847477415,0.22676579925650558,0.027881040892193308,0.2894981412639405,0.15000000000000002,0.7105018587360594,10.176579925650557,-0.07055615970418216,0.23506660530718304,0.8847583643122676
kmeans_macro_exposure_scaling,Current strategy + KMEANS exposure scaling,kmeans_macro,exposure_scaling,development,10,0.29615342274634937,0.876363086710918,0.8976912655305754,0.49901594929036064,0.37851971841732046,-0.5934748642152671,0.33169129720853857,0.03229337712096333,0.4003831417624521,0.059,0.5996168582375478,11.787082649151614,-0.25690922311123965,0.3622513369020728,1.2567049808429118
kmeans_macro_exposure_scaling,Current strategy + KMEANS exposure scaling,kmeans_macro,exposure_scaling,holdout,10,0.23202648263179992,0.9901451198656829,1.240407484510724,1.6876780911822364,0.238676406730456,-0.13748266558894706,0.23048327137546468,0.027881040892193308,0.24721189591078066,0.015,0.7527881040892194,10.176579925650557,-0.057144844928577854,0.2288266073918126,0.8847583643122676
kmeans_macro_exposure_scaling,Current strategy + KMEANS exposure scaling,kmeans_macro,exposure_scaling,development,25,0.2734555071669602,0.8296900080856736,0.8515405157696159,0.4547064578447098,0.3785029128698334,-0.6013890993832114,0.33059660645867545,0.03229337712096333,0.4003831417624521,0.14750000000000002,0.5996168582375478,11.787082649151614,-0.2586151137265301,0.3622513369020728,1.2567049808429118
kmeans_macro_exposure_scaling,Current strategy + KMEANS exposure scaling,kmeans_macro,exposure_scaling,holdout,25,0.2133329191844362,0.9257152742592814,1.1611000636245423,1.5054516882694833,0.23879848978363727,-0.1417069181606634,0.23048327137546468,0.027881040892193308,0.24721189591078066,0.037500000000000006,0.7527881040892194,10.176579925650557,-0.057847427918136574,0.226038994671397,0.8847583643122676
kmeans_macro_exposure_scaling,Current strategy + KMEANS exposure scaling,kmeans_macro,exposure_scaling,development,50,0.23646692578190232,0.7517384357531627,0.7739548080901879,0.3849683095072297,0.3785523856199164,-0.6142503679967493,0.3289545703338807,0.03229337712096333,0.4003831417624521,0.29500000000000004,0.5996168582375478,11.787082649151614,-0.26145200542516656,0.3622513369020728,1.2567049808429118
kmeans_macro_exposure_scaling,Current strategy + KMEANS exposure scaling,kmeans_macro,exposure_scaling,holdout,50,0.18277286850337493,0.8181099906390107,1.0276832820700461,1.2290618994077862,0.23910960859412314,-0.14870924612620617,0.22676579925650558,0.027881040892193308,0.24721189591078066,0.07500000000000001,0.7527881040892194,10.176579925650557,-0.05901839956740085,0.22140234696532501,0.8847583643122676
kmeans_macro_exposure_scaling,Current strategy + KMEANS exposure scaling,kmeans_macro,exposure_scaling,development,100,0.1655448403755171,0.595439851824256,0.6163791544581447,0.2591566640941419,0.3789416584723031,-0.6387828804409246,0.32676518883415434,0.03229337712096333,0.4003831417624521,0.5900000000000001,0.5996168582375478,11.787082649151614,-0.2671023656337268,0.3622513369020728,1.2567049808429118
kmeans_macro_exposure_scaling,Current strategy + KMEANS exposure scaling,kmeans_macro,exposure_scaling,holdout,100,0.12382705916986136,0.6027278472557549,0.7561811031970316,0.761675260899959,0.24013335484558676,-0.16257198510498194,0.22490706319702602,0.027881040892193308,0.24721189591078066,0.15000000000000002,0.7527881040892194,10.176579925650557,-0.06136034286592962,0.21216414891468216,0.8847583643122676
markov_fallback_macro_direct,Fallback Markov direct BTC/ETH/cash allocation,markov_fallback_macro,direct,development,10,0.8216467674790258,1.2873180154700643,1.7411554279870725,1.0995934192126915,0.6125195914434968,-0.7472277963134087,0.5205254515599343,0.009304871373836891,0.8773946360153256,0.017,0.12260536398467436,3.396278051450465,-0.3787665597885299,0.47862066020166805,1.9770114942528736
markov_fallback_macro_direct,Fallback Markov direct BTC/ETH/cash allocation,markov_fallback_macro,direct,holdout,10,-0.3144045003888868,-0.4579129894394824,-0.6423519827932873,-0.503738907632504,0.5241528303861942,-0.6241417838192012,0.5018587360594795,0.00929368029739777,0.9219330855018587,0.005,0.0780669144981413,3.392193308550186,-0.2510281674199146,0.2709681421331145,2.0
markov_fallback_macro_direct,Fallback Markov direct BTC/ETH/cash allocation,markov_fallback_macro,direct,development,25,0.8123588076674046,1.278930163389981,1.7300199404186014,1.0837974838394726,0.6125534530672547,-0.7495485270823232,0.5199781061850027,0.009304871373836891,0.8773946360153256,0.042499999999999996,0.12260536398467436,3.396278051450465,-0.379700502453465,0.47754558896414445,1.9770114942528736
markov_fallback_macro_direct,Fallback Markov direct BTC/ETH/cash allocation,markov_fallback_macro,direct,holdout,25,-0.31790190588472533,-0.46758377426183406,-0.6560824450703792,-0.5079648306193725,0.5241941507381768,-0.6258344805035039,0.5018587360594795,0.00929368029739777,0.9219330855018587,0.0125,0.0780669144981413,3.392193308550186,-0.2510281674199146,0.2709681421331145,2.0
markov_fallback_macro_direct,Fallback Markov direct BTC/ETH/cash allocation,markov_fallback_macro,direct,development,50,0.7969685901195236,1.2649243785741753,1.711352339866292,1.0578671267379547,0.6126234941896438,-0.7533730560066279,0.5194307608100711,0.009304871373836891,0.8773946360153256,0.08499999999999999,0.12260536398467436,3.396278051450465,-0.38125551255702117,0.475753803568272,1.9770114942528736
markov_fallback_macro_direct,Fallback Markov direct BTC/ETH/cash allocation,markov_fallback_macro,direct,holdout,50,-0.3236971144997166,-0.4836836944287721,-0.679034189432388,-0.5149152611810935,0.5242789154159757,-0.628641523961112,0.5,0.00929368029739777,0.9219330855018587,0.025,0.0780669144981413,3.392193308550186,-0.2510281674199146,0.2709681421331145,2.0
markov_fallback_macro_direct,Fallback Markov direct BTC/ETH/cash allocation,markov_fallback_macro,direct,development,100,0.7665221694619055,1.236819482062903,1.673318902015863,1.0074391413449362,0.6128145727186847,-0.7608620094297653,0.5194307608100711,0.009304871373836891,0.8773946360153256,0.16999999999999998,0.12260536398467436,3.396278051450465,-0.38435967899662893,0.47217023277652737,1.9770114942528736
markov_fallback_macro_direct,Fallback Markov direct BTC/ETH/cash allocation,markov_fallback_macro,direct,holdout,100,-0.3351616913152339,-0.5158093253357456,-0.7250397558091004,-0.5284769985842508,0.5245080225840403,-0.6342029874774233,0.49814126394052044,0.00929368029739777,0.9219330855018587,0.05,0.0780669144981413,3.392193308550186,-0.2510281674199146,0.2709681421331145,2.0
markov_fallback_macro_confirmation_filter,Current strategy + Fallback Markov confirmation filter,markov_fallback_macro,confirmation_filter,development,10,0.1961480312767736,0.6235852199253353,0.579445245219093,0.2666652493498677,0.49795396177965645,-0.7355590267385207,0.33607006020799124,0.030925013683634373,0.4904214559386973,0.05650000000000001,0.5095785440613028,11.287629994526545,-0.4320897947253527,0.41153642156296155,1.2720306513409962
markov_fallback_macro_confirmation_filter,Current strategy + Fallback Markov confirmation filter,markov_fallback_macro,confirmation_filter,holdout,10,0.2699382168428921,1.027743623907195,1.3040997384988156,1.4956833759602872,0.2660276052575855,-0.1804781822018856,0.23048327137546468,0.027881040892193308,0.2894981412639405,0.015,0.7105018587360594,10.176579925650557,-0.057686720710772965,0.246415793598165,0.8847583643122676
markov_fallback_macro_confirmation_filter,Current strategy + Fallback Markov confirmation filter,markov_fallback_macro,confirmation_filter,development,25,0.1761241684363748,0.5897026774679395,0.5489592245916111,0.23772163638763907,0.4978530656124259,-0.7408840487248674,0.33497536945812806,0.030925013683634373,0.4904214559386973,0.14125000000000001,0.5095785440613028,11.287629994526545,-0.4329294666098096,0.41050143799587135,1.2720306513409962
markov_fallback_macro_confirmation_filter,Current strategy + Fallback Markov confirmation filter,markov_fallback_macro,confirmation_filter,holdout,25,0.2506806098543801,0.9700672636549106,1.2341802107524358,1.3610143521675673,0.26610866572870884,-0.1841866027754544,0.23048327137546468,0.027881040892193308,0.2894981412639405,0.037500000000000006,0.7105018587360594,10.176579925650557,-0.05983982286898448,0.2445206579453003,0.8847583643122676
markov_fallback_macro_confirmation_filter,Current strategy + Fallback Markov confirmation filter,markov_fallback_macro,confirmation_filter,development,50,0.14345770408049852,0.5331378287384776,0.49728243184321336,0.19139649794731375,0.49774410384434403,-0.7495314993693799,0.3344280240831965,0.030925013683634373,0.4904214559386973,0.28250000000000003,0.5095785440613028,11.287629994526545,-0.43432753933400514,0.4087764653840549,1.2720306513409962
markov_fallback_macro_confirmation_filter,Current strategy + Fallback Markov confirmation filter,markov_fallback_macro,confirmation_filter,holdout,50,0.21919863958320418,0.8737059236516569,1.1147308422363915,1.151636015111534,0.2663388779734986,-0.19033673548493113,0.22862453531598512,0.027881040892193308,0.2894981412639405,0.07500000000000001,0.7105018587360594,10.176579925650557,-0.06342103525723375,0.24136530232033437,0.8847583643122676
markov_fallback_macro_confirmation_filter,Current strategy + Fallback Markov confirmation filter,markov_fallback_macro,confirmation_filter,development,100,0.08069526766902801,0.41974640078871905,0.39319486411475,0.10431205041102422,0.4977483080873036,-0.7735948756741123,0.33278598795840175,0.030925013683634373,0.4904214559386973,0.5650000000000001,0.5095785440613028,11.287629994526545,-0.4371185082202741,0.40532652016042325,1.2720306513409962
markov_fallback_macro_confirmation_filter,Current strategy + Fallback Markov confirmation filter,markov_fallback_macro,confirmation_filter,holdout,100,0.15847516496273428,0.6805756374853622,0.8712961436852513,0.7825043815075569,0.26715466399550514,-0.20252303847477415,0.22676579925650558,0.027881040892193308,0.2894981412639405,0.15000000000000002,0.7105018587360594,10.176579925650557,-0.07055615970418216,0.23506660530718304,0.8847583643122676
markov_fallback_macro_exposure_scaling,Current strategy + Fallback Markov exposure scaling,markov_fallback_macro,exposure_scaling,development,10,0.2392215812858105,0.7351217785324555,0.718472657733608,0.34167297004563646,0.4046621917461672,-0.7001478087478159,0.33169129720853857,0.031198686371100164,0.40325670498084293,0.05700000000000001,0.5967432950191571,11.38752052545156,-0.39175426900073296,0.3622513369020728,1.2567049808429118
markov_fallback_macro_exposure_scaling,Current strategy + Fallback Markov exposure scaling,markov_fallback_macro,exposure_scaling,holdout,10,0.1972199811518751,0.882220427475427,1.0859105357754681,1.4345079818392075,0.23421299891558425,-0.13748266558894706,0.23048327137546468,0.026022304832713755,0.24070631970260223,0.014,0.7592936802973977,9.498141263940521,-0.057144844928577854,0.2288266073918126,0.8847583643122676
markov_fallback_macro_exposure_scaling,Current strategy + Fallback Markov exposure scaling,markov_fallback_macro,exposure_scaling,development,25,0.21824454848634156,0.6929236665206591,0.6788409265185146,0.3090435927587398,0.4046545425718213,-0.7061934096032786,0.33004926108374383,0.031198686371100164,0.40325670498084293,0.14250000000000002,0.5967432950191571,11.38752052545156,-0.393120137002831,0.3622513369020728,1.2567049808429118
markov_fallback_macro_exposure_scaling,Current strategy + Fallback Markov exposure scaling,markov_fallback_macro,exposure_scaling,holdout,25,0.18024445074543927,0.8208437234826115,1.0111550028575513,1.2719523724387478,0.23436894822254553,-0.1417069181606634,0.23048327137546468,0.026022304832713755,0.24070631970260223,0.035,0.7592936802973977,9.498141263940521,-0.057847427918136574,0.226038994671397,0.8847583643122676
markov_fallback_macro_exposure_scaling,Current strategy + Fallback Markov exposure scaling,markov_fallback_macro,exposure_scaling,development,50,0.18403331431742997,0.6224822359019716,0.611519171527523,0.25702650338011285,0.40471180295521064,-0.716009095938506,0.3289545703338807,0.031198686371100164,0.40325670498084293,0.28500000000000003,0.5967432950191571,11.38752052545156,-0.39539240979323365,0.3622513369020728,1.2567049808429118
markov_fallback_macro_exposure_scaling,Current strategy + Fallback Markov exposure scaling,markov_fallback_macro,exposure_scaling,holdout,50,0.1524565400054001,0.7184259071064074,0.885955090923363,1.0251987954805022,0.23472834888019914,-0.14870924612620617,0.22676579925650558,0.026022304832713755,0.24070631970260223,0.07,0.7592936802973977,9.498141263940521,-0.05901839956740085,0.22140234696532501,0.8847583643122676
markov_fallback_macro_exposure_scaling,Current strategy + Fallback Markov exposure scaling,markov_fallback_macro,exposure_scaling,development,100,0.11833943093648891,0.4813472413911738,0.47544859421578506,0.1610716711526378,0.40508865244282105,-0.7347004602959999,0.32676518883415434,0.031198686371100164,0.40325670498084293,0.5700000000000001,0.5967432950191571,11.38752052545156,-0.3999213224953766,0.3622513369020728,1.2567049808429118
markov_fallback_macro_exposure_scaling,Current strategy + Fallback Markov exposure scaling,markov_fallback_macro,exposure_scaling,holdout,100,0.09872559955039817,0.5137193060556197,0.6324194559811338,0.6072731380295655,0.2358179247307237,-0.16257198510498194,0.22490706319702602,0.026022304832713755,0.24070631970260223,0.14,0.7592936802973977,9.498141263940521,-0.06136034286592962,0.21216414891468216,0.8847583643122676
gmm_macro_crypto_direct,GMM direct BTC/ETH/cash allocation,gmm_macro_crypto,direct,development,10,0.9833165389924361,1.647674954792032,2.0909618435856805,1.8979719579444942,0.48840333351061366,-0.5180880227847882,0.4822112753147236,0.007389162561576354,0.5944170771756979,0.0135,0.4055829228243021,2.697044334975369,-0.19444577501223015,0.5171626168136121,1.8160919540229885
gmm_macro_crypto_direct,GMM direct BTC/ETH/cash allocation,gmm_macro_crypto,direct,holdout,10,-0.22268518436914286,-0.8657031464604136,-1.1116374794543855,-0.5811873993990229,0.2536953822988357,-0.3831555615269887,0.41821561338289964,0.011152416356877323,0.42193308550185876,0.006,0.5780669144981412,4.070631970260223,-0.13211543599034903,0.1292436734611475,1.687732342007435
gmm_macro_crypto_direct,GMM direct BTC/ETH/cash allocation,gmm_macro_crypto,direct,development,25,0.9753009950417222,1.6393081759005463,2.0818420123780275,1.8799113135839796,0.4884282197397466,-0.5188015987745442,0.481663929939792,0.007389162561576354,0.5944170771756979,0.03375,0.4055829228243021,2.697044334975369,-0.19444577501223015,0.5171626168136121,1.8160919540229885
gmm_macro_crypto_direct,GMM direct BTC/ETH/cash allocation,gmm_macro_crypto,direct,holdout,25,-0.22742536836723448,-0.8896757968878156,-1.1446695609904436,-0.5878840745608341,0.2537225801169385,-0.38685410646159724,0.41821561338289964,0.011152416356877323,0.42193308550185876,0.015000000000000001,0.5780669144981412,4.070631970260223,-0.13211543599034903,0.1292436734611475,1.687732342007435
gmm_macro_crypto_direct,GMM direct BTC/ETH/cash allocation,gmm_macro_crypto,direct,development,50,0.9619999044400291,1.6253184714791862,2.0655513592213985,1.85003639991239,0.4884838122832124,-0.519989717221556,0.481663929939792,0.007389162561576354,0.5944170771756979,0.0675,0.4055829228243021,2.697044334975369,-0.19444577501223015,0.5171626168136121,1.8160919540229885
gmm_macro_crypto_direct,GMM direct BTC/ETH/cash allocation,gmm_macro_crypto,direct,holdout,50,-0.23526934468676786,-0.92947495761271,-1.1995266548670829,-0.5986874524973036,0.2538071807609877,-0.39297523892540154,0.4163568773234201,0.011152416356877323,0.42193308550185876,0.030000000000000002,0.5780669144981412,4.070631970260223,-0.13211543599034903,0.1292436734611475,1.687732342007435
gmm_macro_crypto_direct,GMM direct BTC/ETH/cash allocation,gmm_macro_crypto,direct,development,100,0.9356146928315179,1.5971756580648202,2.032809795671897,1.7911247406634563,0.48864790638821876,-0.5223615483558972,0.48111658456486045,0.007389162561576354,0.5944170771756979,0.135,0.4055829228243021,2.697044334975369,-0.19444577501223015,0.5171626168136121,1.8160919540229885
gmm_macro_crypto_direct,GMM direct BTC/ETH/cash allocation,gmm_macro_crypto,direct,holdout,100,-0.2507479999675175,-1.0084098605956469,-1.3094659788946343,-0.6190432850857854,0.25412343576207574,-0.4050572972983133,0.4144981412639405,0.011152416356877323,0.42193308550185876,0.060000000000000005,0.5780669144981412,4.070631970260223,-0.13211543599034903,0.1292436734611475,1.687732342007435
gmm_macro_crypto_confirmation_filter,Current strategy + GMM confirmation filter,gmm_macro_crypto,confirmation_filter,development,10,0.5488475585654329,1.277005918081266,1.3168815008281711,1.3379527485616662,0.40789314472036775,-0.41021445574625726,0.30049261083743845,0.026272577996715927,0.43103448275862066,0.048,0.5689655172413793,9.589490968801313,-0.16806891190508577,0.41153642156296155,1.1187739463601531
gmm_macro_crypto_confirmation_filter,Current strategy + GMM confirmation filter,gmm_macro_crypto,confirmation_filter,holdout,10,-0.009039838816587209,0.048317237563444325,0.04335974362638009,-0.0715590879442402,0.19285610885654808,-0.12632691494937964,0.15985130111524162,0.028810408921933085,0.19191449814126393,0.0155,0.8080855018587361,10.515799256505577,-0.057686720710772965,0.06662676177160054,0.6245353159851301
gmm_macro_crypto_confirmation_filter,Current strategy + GMM confirmation filter,gmm_macro_crypto,confirmation_filter,development,25,0.5267458317842499,1.241729250235005,1.2831331154000667,1.275731870946162,0.4078970703183709,-0.41289697606565434,0.29939792008757526,0.026272577996715927,0.43103448275862066,0.12000000000000001,0.5689655172413793,9.589490968801313,-0.16806891190508577,0.41050143799587135,1.1187739463601531
gmm_macro_crypto_confirmation_filter,Current strategy + GMM confirmation filter,gmm_macro_crypto,confirmation_filter,holdout,25,-0.024580584953762807,-0.033447391433935596,-0.030130456209877803,-0.18495132999931482,0.19300232935431302,-0.13290299104015024,0.15985130111524162,0.028810408921933085,0.19191449814126393,0.03875,0.8080855018587361,10.515799256505577,-0.05983982286898448,0.06424475657675277,0.6245353159851301
gmm_macro_crypto_confirmation_filter,Current strategy + GMM confirmation filter,gmm_macro_crypto,confirmation_filter,development,50,0.4905699050617802,1.1827623398415235,1.225424968756887,1.1754534170965747,0.4079636116433462,-0.4173452541177778,0.2988505747126437,0.026272577996715927,0.43103448275862066,0.24000000000000002,0.5689655172413793,9.589490968801313,-0.16806891190508577,0.4087764653840549,1.1187739463601531
gmm_macro_crypto_confirmation_filter,Current strategy + GMM confirmation filter,gmm_macro_crypto,confirmation_filter,holdout,50,-0.04997007969894163,-0.16932104549413834,-0.15330544455441064,-0.3239228731689724,0.19338956066139207,-0.1542653632640355,0.15613382899628253,0.028810408921933085,0.19191449814126393,0.0775,0.8080855018587361,10.515799256505577,-0.06342103525723375,0.06028066475998117,0.6245353159851301
gmm_macro_crypto_confirmation_filter,Current strategy + GMM confirmation filter,gmm_macro_crypto,confirmation_filter,development,100,0.4206317506758006,1.0642999094878975,1.1084050532832617,0.9870332864937525,0.4083215052067218,-0.42615761436984023,0.29720853858784896,0.026272577996715927,0.43103448275862066,0.48000000000000004,0.5689655172413793,9.589490968801313,-0.16806891190508577,0.40532652016042325,1.1187739463601531
gmm_macro_crypto_confirmation_filter,Current strategy + GMM confirmation filter,gmm_macro_crypto,confirmation_filter,holdout,100,-0.0988834569120215,-0.4382377507101619,-0.40019853404800093,-0.48553679469909045,0.1946977838926472,-0.20365800901516462,0.15427509293680297,0.028810408921933085,0.19191449814126393,0.155,0.8080855018587361,10.515799256505577,-0.07055615970418216,0.052374669281340935,0.6245353159851301
gmm_macro_crypto_exposure_scaling,Current strategy + GMM exposure scaling,gmm_macro_crypto,exposure_scaling,development,10,0.5068727346743103,1.3946397464872218,1.3954225269607825,2.1421174240727128,0.3339730234767616,-0.23662229202665075,0.2961138478379858,0.017241379310344827,0.3113026819923372,0.0315,0.6886973180076628,6.293103448275862,-0.1408042145559324,0.41153642156296155,1.0957854406130267
gmm_macro_crypto_exposure_scaling,Current strategy + GMM exposure scaling,gmm_macro_crypto,exposure_scaling,holdout,10,0.002734469597883704,0.07709215980067995,0.07065481682723128,0.04264425848110087,0.10071430494816384,-0.06412280797649628,0.1449814126394052,0.015799256505576207,0.09758364312267657,0.0085,0.9024163568773235,5.766728624535316,-0.028701394649114476,0.044203602829966604,0.5724907063197026
gmm_macro_crypto_exposure_scaling,Current strategy + GMM exposure scaling,gmm_macro_crypto,exposure_scaling,development,25,0.4927348804606051,1.3664249773087696,1.369705976204924,2.0671511442354746,0.33396081394937144,-0.23836422500341192,0.2950191570881226,0.017241379310344827,0.3113026819923372,0.07875,0.6886973180076628,6.293103448275862,-0.14144893375461487,0.41050143799587135,1.0957854406130267
gmm_macro_crypto_exposure_scaling,Current strategy + GMM exposure scaling,gmm_macro_crypto,exposure_scaling,holdout,25,-0.005910019396023758,-0.00878872273599359,-0.008096373672827834,-0.08875900137844608,0.10078934927562912,-0.06658501452517385,0.1449814126394052,0.015799256505576207,0.09758364312267657,0.02125,0.9024163568773235,5.766728624535316,-0.029416076766771382,0.04264512778424301,0.5724907063197026
gmm_macro_crypto_exposure_scaling,Current strategy + GMM exposure scaling,gmm_macro_crypto,exposure_scaling,development,50,0.46944709816366115,1.3192499812790797,1.3255970123642287,1.9457974118055195,0.33397736991052657,-0.2412620632114305,0.2939244663382594,0.017241379310344827,0.3113026819923372,0.1575,0.6886973180076628,6.293103448275862,-0.14252346575241903,0.4087764653840549,1.0957854406130267
gmm_macro_crypto_exposure_scaling,Current strategy + GMM exposure scaling,gmm_macro_crypto,exposure_scaling,holdout,50,-0.020161792068494,-0.15150136558496421,-0.14028644080288136,-0.2549923145897091,0.10100655626289434,-0.07906823427574661,0.1412639405204461,0.015799256505576207,0.09758364312267657,0.0425,0.9024163568773235,5.766728624535316,-0.031249977701716558,0.04005025570952725,0.5724907063197026
gmm_macro_crypto_exposure_scaling,Current strategy + GMM exposure scaling,gmm_macro_crypto,exposure_scaling,development,100,0.42388711648105626,1.2244068753829433,1.234908391753886,1.560335205521186,0.3341488274743304,-0.2716641366426573,0.2928297755883963,0.017241379310344827,0.3113026819923372,0.315,0.6886973180076628,6.293103448275862,-0.1446725297480267,0.40532652016042325,1.0957854406130267
gmm_macro_crypto_exposure_scaling,Current strategy + GMM exposure scaling,gmm_macro_crypto,exposure_scaling,holdout,100,-0.048090290420572446,-0.43362972641171305,-0.40546788486912644,-0.44297201679251064,0.10178332259360391,-0.1085628179603455,0.1412639405204461,0.015799256505576207,0.09758364312267657,0.085,0.9024163568773235,5.766728624535316,-0.03491084675596978,0.034870210315681494,0.5724907063197026
kmeans_macro_crypto_direct,KMEANS direct BTC/ETH/cash allocation,kmeans_macro_crypto,direct,development,10,0.6169512616442436,1.2932927463242874,1.6720996348476576,1.1506605256749018,0.45072194655678,-0.5361713971046157,0.5172413793103449,0.0038314176245210726,0.5814176245210728,0.007,0.4185823754789272,1.3984674329501916,-0.22336765343852127,0.3834956561868905,1.9616858237547892
kmeans_macro_crypto_direct,KMEANS direct BTC/ETH/cash allocation,kmeans_macro_crypto,direct,holdout,10,-0.11724480263659154,-0.3054398958788008,-0.43643365669804973,-0.34102267581046797,0.28010075163255377,-0.3438035384537107,0.49814126394052044,0.0018587360594795538,0.49349442379182157,0.001,0.5065055762081785,0.6784386617100372,-0.13211543599034903,0.1292436734611475,1.9739776951672863
kmeans_macro_crypto_direct,KMEANS direct BTC/ETH/cash allocation,kmeans_macro_crypto,direct,development,25,0.6135603141336798,1.2886265906956516,1.6657840368238266,1.143510078537413,0.45072616624190026,-0.5365587288206883,0.5172413793103449,0.0038314176245210726,0.5814176245210728,0.0175,0.4185823754789272,1.3984674329501916,-0.22336765343852127,0.3834956561868905,1.9616858237547892
kmeans_macro_crypto_direct,KMEANS direct BTC/ETH/cash allocation,kmeans_macro_crypto,direct,holdout,25,-0.11813495914001793,-0.3091092996400153,-0.44174219051640606,-0.343611818747828,0.2800679323061658,-0.3438035384537095,0.49814126394052044,0.0018587360594795538,0.49349442379182157,0.0025,0.5065055762081785,0.6784386617100372,-0.13211543599034903,0.1292436734611475,1.9739776951672863
kmeans_macro_crypto_direct,KMEANS direct BTC/ETH/cash allocation,kmeans_macro_crypto,direct,development,50,0.6079186935139933,1.2808271869034256,1.6552086360079825,1.13163411805269,0.45074117746906944,-0.5372042816808109,0.5172413793103449,0.0038314176245210726,0.5814176245210728,0.035,0.4185823754789272,1.3984674329501916,-0.22336765343852127,0.3834956561868905,1.9616858237547892
kmeans_macro_crypto_direct,KMEANS direct BTC/ETH/cash allocation,kmeans_macro_crypto,direct,holdout,50,-0.11961802836492397,-0.3152200876336245,-0.4505757886871666,-0.34792553009465227,0.28001927073776284,-0.34380353845370926,0.49814126394052044,0.0018587360594795538,0.49349442379182157,0.005,0.5065055762081785,0.6784386617100372,-0.13211543599034903,0.1292436734611475,1.9739776951672863
kmeans_macro_crypto_direct,KMEANS direct BTC/ETH/cash allocation,kmeans_macro_crypto,direct,development,100,0.5966727538952574,1.2651459784767343,1.6338777499508614,1.1080368891829953,0.45080111457271105,-0.5384953874010555,0.5172413793103449,0.0038314176245210726,0.5814176245210728,0.07,0.4185823754789272,1.3984674329501916,-0.22336765343852127,0.3834956561868905,1.9616858237547892
kmeans_macro_crypto_direct,KMEANS direct BTC/ETH/cash allocation,kmeans_macro_crypto,direct,holdout,100,-0.12258219637624401,-0.3274215400917779,-0.4681851117665713,-0.3565472214962352,0.2799446009078043,-0.34380353845370903,0.49814126394052044,0.0018587360594795538,0.49349442379182157,0.01,0.5065055762081785,0.6784386617100372,-0.13211543599034903,0.1292436734611475,1.9739776951672863
kmeans_macro_crypto_confirmation_filter,Current strategy + KMEANS confirmation filter,kmeans_macro_crypto,confirmation_filter,development,10,0.32125644901331074,0.8476453976657526,0.8929483746023155,0.4367514194445638,0.44724242287883825,-0.7355590267385206,0.33004926108374383,0.02983032293377121,0.4837164750957854,0.05450000000000001,0.5162835249042146,10.888067870826491,-0.4320897947253527,0.41153642156296155,1.2490421455938698
kmeans_macro_crypto_confirmation_filter,Current strategy + KMEANS confirmation filter,kmeans_macro_crypto,confirmation_filter,holdout,10,0.23390406428573662,0.9397012712245426,1.151640112998365,1.2960240480707415,0.25822601508475157,-0.1804781822018856,0.22490706319702602,0.02973977695167286,0.2732342007434944,0.016,0.7267657992565055,10.855018587360595,-0.057686720710772965,0.246415793598165,0.8587360594795539
kmeans_macro_crypto_confirmation_filter,Current strategy + KMEANS confirmation filter,kmeans_macro_crypto,confirmation_filter,development,25,0.2998647898900044,0.8111269799660156,0.8562967944504959,0.40473916317418435,0.4472430193396935,-0.7408840487248674,0.3289545703338807,0.02983032293377121,0.4837164750957854,0.13625,0.5162835249042146,10.888067870826491,-0.4329294666098096,0.41050143799587135,1.2490421455938698
kmeans_macro_crypto_confirmation_filter,Current strategy + KMEANS confirmation filter,kmeans_macro_crypto,confirmation_filter,holdout,25,0.21395729280901987,0.8763758780192075,1.0776727350251722,1.1616333087475397,0.25830558831559564,-0.1841866027754544,0.22490706319702602,0.02973977695167286,0.2732342007434944,0.04000000000000001,0.7267657992565055,10.855018587360595,-0.05983982286898448,0.2445206579453003,0.8587360594795539
kmeans_macro_crypto_confirmation_filter,Current strategy + KMEANS confirmation filter,kmeans_macro_crypto,confirmation_filter,development,50,0.26494083318172557,0.7501563531430571,0.7942063528586191,0.3534752487448946,0.447307695928866,-0.7495314993693805,0.3284072249589491,0.02983032293377121,0.4837164750957854,0.2725,0.5162835249042146,10.888067870826491,-0.43432753933400514,0.4087764653840549,1.2490421455938698
kmeans_macro_crypto_confirmation_filter,Current strategy + KMEANS confirmation filter,kmeans_macro_crypto,confirmation_filter,holdout,50,0.18139244020987988,0.7706058047843785,0.9514143862234502,0.9530080451770732,0.2585436536449322,-0.19033673548493113,0.22304832713754646,0.02973977695167286,0.2732342007434944,0.08000000000000002,0.7267657992565055,10.855018587360595,-0.06342103525723375,0.24136530232033437,0.8587360594795539
kmeans_macro_crypto_confirmation_filter,Current strategy + KMEANS confirmation filter,kmeans_macro_crypto,confirmation_filter,development,100,0.19774702828380875,0.6279330833871869,0.6685577368499717,0.25562091283437166,0.4476756807275194,-0.7735948756741119,0.32676518883415434,0.02983032293377121,0.4837164750957854,0.545,0.5162835249042146,10.888067870826491,-0.4371185082202741,0.40532652016042325,1.2490421455938698
kmeans_macro_crypto_confirmation_filter,Current strategy + KMEANS confirmation filter,kmeans_macro_crypto,confirmation_filter,holdout,100,0.11873808111020145,0.5587992557351614,0.6935167615191417,0.586294191537084,0.25941363712346516,-0.20252303847477415,0.2211895910780669,0.02973977695167286,0.2732342007434944,0.16000000000000003,0.7267657992565055,10.855018587360595,-0.07055615970418216,0.23506660530718304,0.8587360594795539
kmeans_macro_crypto_exposure_scaling,Current strategy + KMEANS exposure scaling,kmeans_macro_crypto,exposure_scaling,development,10,0.25724108463270734,0.8634552279867375,0.8853018489995006,0.48757508225364876,0.3268934128217269,-0.5275927626237554,0.32074438970990693,0.019157088122605363,0.3132183908045977,0.035,0.6867816091954023,6.992337164750958,-0.23960505250657183,0.3834956561868905,1.210727969348659
kmeans_macro_crypto_exposure_scaling,Current strategy + KMEANS exposure scaling,kmeans_macro_crypto,exposure_scaling,holdout,10,0.12149461014375529,0.9346902056786086,1.1516247966581867,1.283377252077019,0.13184075792860778,-0.09466788502533319,0.2100371747211896,0.015799256505576207,0.1366171003717472,0.0085,0.8633828996282528,5.766728624535316,-0.028701394649114476,0.12032889579098582,0.8066914498141264
kmeans_macro_crypto_exposure_scaling,Current strategy + KMEANS exposure scaling,kmeans_macro_crypto,exposure_scaling,development,25,0.24412718142264267,0.831356203683321,0.8536538296422866,0.4545482983140203,0.3268987701591055,-0.5370764390234055,0.32019704433497537,0.019157088122605363,0.3132183908045977,0.08750000000000001,0.6867816091954023,6.992337164750958,-0.24017123512016325,0.3834956561868905,1.210727969348659
kmeans_macro_crypto_exposure_scaling,Current strategy + KMEANS exposure scaling,kmeans_macro_crypto,exposure_scaling,holdout,25,0.11182912274067425,0.8686915870379848,1.0747981437738259,1.1522867956611302,0.13189971437273848,-0.09704973029436803,0.2100371747211896,0.015799256505576207,0.1366171003717472,0.02125,0.8633828996282528,5.766728624535316,-0.029416076766771382,0.11948297489605175,0.8066914498141264
kmeans_macro_crypto_exposure_scaling,Current strategy + KMEANS exposure scaling,kmeans_macro_crypto,exposure_scaling,development,50,0.22255715703771473,0.7777650366343294,0.8009790780740303,0.4028381423719993,0.3269476842733137,-0.5524729007219857,0.3185550082101806,0.019157088122605363,0.3132183908045977,0.17500000000000002,0.6867816091954023,6.992337164750958,-0.24111440422165786,0.3834956561868905,1.210727969348659
kmeans_macro_crypto_exposure_scaling,Current strategy + KMEANS exposure scaling,kmeans_macro_crypto,exposure_scaling,holdout,50,0.09589494739796467,0.7584568539207708,0.942755076425457,0.949378779163569,0.13206202848479495,-0.10100810077348787,0.20817843866171004,0.015799256505576207,0.1366171003717472,0.0425,0.8633828996282528,5.766728624535316,-0.031249977701716558,0.11807381668406736,0.8066914498141264
kmeans_macro_crypto_exposure_scaling,Current strategy + KMEANS exposure scaling,kmeans_macro_crypto,exposure_scaling,development,100,0.1804715843608915,0.6703236873000408,0.69326687138366,0.31020208980156244,0.32719534751338175,-0.5817871326280875,0.31746031746031744,0.019157088122605363,0.3132183908045977,0.35000000000000003,0.6867816091954023,6.992337164750958,-0.2429989852203045,0.3834956561868905,1.210727969348659
kmeans_macro_crypto_exposure_scaling,Current strategy + KMEANS exposure scaling,kmeans_macro_crypto,exposure_scaling,holdout,100,0.06467267074438876,0.5378275310055413,0.672294660130561,0.5939684002463523,0.1326256158566961,-0.10888234242354533,0.20817843866171004,0.015799256505576207,0.1366171003717472,0.085,0.8633828996282528,5.766728624535316,-0.03491084675596978,0.11525816255849186,0.8066914498141264
markov_fallback_macro_crypto_direct,Fallback Markov direct BTC/ETH/cash allocation,markov_fallback_macro_crypto,direct,development,10,0.5627180943806613,1.2023422097630974,1.500707356916841,1.0495115879351278,0.4607745675518173,-0.5361713971046158,0.518336070060208,0.0038314176245210726,0.5795019157088123,0.007,0.42049808429118773,1.3984674329501916,-0.22336765343852127,0.3834956561868905,1.9693486590038314
markov_fallback_macro_crypto_direct,Fallback Markov direct BTC/ETH/cash allocation,markov_fallback_macro_crypto,direct,holdout,10,-0.11248419973379653,-0.284780677797741,-0.409522389245089,-0.32717580580963557,0.28082770503104926,-0.3438035384537098,0.5037174721189591,0.0,0.5,0.0,0.5,0.0,-0.13211543599034903,0.1292436734611475,2.0
markov_fallback_macro_crypto_direct,Fallback Markov direct BTC/ETH/cash allocation,markov_fallback_macro_crypto,direct,development,25,0.5594484144192027,1.1978173901593623,1.4947363352776462,1.042660168158711,0.46076389868578715,-0.5365587288206879,0.518336070060208,0.0038314176245210726,0.5795019157088123,0.0175,0.42049808429118773,1.3984674329501916,-0.22336765343852127,0.3834956561868905,1.9693486590038314
markov_fallback_macro_crypto_direct,Fallback Markov direct BTC/ETH/cash allocation,markov_fallback_macro_crypto,direct,holdout,25,-0.11248419973379653,-0.284780677797741,-0.409522389245089,-0.32717580580963557,0.28082770503104926,-0.3438035384537098,0.5037174721189591,0.0,0.5,0.0,0.5,0.0,-0.13211543599034903,0.1292436734611475,2.0
markov_fallback_macro_crypto_direct,Fallback Markov direct BTC/ETH/cash allocation,markov_fallback_macro_crypto,direct,development,50,0.5540085227830409,1.190255396767383,1.4847408356423752,1.0312809143100143,0.4607539218141988,-0.5372042816808107,0.518336070060208,0.0038314176245210726,0.5795019157088123,0.035,0.42049808429118773,1.3984674329501916,-0.22336765343852127,0.3834956561868905,1.9693486590038314
markov_fallback_macro_crypto_direct,Fallback Markov direct BTC/ETH/cash allocation,markov_fallback_macro_crypto,direct,holdout,50,-0.11248419973379653,-0.284780677797741,-0.409522389245089,-0.32717580580963557,0.28082770503104926,-0.3438035384537098,0.5037174721189591,0.0,0.5,0.0,0.5,0.0,-0.13211543599034903,0.1292436734611475,2.0
markov_fallback_macro_crypto_direct,Fallback Markov direct BTC/ETH/cash allocation,markov_fallback_macro_crypto,direct,development,100,0.5431646044244713,1.1750557807419422,1.4645905068922975,1.0086708579732706,0.4607632367158572,-0.5384953874010554,0.518336070060208,0.0038314176245210726,0.5795019157088123,0.07,0.42049808429118773,1.3984674329501916,-0.22336765343852127,0.3834956561868905,1.9693486590038314
markov_fallback_macro_crypto_direct,Fallback Markov direct BTC/ETH/cash allocation,markov_fallback_macro_crypto,direct,holdout,100,-0.11248419973379653,-0.284780677797741,-0.409522389245089,-0.32717580580963557,0.28082770503104926,-0.3438035384537098,0.5037174721189591,0.0,0.5,0.0,0.5,0.0,-0.13211543599034903,0.1292436734611475,2.0
markov_fallback_macro_crypto_confirmation_filter,Current strategy + Fallback Markov confirmation filter,markov_fallback_macro_crypto,confirmation_filter,development,10,0.2258898212030509,0.6722943868773437,0.654879781331361,0.3070995161389696,0.47597507302463177,-0.7355590267385201,0.331143951833607,0.03065134099616858,0.48659003831417624,0.05600000000000001,0.5134099616858238,11.187739463601533,-0.4320897947253527,0.41153642156296155,1.2567049808429118
markov_fallback_macro_crypto_confirmation_filter,Current strategy + Fallback Markov confirmation filter,markov_fallback_macro_crypto,confirmation_filter,holdout,10,0.2699382168428921,1.027743623907195,1.3040997384988156,1.4956833759602872,0.2660276052575855,-0.1804781822018856,0.23048327137546468,0.027881040892193308,0.2894981412639405,0.015,0.7105018587360594,10.176579925650557,-0.057686720710772965,0.246415793598165,0.8847583643122676
markov_fallback_macro_crypto_confirmation_filter,Current strategy + Fallback Markov confirmation filter,markov_fallback_macro_crypto,confirmation_filter,development,25,0.20553532599032898,0.6371372335419824,0.6218347495907972,0.2774190190004429,0.47590023738992815,-0.7408840487248671,0.33004926108374383,0.03065134099616858,0.48659003831417624,0.14,0.5134099616858238,11.187739463601533,-0.4329294666098096,0.41050143799587135,1.2567049808429118
markov_fallback_macro_crypto_confirmation_filter,Current strategy + Fallback Markov confirmation filter,markov_fallback_macro_crypto,confirmation_filter,holdout,25,0.2506806098543801,0.9700672636549106,1.2341802107524358,1.3610143521675673,0.26610866572870884,-0.1841866027754544,0.23048327137546468,0.027881040892193308,0.2894981412639405,0.037500000000000006,0.7105018587360594,10.176579925650557,-0.05983982286898448,0.2445206579453003,0.8847583643122676
markov_fallback_macro_crypto_confirmation_filter,Current strategy + Fallback Markov confirmation filter,markov_fallback_macro_crypto,confirmation_filter,development,50,0.17232298689842973,0.5784420091303633,0.5658534446172339,0.22990759833764693,0.47583752163400683,-0.7495314993693802,0.32950191570881227,0.03065134099616858,0.48659003831417624,0.28,0.5134099616858238,11.187739463601533,-0.43432753933400514,0.4087764653840549,1.2567049808429118
markov_fallback_macro_crypto_confirmation_filter,Current strategy + Fallback Markov confirmation filter,markov_fallback_macro_crypto,confirmation_filter,holdout,50,0.21919863958320418,0.8737059236516569,1.1147308422363915,1.151636015111534,0.2663388779734986,-0.19033673548493113,0.22862453531598512,0.027881040892193308,0.2894981412639405,0.07500000000000001,0.7105018587360594,10.176579925650557,-0.06342103525723375,0.24136530232033437,0.8847583643122676
markov_fallback_macro_crypto_confirmation_filter,Current strategy + Fallback Markov confirmation filter,markov_fallback_macro_crypto,confirmation_filter,development,100,0.10848843801692465,0.46077983157014446,0.4529144732762235,0.1402393441688553,0.4759446913470106,-0.7735948756741122,0.3278598795840175,0.03065134099616858,0.48659003831417624,0.56,0.5134099616858238,11.187739463601533,-0.4371185082202741,0.40532652016042325,1.2567049808429118
markov_fallback_macro_crypto_confirmation_filter,Current strategy + Fallback Markov confirmation filter,markov_fallback_macro_crypto,confirmation_filter,holdout,100,0.15847516496273428,0.6805756374853622,0.8712961436852513,0.7825043815075569,0.26715466399550514,-0.20252303847477415,0.22676579925650558,0.027881040892193308,0.2894981412639405,0.15000000000000002,0.7105018587360594,10.176579925650557,-0.07055615970418216,0.23506660530718304,0.8847583643122676
markov_fallback_macro_crypto_exposure_scaling,Current strategy + Fallback Markov exposure scaling,markov_fallback_macro_crypto,exposure_scaling,development,10,0.21249393670573924,0.7346363301628527,0.7072789035072843,0.4045185162193798,0.3432327691023447,-0.5253008902823594,0.3218390804597701,0.019978106185002738,0.31417624521072796,0.036500000000000005,0.685823754789272,7.292008757525998,-0.23960505250657183,0.3834956561868905,1.2183908045977012
markov_fallback_macro_crypto_exposure_scaling,Current strategy + Fallback Markov exposure scaling,markov_fallback_macro_crypto,exposure_scaling,holdout,10,0.12716744081603149,0.9637235382415306,1.205707768846933,1.3433007485273532,0.13330657698759685,-0.09466788502533319,0.21561338289962825,0.01486988847583643,0.14312267657992564,0.008,0.8568773234200744,5.4275092936802976,-0.028701394649114476,0.12032889579098582,0.8327137546468402
markov_fallback_macro_crypto_exposure_scaling,Current strategy + Fallback Markov exposure scaling,markov_fallback_macro_crypto,exposure_scaling,development,25,0.19932455887060763,0.7028581495649878,0.6774666885574986,0.37244685927176807,0.34318909000056796,-0.5351758349106226,0.32129173508483855,0.019978106185002738,0.31417624521072796,0.09125,0.685823754789272,7.292008757525998,-0.24017123512016325,0.3834956561868905,1.2183908045977012
markov_fallback_macro_crypto_exposure_scaling,Current strategy + Fallback Markov exposure scaling,markov_fallback_macro_crypto,exposure_scaling,holdout,25,0.11802229813536558,0.902281978843776,1.1323363036524248,1.2161012480651336,0.1333612162563956,-0.09704973029436803,0.21561338289962825,0.01486988847583643,0.14312267657992564,0.02,0.8568773234200744,5.4275092936802976,-0.029416076766771382,0.11948297489605175,0.8327137546468402
markov_fallback_macro_crypto_exposure_scaling,Current strategy + Fallback Markov exposure scaling,markov_fallback_macro_crypto,exposure_scaling,development,50,0.17767583375816232,0.6498012870207018,0.6279161617931724,0.3223486307963075,0.343156025247719,-0.5511915261412601,0.3196496989600438,0.019978106185002738,0.31417624521072796,0.1825,0.685823754789272,7.292008757525998,-0.24111440422165786,0.3834956561868905,1.2183908045977012
markov_fallback_macro_crypto_exposure_scaling,Current strategy + Fallback Markov exposure scaling,markov_fallback_macro_crypto,exposure_scaling,holdout,50,0.10293606760567009,0.7996472995963966,1.00657638803195,1.0190872496108576,0.13350967223239246,-0.10100810077348787,0.2137546468401487,0.01486988847583643,0.14312267657992564,0.04,0.8568773234200744,5.4275092936802976,-0.031249977701716558,0.11807381668406736,0.8327137546468402
markov_fallback_macro_crypto_exposure_scaling,Current strategy + Fallback Markov exposure scaling,markov_fallback_macro_crypto,exposure_scaling,development,100,0.1354825410529743,0.5434208395801925,0.5268012096316653,0.23293679090614555,0.3432389218112073,-0.5816279194279905,0.3185550082101806,0.019978106185002738,0.31417624521072796,0.365,0.685823754789272,7.292008757525998,-0.2429989852203045,0.3834956561868905,1.2183908045977012
markov_fallback_macro_crypto_exposure_scaling,Current strategy + Fallback Markov exposure scaling,markov_fallback_macro_crypto,exposure_scaling,holdout,100,0.07333897346042084,0.5941100575228394,0.7504388299017825,0.6735616797729878,0.13402079529544103,-0.10888234242354533,0.2137546468401487,0.01486988847583643,0.14312267657992564,0.08,0.8568773234200744,5.4275092936802976,-0.03491084675596978,0.11525816255849186,0.8327137546468402
