feature,horizon,bucket_type,method,mean_top_minus_bottom,positive_spread_fraction,mean_monotonicity,n_periods
momentum_7d,1w,quintile,cross_sectional,0.007457902191724224,0.5316804407713499,0.039669421487603294,363
momentum_7d,1w,decile,cross_sectional,0.017403645018926765,0.5316804407713499,0.03464396026379497,363
momentum_7d,2w,quintile,cross_sectional,0.01777324922507801,0.5469613259668509,0.07486187845303865,362
momentum_7d,2w,decile,cross_sectional,0.031133448239008887,0.5359116022099447,0.04038171772978402,362
momentum_7d,4w,quintile,cross_sectional,-39.755465214014336,0.5777777777777777,0.09944444444444443,360
momentum_7d,4w,decile,cross_sectional,-79.50747272179837,0.5583333333333333,0.07915824915824915,360
momentum_21d,1w,quintile,cross_sectional,0.010459731527373383,0.5537190082644629,0.06033057851239669,363
momentum_21d,1w,decile,cross_sectional,0.01636420720195751,0.5289256198347108,0.03344185658235245,363
momentum_21d,2w,quintile,cross_sectional,0.02145270734799453,0.5994475138121547,0.11685082872928176,362
momentum_21d,2w,decile,cross_sectional,0.033091317185224255,0.569060773480663,0.06957977565712373,362
momentum_21d,4w,quintile,cross_sectional,-39.74860314601386,0.5972222222222222,0.09805555555555555,360
momentum_21d,4w,decile,cross_sectional,-79.50411311934853,0.5527777777777778,0.06993265993265993,360
momentum_63d,1w,quintile,cross_sectional,0.004608475624851824,0.559228650137741,0.07327823691460053,363
momentum_63d,1w,decile,cross_sectional,-0.0009861344008156685,0.5344352617079889,0.032874196510560144,363
momentum_63d,2w,quintile,cross_sectional,0.00870792958571466,0.5607734806629834,0.06850828729281767,362
momentum_63d,2w,decile,cross_sectional,0.0029926795845770762,0.5220994475138122,0.015770969362129586,362
momentum_63d,4w,quintile,cross_sectional,-39.75675956200048,0.5444444444444444,0.0611111111111111,360
momentum_63d,4w,decile,cross_sectional,-79.54189689891695,0.5333333333333333,0.015117845117845115,360
momentum_126d,1w,quintile,cross_sectional,0.004486026439963377,0.5151515151515151,0.028925619834710738,363
momentum_126d,1w,decile,cross_sectional,0.0007190296191252415,0.49586776859504134,0.0031221303948576664,363
momentum_126d,2w,quintile,cross_sectional,0.010398580790591243,0.5386740331491713,0.02734806629834254,362
momentum_126d,2w,decile,cross_sectional,0.00869265030665779,0.5082872928176796,0.014465092918131594,362
momentum_126d,4w,quintile,cross_sectional,-39.75677048253494,0.5083333333333333,-0.006944444444444444,360
momentum_126d,4w,decile,cross_sectional,-79.53424340153737,0.525,0.0032323232323232345,360
momentum_acceleration,1w,quintile,cross_sectional,0.0029778240270337433,0.4793388429752066,-0.0038567493112947656,363
momentum_acceleration,1w,decile,cross_sectional,0.011187506544184765,0.512396694214876,0.0016528925619834689,363
momentum_acceleration,2w,quintile,cross_sectional,0.006317730040856192,0.47790055248618785,-0.0149171270718232,362
momentum_acceleration,2w,decile,cross_sectional,0.015764772564952897,0.511049723756906,0.011485015904905409,362
momentum_acceleration,4w,quintile,cross_sectional,0.00467493437796313,0.48333333333333334,-0.02638888888888889,360
momentum_acceleration,4w,decile,cross_sectional,0.0014306440625464168,0.4861111111111111,-0.002895622895622892,360
momentum_consistency_63d,1w,quintile,cross_sectional,0.003722085696654139,0.5399449035812672,0.022758620689655163,363
momentum_consistency_63d,1w,decile,cross_sectional,-0.01176410512416905,0.5592105263157895,0.016071428571428577,152
momentum_consistency_63d,2w,quintile,cross_sectional,0.0048694983990999795,0.5303867403314917,0.02344827586206896,362
momentum_consistency_63d,2w,decile,cross_sectional,-0.019871264499391507,0.5197368421052632,0.0056476418318523675,152
momentum_consistency_63d,4w,quintile,cross_sectional,-22.72009240602879,0.5222222222222223,-0.003103448275862067,360
momentum_consistency_63d,4w,decile,cross_sectional,-0.061776763962911006,0.5394736842105263,0.028295169742538172,152
distance_to_50dma,1w,quintile,cross_sectional,0.01368444256426732,0.5785123966942148,0.10578512396694212,363
distance_to_50dma,1w,decile,cross_sectional,0.01498707298004233,0.5316804407713499,0.05217463895149845,363
distance_to_50dma,2w,quintile,cross_sectional,0.017158832056402628,0.5580110497237569,0.124585635359116,362
distance_to_50dma,2w,decile,cross_sectional,0.024436576061267347,0.5386740331491713,0.08093085551649086,362
distance_to_50dma,4w,quintile,cross_sectional,-39.75331481014582,0.5722222222222222,0.10027777777777776,360
distance_to_50dma,4w,decile,cross_sectional,-79.50568459373972,0.5361111111111111,0.07235690235690234,360
distance_to_200dma,1w,quintile,cross_sectional,0.006871393609251881,0.5555555555555556,0.06305555555555555,360
distance_to_200dma,1w,decile,cross_sectional,0.012675058705744606,0.5277777777777778,0.02538720538720539,360
distance_to_200dma,2w,quintile,cross_sectional,0.016602012232090485,0.5710306406685237,0.08523676880222841,359
distance_to_200dma,2w,decile,cross_sectional,0.01731990201202732,0.5682451253481894,0.03378070397569004,359
distance_to_200dma,4w,quintile,cross_sectional,-40.08037485240062,0.5546218487394958,0.056582633053221275,357
distance_to_200dma,4w,decile,cross_sectional,-80.19084841611972,0.5294117647058824,0.021339444868856625,357
trend_slope_63d,1w,quintile,cross_sectional,0.004608475624851824,0.559228650137741,0.07327823691460053,363
trend_slope_63d,1w,decile,cross_sectional,-0.0009861344008156685,0.5344352617079889,0.032874196510560144,363
trend_slope_63d,2w,quintile,cross_sectional,0.00870792958571466,0.5607734806629834,0.06850828729281767,362
trend_slope_63d,2w,decile,cross_sectional,0.0029926795845770762,0.5220994475138122,0.015770969362129586,362
trend_slope_63d,4w,quintile,cross_sectional,-39.75675956200048,0.5444444444444444,0.0611111111111111,360
trend_slope_63d,4w,decile,cross_sectional,-79.54189689891695,0.5333333333333333,0.015117845117845115,360
trend_persistence_63d,1w,quintile,cross_sectional,0.003722085696654139,0.5399449035812672,0.022758620689655163,363
trend_persistence_63d,1w,decile,cross_sectional,-0.01176410512416905,0.5592105263157895,0.016071428571428577,152
trend_persistence_63d,2w,quintile,cross_sectional,0.0048694983990999795,0.5303867403314917,0.02344827586206896,362
trend_persistence_63d,2w,decile,cross_sectional,-0.019871264499391507,0.5197368421052632,0.0056476418318523675,152
trend_persistence_63d,4w,quintile,cross_sectional,-22.72009240602879,0.5222222222222223,-0.003103448275862067,360
trend_persistence_63d,4w,decile,cross_sectional,-0.061776763962911006,0.5394736842105263,0.028295169742538172,152
realized_volatility_30d,1w,quintile,cross_sectional,-0.009532059169882406,0.4380165289256198,-0.0980716253443526,363
realized_volatility_30d,1w,decile,cross_sectional,-0.0074022932656205905,0.4214876033057851,-0.1113448534936138,363
realized_volatility_30d,2w,quintile,cross_sectional,-0.019130168669358783,0.3701657458563536,-0.15414364640883976,362
realized_volatility_30d,2w,decile,cross_sectional,-0.02071648042010793,0.3756906077348066,-0.16055583458898373,362
realized_volatility_30d,4w,quintile,cross_sectional,39.72545066053036,0.33611111111111114,-0.21722222222222218,360
realized_volatility_30d,4w,decile,cross_sectional,79.48875052259888,0.3527777777777778,-0.20717171717171712,360
downside_volatility_30d,1w,quintile,cross_sectional,-0.015108145466704252,0.45454545454545453,-0.12975206611570247,363
downside_volatility_30d,1w,decile,cross_sectional,-0.01123269784773989,0.41046831955922863,-0.12807412972702228,363
downside_volatility_30d,2w,quintile,cross_sectional,-0.029573769734311254,0.3839779005524862,-0.18232044198895023,362
downside_volatility_30d,2w,decile,cross_sectional,-0.028625655429305553,0.39502762430939226,-0.16527708019420725,362
downside_volatility_30d,4w,quintile,cross_sectional,39.71094464138993,0.34444444444444444,-0.25166666666666665,360
downside_volatility_30d,4w,decile,cross_sectional,79.47395410676407,0.31666666666666665,-0.22515151515151513,360
upside_volatility_30d,1w,quintile,cross_sectional,-0.006835451616559545,0.4573002754820937,-0.090633608815427,363
upside_volatility_30d,1w,decile,cross_sectional,-0.012107037380947991,0.4132231404958678,-0.10269638534101343,363
upside_volatility_30d,2w,quintile,cross_sectional,-0.015064447646801767,0.38950276243093923,-0.1262430939226519,362
upside_volatility_30d,2w,decile,cross_sectional,-0.02247765403888169,0.3812154696132597,-0.13172610078687425,362
upside_volatility_30d,4w,quintile,cross_sectional,-0.04664472675620095,0.33611111111111114,-0.18277777777777776,360
upside_volatility_30d,4w,decile,cross_sectional,-0.05972526337458302,0.3416666666666667,-0.16148148148148145,360
volatility_of_volatility_30d,1w,quintile,cross_sectional,-0.0076950138154540226,0.418732782369146,-0.11184573002754822,363
volatility_of_volatility_30d,1w,decile,cross_sectional,-0.012603737268834988,0.418732782369146,-0.09010768845479587,363
volatility_of_volatility_30d,2w,quintile,cross_sectional,-0.012923561593439773,0.39779005524861877,-0.1325966850828729,362
volatility_of_volatility_30d,2w,decile,cross_sectional,-0.025271163958155544,0.36187845303867405,-0.12720575924995814,362
volatility_of_volatility_30d,4w,quintile,cross_sectional,39.74810042661685,0.3888888888888889,-0.15694444444444444,360
volatility_of_volatility_30d,4w,decile,cross_sectional,79.4992185428462,0.3472222222222222,-0.1385185185185185,360
jump_intensity_30d,1w,quintile,cross_sectional,0.021183476423894638,0.5458937198067633,0.16666666666666666,207
jump_intensity_30d,1w,decile,cross_sectional,,,,0
jump_intensity_30d,2w,quintile,cross_sectional,0.03486631440745902,0.5922330097087378,0.20588235294117643,206
jump_intensity_30d,2w,decile,cross_sectional,,,,0
jump_intensity_30d,4w,quintile,cross_sectional,0.04958438085530311,0.5980392156862745,0.3,204
jump_intensity_30d,4w,decile,cross_sectional,,,,0
amihud_illiquidity_30d,1w,quintile,cross_sectional,-0.0029056899164816544,0.418732782369146,-0.1234159779614325,363
amihud_illiquidity_30d,1w,decile,cross_sectional,-0.008115087247747291,0.38016528925619836,-0.11211286417897988,363
amihud_illiquidity_30d,2w,quintile,cross_sectional,-0.0045453033386331975,0.430939226519337,-0.14309392265193369,362
amihud_illiquidity_30d,2w,decile,cross_sectional,-0.01299029333377065,0.36464088397790057,-0.1335342374016407,362
amihud_illiquidity_30d,4w,quintile,cross_sectional,-0.0065176455816382565,0.4,-0.15833333333333333,360
amihud_illiquidity_30d,4w,decile,cross_sectional,-0.015561727199687738,0.35833333333333334,-0.15259259259259256,360
turnover_30d,1w,quintile,cross_sectional,0.005225745711332761,0.5785123966942148,0.0997245179063361,363
turnover_30d,1w,decile,cross_sectional,0.007531119275019616,0.628099173553719,0.09214458635946239,363
turnover_30d,2w,quintile,cross_sectional,0.007785016679043618,0.585635359116022,0.09917127071823204,362
turnover_30d,2w,decile,cross_sectional,0.015097138063644171,0.6464088397790055,0.09660137284446677,362
turnover_30d,4w,quintile,cross_sectional,39.77825413691654,0.6138888888888889,0.09888888888888887,360
turnover_30d,4w,decile,cross_sectional,0.019715438651399672,0.6361111111111111,0.09676767676767677,360
volume_acceleration,1w,quintile,cross_sectional,0.008175337903350321,0.5426997245179064,0.07796143250688703,363
volume_acceleration,1w,decile,cross_sectional,0.01338211245875161,0.5619834710743802,0.05017113281576091,363
volume_acceleration,2w,quintile,cross_sectional,0.019138475891054118,0.574585635359116,0.09364640883977898,362
volume_acceleration,2w,decile,cross_sectional,0.02208239945186976,0.5386740331491713,0.05163234555499749,362
volume_acceleration,4w,quintile,cross_sectional,39.79044464609314,0.5666666666666667,0.08527777777777777,360
volume_acceleration,4w,decile,cross_sectional,79.57299503586437,0.5638888888888889,0.0817171717171717,360
volume_concentration_7_30,1w,quintile,cross_sectional,0.008175337903350321,0.5426997245179064,0.07796143250688703,363
volume_concentration_7_30,1w,decile,cross_sectional,0.01338211245875161,0.5619834710743802,0.05017113281576091,363
volume_concentration_7_30,2w,quintile,cross_sectional,0.019138475891054118,0.574585635359116,0.09364640883977898,362
volume_concentration_7_30,2w,decile,cross_sectional,0.02208239945186976,0.5386740331491713,0.05163234555499749,362
volume_concentration_7_30,4w,quintile,cross_sectional,39.79044464609314,0.5666666666666667,0.08527777777777777,360
volume_concentration_7_30,4w,decile,cross_sectional,79.57299503586437,0.5638888888888889,0.0817171717171717,360
relative_strength_rank,1w,quintile,cross_sectional,0.004608475624851824,0.559228650137741,0.07327823691460053,363
relative_strength_rank,1w,decile,cross_sectional,-0.0009861344008156685,0.5344352617079889,0.032874196510560144,363
relative_strength_rank,2w,quintile,cross_sectional,0.00870792958571466,0.5607734806629834,0.06850828729281767,362
relative_strength_rank,2w,decile,cross_sectional,0.0029926795845770762,0.5220994475138122,0.015770969362129586,362
relative_strength_rank,4w,quintile,cross_sectional,-39.75675956200048,0.5444444444444444,0.0611111111111111,360
relative_strength_rank,4w,decile,cross_sectional,-79.54189689891695,0.5333333333333333,0.015117845117845115,360
percentile_momentum_63d,1w,quintile,cross_sectional,0.004608475624851824,0.559228650137741,0.07327823691460053,363
percentile_momentum_63d,1w,decile,cross_sectional,-0.0009861344008156685,0.5344352617079889,0.032874196510560144,363
percentile_momentum_63d,2w,quintile,cross_sectional,0.00870792958571466,0.5607734806629834,0.06850828729281767,362
percentile_momentum_63d,2w,decile,cross_sectional,0.0029926795845770762,0.5220994475138122,0.015770969362129586,362
percentile_momentum_63d,4w,quintile,cross_sectional,-39.75675956200048,0.5444444444444444,0.0611111111111111,360
percentile_momentum_63d,4w,decile,cross_sectional,-79.54189689891695,0.5333333333333333,0.015117845117845115,360
volatility_adjusted_momentum_63d,1w,quintile,cross_sectional,0.006717532016245768,0.5537190082644629,0.04242424242424243,363
volatility_adjusted_momentum_63d,1w,decile,cross_sectional,0.0009571330385017278,0.5261707988980716,0.014341764754987893,363
volatility_adjusted_momentum_63d,2w,quintile,cross_sectional,0.004768168315269707,0.5497237569060773,0.057458563535911604,362
volatility_adjusted_momentum_63d,2w,decile,cross_sectional,0.00649639859387868,0.5331491712707183,0.032881299179641714,362
volatility_adjusted_momentum_63d,4w,quintile,cross_sectional,39.776966887692225,0.5472222222222223,0.07416666666666666,360
volatility_adjusted_momentum_63d,4w,decile,cross_sectional,79.56470437357545,0.5416666666666666,0.02707070707070707,360
market_breadth,1w,quintile,market_time_series,-0.005317021691988225,0.0,0.19999999999999998,1
market_breadth,1w,decile,market_time_series,-0.00657189784517539,0.0,0.13333333333333333,1
market_breadth,2w,quintile,market_time_series,-0.021318441370155622,0.0,0.19999999999999998,1
market_breadth,2w,decile,market_time_series,-0.013528843235593908,0.0,0.11666666666666665,1
market_breadth,4w,quintile,market_time_series,-33.2787920694153,0.0,-0.09999999999999999,1
market_breadth,4w,decile,market_time_series,-52.044441151622124,0.0,0.049999999999999996,1
cross_sectional_dispersion,1w,quintile,market_time_series,-0.004912299579463908,0.0,-0.49999999999999994,1
cross_sectional_dispersion,1w,decile,market_time_series,-0.0016886910734885095,0.0,-0.17575757575757575,1
cross_sectional_dispersion,2w,quintile,market_time_series,-0.003001768086582802,0.0,-0.39999999999999997,1
cross_sectional_dispersion,2w,decile,market_time_series,0.01379094959554203,1.0,-0.2727272727272727,1
cross_sectional_dispersion,4w,quintile,market_time_series,40.32255245007601,1.0,0.0,1
cross_sectional_dispersion,4w,decile,market_time_series,79.57629324012078,1.0,-0.07878787878787878,1
average_correlation_30d,1w,quintile,market_time_series,-0.031156439531520638,0.0,-0.3,1
average_correlation_30d,1w,decile,market_time_series,-0.005850728120008171,0.0,-0.2121212121212121,1
average_correlation_30d,2w,quintile,market_time_series,-0.03138827225972421,0.0,-0.19999999999999998,1
average_correlation_30d,2w,decile,market_time_series,-0.006987916304459165,0.0,-0.1515151515151515,1
average_correlation_30d,4w,quintile,market_time_series,39.71030558162374,1.0,0.3,1
average_correlation_30d,4w,decile,market_time_series,79.47319386470981,1.0,0.29696969696969694,1
market_drawdown,1w,quintile,market_time_series,0.014201719836934681,1.0,0.39999999999999997,1
market_drawdown,1w,decile,market_time_series,0.009296545902164607,1.0,0.12727272727272726,1
market_drawdown,2w,quintile,market_time_series,0.033293302419526855,1.0,0.09999999999999999,1
market_drawdown,2w,decile,market_time_series,0.028111377165130014,1.0,0.17575757575757575,1
market_drawdown,4w,quintile,market_time_series,0.059649142039075724,1.0,-0.19999999999999998,1
market_drawdown,4w,decile,market_time_series,0.09971340856539511,1.0,-0.13939393939393938,1
volatility_expansion_probability,1w,quintile,market_time_series,-0.015652208956534137,0.0,-0.49999999999999994,1
volatility_expansion_probability,1w,decile,market_time_series,0.004182813394473989,1.0,-0.19999999999999998,1
volatility_expansion_probability,2w,quintile,market_time_series,-0.03227132659157809,0.0,-0.7,1
volatility_expansion_probability,2w,decile,market_time_series,-0.023788226150292305,0.0,-0.4424242424242424,1
volatility_expansion_probability,4w,quintile,market_time_series,-56.13558670583318,0.0,-0.7,1
volatility_expansion_probability,4w,decile,market_time_series,-110.09845047200679,0.0,-0.34545454545454546,1
stablecoin_supply_change_7d,1w,quintile,market_time_series,0.02904647554988331,1.0,0.7,1
stablecoin_supply_change_7d,1w,decile,market_time_series,0.05133710440367579,1.0,0.6363636363636362,1
stablecoin_supply_change_7d,2w,quintile,market_time_series,0.05588065911824683,1.0,0.8999999999999998,1
stablecoin_supply_change_7d,2w,decile,market_time_series,0.061416733320517655,1.0,0.6848484848484848,1
stablecoin_supply_change_7d,4w,quintile,market_time_series,-39.67555288346441,0.0,0.0,1
stablecoin_supply_change_7d,4w,decile,market_time_series,-79.42319470914346,0.0,0.3696969696969697,1
stablecoin_supply_change_30d,1w,quintile,market_time_series,0.03516218963930436,1.0,0.7999999999999999,1
stablecoin_supply_change_30d,1w,decile,market_time_series,0.03740207943988426,1.0,0.43030303030303024,1
stablecoin_supply_change_30d,2w,quintile,market_time_series,0.06831407290628334,1.0,0.7999999999999999,1
stablecoin_supply_change_30d,2w,decile,market_time_series,0.0709166085742758,1.0,0.6363636363636362,1
stablecoin_supply_change_30d,4w,quintile,market_time_series,-39.63453226568883,0.0,-0.09999999999999999,1
stablecoin_supply_change_30d,4w,decile,market_time_series,-79.38515430575542,0.0,0.18787878787878787,1
stablecoin_supply_change_90d,1w,quintile,market_time_series,0.01979804903331379,1.0,0.7,1
stablecoin_supply_change_90d,1w,decile,market_time_series,0.011293579907754927,1.0,0.43030303030303024,1
stablecoin_supply_change_90d,2w,quintile,market_time_series,0.05140972959527647,1.0,0.7,1
stablecoin_supply_change_90d,2w,decile,market_time_series,0.019870414548684392,1.0,0.38181818181818183,1
stablecoin_supply_change_90d,4w,quintile,market_time_series,-39.642529552798045,0.0,-0.3,1
stablecoin_supply_change_90d,4w,decile,market_time_series,-79.501528607949,0.0,-0.01818181818181818,1
stablecoin_supply_z_90,1w,quintile,market_time_series,0.026856400974714697,1.0,0.9999999999999999,1
stablecoin_supply_z_90,1w,decile,market_time_series,0.026358554065654044,1.0,0.7818181818181817,1
stablecoin_supply_z_90,2w,quintile,market_time_series,0.04602099998055623,1.0,0.7999999999999999,1
stablecoin_supply_z_90,2w,decile,market_time_series,0.02212718802073608,1.0,0.5636363636363636,1
stablecoin_supply_z_90,4w,quintile,market_time_series,-39.68177849219407,0.0,0.0,1
stablecoin_supply_z_90,4w,decile,market_time_series,-79.4350692496331,0.0,0.1515151515151515,1
stablecoin_supply_growth_30d,1w,quintile,market_time_series,0.03516218963930436,1.0,0.7999999999999999,1
stablecoin_supply_growth_30d,1w,decile,market_time_series,0.03740207943988426,1.0,0.43030303030303024,1
stablecoin_supply_growth_30d,2w,quintile,market_time_series,0.06831407290628334,1.0,0.7999999999999999,1
stablecoin_supply_growth_30d,2w,decile,market_time_series,0.0709166085742758,1.0,0.6363636363636362,1
stablecoin_supply_growth_30d,4w,quintile,market_time_series,-39.63453226568883,0.0,-0.09999999999999999,1
stablecoin_supply_growth_30d,4w,decile,market_time_series,-79.38515430575542,0.0,0.18787878787878787,1
tvl_growth_30d,1w,quintile,market_time_series,0.04568869713879176,1.0,0.8999999999999998,1
tvl_growth_30d,1w,decile,market_time_series,0.05805525361963368,1.0,0.8303030303030302,1
tvl_growth_30d,2w,quintile,market_time_series,0.07598826915748444,1.0,0.8999999999999998,1
tvl_growth_30d,2w,decile,market_time_series,0.0957270490957593,1.0,0.7818181818181817,1
tvl_growth_30d,4w,quintile,market_time_series,-39.65001812364457,0.0,-0.3,1
tvl_growth_30d,4w,decile,market_time_series,-79.36506865089761,0.0,0.06666666666666665,1
tvl_momentum_90d,1w,quintile,market_time_series,0.010954002302920643,1.0,-0.09999999999999999,1
tvl_momentum_90d,1w,decile,market_time_series,0.03636156694496363,1.0,0.06666666666666665,1
tvl_momentum_90d,2w,quintile,market_time_series,0.02045962223046042,1.0,0.19999999999999998,1
tvl_momentum_90d,2w,decile,market_time_series,0.07260092388197234,1.0,-0.07878787878787878,1
tvl_momentum_90d,4w,quintile,market_time_series,-39.720725076966055,0.0,-0.39999999999999997,1
tvl_momentum_90d,4w,decile,market_time_series,-79.41444645866552,0.0,-0.34545454545454546,1
trend_4h_7d,1w,quintile,asset_time_series,0.010111016225814708,1.0,0.39999999999999997,1
trend_4h_7d,1w,decile,asset_time_series,-0.004547937437600513,0.0,0.2121212121212121,1
trend_4h_7d,2w,quintile,asset_time_series,0.04897235964511781,1.0,0.09999999999999999,1
trend_4h_7d,2w,decile,asset_time_series,0.06224249404344198,1.0,0.309090909090909,1
trend_4h_7d,4w,quintile,asset_time_series,-39.69612663881073,0.0,-0.3,1
trend_4h_7d,4w,decile,asset_time_series,-79.44524221333657,0.0,0.07878787878787878,1
trend_4h_14d,1w,quintile,asset_time_series,0.03763841048382897,1.0,0.19999999999999998,1
trend_4h_14d,1w,decile,asset_time_series,0.032569803089597456,1.0,0.19999999999999998,1
trend_4h_14d,2w,quintile,asset_time_series,0.07883224680357569,1.0,0.3,1
trend_4h_14d,2w,decile,asset_time_series,0.07410374480133652,1.0,0.33333333333333326,1
trend_4h_14d,4w,quintile,asset_time_series,-39.64180023085326,0.0,-0.09999999999999999,1
trend_4h_14d,4w,decile,asset_time_series,-79.4032636485602,0.0,0.35757575757575755,1
volatility_4h_7d,1w,quintile,asset_time_series,0.02825009984198866,1.0,0.7,1
volatility_4h_7d,1w,decile,asset_time_series,0.03295716033176913,1.0,0.33333333333333326,1
volatility_4h_7d,2w,quintile,asset_time_series,0.03736992346953128,1.0,0.7,1
volatility_4h_7d,2w,decile,asset_time_series,0.05939594678730313,1.0,0.38181818181818183,1
volatility_4h_7d,4w,quintile,asset_time_series,39.80781381294211,1.0,0.7,1
volatility_4h_7d,4w,decile,asset_time_series,0.04116720490242491,1.0,0.5878787878787878,1
volatility_4h_30d,1w,quintile,asset_time_series,0.009603779477095935,1.0,0.6,1
volatility_4h_30d,1w,decile,asset_time_series,0.017100984086969424,1.0,0.28484848484848485,1
volatility_4h_30d,2w,quintile,asset_time_series,0.02074404614349614,1.0,0.3,1
volatility_4h_30d,2w,decile,asset_time_series,0.03414067369225891,1.0,0.3696969696969697,1
volatility_4h_30d,4w,quintile,asset_time_series,0.024731166577258226,1.0,0.49999999999999994,1
volatility_4h_30d,4w,decile,asset_time_series,0.07579051344945234,1.0,0.04242424242424241,1
drawdown_4h_30d,1w,quintile,asset_time_series,0.02412207482358863,1.0,0.8999999999999998,1
drawdown_4h_30d,1w,decile,asset_time_series,0.024688908869226547,1.0,0.5515151515151515,1
drawdown_4h_30d,2w,quintile,asset_time_series,0.07423508120438753,1.0,0.8999999999999998,1
drawdown_4h_30d,2w,decile,asset_time_series,0.06373601753180035,1.0,0.5636363636363636,1
drawdown_4h_30d,4w,quintile,asset_time_series,-39.701458061871364,0.0,0.0,1
drawdown_4h_30d,4w,decile,asset_time_series,-79.4764914872961,0.0,0.09090909090909088,1
volume_shock_4h,1w,quintile,asset_time_series,0.011087586110470586,1.0,0.09999999999999999,1
volume_shock_4h,1w,decile,asset_time_series,-0.019208503634506064,0.0,0.01818181818181818,1
volume_shock_4h,2w,quintile,asset_time_series,0.004774576099072413,1.0,0.6,1
volume_shock_4h,2w,decile,asset_time_series,-0.04182758628556189,0.0,0.2121212121212121,1
volume_shock_4h,4w,quintile,asset_time_series,-39.74772447507139,0.0,-0.3,1
volume_shock_4h,4w,decile,asset_time_series,-0.03074363982569611,0.0,0.06666666666666665,1
