date,chosen_action,q_cash,q_btc,q_eth,q_btc_eth_50_50
2020-01-03,eth,0.11183843154820561,0.13920402444775717,0.1497673879357771,0.14501738506914902
2020-01-17,eth,0.1534737759035925,0.18083936880314408,0.191402732291164,0.18665272942453592
2020-01-31,eth,0.11259914542065566,0.13996473832020723,0.15052810180822715,0.14577809894159907
2020-02-14,eth,0.02620820202108899,0.053573794920640565,0.0641371584086605,0.05938715554203241
2020-02-28,eth,0.01953612686560509,0.046901719765156655,0.05746508325317658,0.0527150803865485
2020-03-13,eth,0.2030167449687274,0.23038233786827897,0.2409457013562989,0.2361956984896708
2020-03-27,eth,0.28048939505482917,0.30785498795438077,0.31841835144240066,0.3136683485757726
2020-04-10,eth,0.3051089720805703,0.3324745649801219,0.3430379284681418,0.3382879256015137
2020-04-24,eth,0.14554782450402587,0.17291341740357744,0.18347678089159736,0.17872677802496928
2020-05-08,eth,0.1837764985585251,0.21114209145807666,0.2217054549460966,0.2169554520794685
2020-05-22,eth,0.18604046724957934,0.2134060601491309,0.22396942363715083,0.21921942077052275
2020-06-05,eth,0.1798883862349014,0.20725397913445295,0.21781734262247288,0.2130673397558448
2020-06-19,eth,0.216009037869143,0.2433746307686946,0.2539379942567145,0.2491879913900864
2020-07-03,eth,0.2073896874134427,0.2347552803129943,0.2453186438010142,0.24056864093438612
2020-07-17,eth,0.20094548765926684,0.22831108055881844,0.23887444404683836,0.23412444118021025
2020-07-31,eth,0.06573456611808468,0.09310015901763624,0.10366352250565615,0.09891351963902807
2020-08-14,eth,-0.02341884221831575,0.003946750681235775,0.014510114169255683,0.009760111302627605
2020-08-28,eth,0.07294532497743159,0.10031091787698315,0.11087428136500306,0.10612427849837498
2020-09-11,eth,0.08700432809071248,0.11436992099026407,0.12493328447828399,0.12018328161165591
2020-09-25,eth,0.11322102908887763,0.1405866219884292,0.15114998547644912,0.14639998260982104
2020-10-09,eth,0.08642521669716018,0.11379080959671174,0.12435417308473165,0.11960417021810359
2020-10-23,eth,0.13048462981659634,0.15785022271614788,0.1684135862041678,0.16366358333753972
2020-11-06,eth,0.17411722449871042,0.201482817398262,0.2120461808862819,0.20729617801965383
2020-11-20,eth,0.21228963325007782,0.23965522614962942,0.2502185896376493,0.24546858677102124
2020-12-04,eth,0.18336229397897372,0.21072788687852528,0.22129125036654518,0.2165412474999171
2020-12-18,eth,0.24875163471872577,0.27611722761827734,0.28668059110629723,0.28193058823966916
2021-01-01,eth,0.30513367558283877,0.33249926848239036,0.34306263197041026,0.3383126291037822
2021-01-15,eth,0.19636627671992912,0.2237318696194807,0.2342952331075006,0.22954523024087253
2021-01-29,eth,0.043898397647052556,0.07126399054660412,0.08182735403462403,0.07707735116799597
2021-02-12,eth,0.1271748409722627,0.15454043387181426,0.1651037973598342,0.1603537944932061
2021-02-26,eth,0.15342068357177602,0.18078627647132758,0.1913496399593475,0.18659963709271943
2021-03-12,eth,0.24698890386543573,0.2743544967649873,0.2849178602530072,0.2801678573863791
2021-03-26,eth,0.15701101358855324,0.18437660648810483,0.19493996997612473,0.19018996710949665
2021-04-09,eth,0.12651809624932492,0.15388368914887646,0.1644470526368964,0.15969704977026833
2021-04-23,eth,-0.15531670469794304,-0.12795111179839141,-0.11738774831037152,-0.1221377511769996
2021-05-07,eth,-0.22271803818239025,-0.1953524452828387,-0.18478908179481876,-0.18953908466144684
2021-05-21,eth,-0.10660917515232413,-0.07924358225277256,-0.06868021876475267,-0.07343022163138074
2021-06-04,eth,0.010531688720632135,0.0378972816201837,0.04846064510820361,0.04371064224157553
2021-06-18,eth,0.15088162908126523,0.1782472219808168,0.18881058546883672,0.18406058260220864
2021-07-02,eth,0.06856881609110996,0.09593440899066152,0.10649777247868143,0.10174776961205335
2021-07-16,eth,0.06975300745677396,0.09711860035632552,0.10768196384434543,0.10293196097771735
2021-07-30,eth,0.07591365737828554,0.10327925027783712,0.11384261376585703,0.10909261089922895
2021-08-13,eth,0.03677053585398403,0.0641361287535356,0.07469949224155552,0.06994948937492744
2021-08-27,eth,0.05316287406463592,0.08052846696418749,0.0910918304522074,0.08634182758557932
2021-09-10,eth,0.053748159469672964,0.08111375236922452,0.09167711585724445,0.08692711299061637
2021-09-24,eth,0.09747252216531815,0.12483811506486972,0.13540147855288964,0.13065147568626156
2021-10-08,eth,0.15746684933393224,0.18483244223348383,0.19539580572150372,0.19064580285487565
2021-10-22,eth,0.15978040050030332,0.18714599339985488,0.1977093568878748,0.19295935402124673
2021-11-05,eth,0.06207110895274594,0.0894367018522975,0.10000006534031743,0.09525006247368935
2021-11-19,eth,0.04899588022256493,0.0763614731221165,0.08692483661013642,0.08217483374350834
2021-12-03,eth,0.04915510530954625,0.07652069820909782,0.08708406169711773,0.08233405883048965
2021-12-17,eth,0.015147862926018676,0.04251345582557026,0.053076819313590165,0.04832681644696209
2021-12-31,eth,0.044393170818781996,0.07175876371833356,0.08232212720635348,0.0775721243397254
2022-01-14,eth,0.051009883884466846,0.07837547678401842,0.08893884027203833,0.08418883740541025
2022-01-28,eth,0.06511488566857285,0.09248047856812441,0.10304384205614432,0.09829383918951624
2022-02-11,eth,0.050023858579727916,0.07738945147927949,0.0879528149672994,0.08320281210067132
2022-02-25,eth,0.020004515838676185,0.04737010873822776,0.05793347222624768,0.0531834693596196
2022-03-11,eth,0.0946153370808509,0.12198092998040248,0.1325442934684224,0.1277942906017943
2022-03-25,eth,0.09844936092770636,0.1258149538272579,0.13637831731527783,0.13162831444864975
2022-04-08,eth,0.07840760246971899,0.10577319536927056,0.11633655885729048,0.1115865559906624
2022-04-22,eth,0.08995264279705753,0.1173182356966091,0.127881599184629,0.12313159631800093
2022-05-06,eth,0.07179667170249787,0.09916226460204944,0.10972562809006935,0.10497562522344127
2022-05-20,eth,-0.1488882891334566,-0.12152269623390499,-0.1109593327458851,-0.11570933561251318
2022-06-03,eth,-0.1417573515402951,-0.1143917586407435,-0.1038283951527236,-0.10857839801935168
2022-06-17,eth,0.051723105462739914,0.07908869836229147,0.08965206185031138,0.0849020589836833
2022-07-01,eth,0.0074823695916032135,0.034847962491154794,0.0454113259791747,0.040661323112546624
2022-07-15,eth,0.02375117299336356,0.05111676589291513,0.061680129380935055,0.056930126514306977
2022-07-29,eth,0.017733362616974627,0.04509895551652621,0.05566231900454612,0.05091231613791805
2022-08-12,eth,-0.015090054107562728,0.012275538791988852,0.02283890228000876,0.018088899413380682
2022-08-26,eth,0.01454534813811581,0.041910941037667376,0.052474304525687285,0.04772430165905921
2022-09-09,eth,-0.026767101477247368,0.0005984914223041704,0.011161854910324079,0.006411852043696001
2022-09-23,eth,0.0588653381961556,0.08623093109570716,0.09679429458372707,0.09204429171709899
2022-10-07,eth,0.09089903886132078,0.11826463176087236,0.12882799524889227,0.12407799238226419
2022-10-21,eth,0.05033992467687944,0.07770551757643102,0.08826888106445092,0.08351887819782285
2022-11-04,eth,0.022082804513425952,0.04944839741297752,0.06001176090099744,0.05526175803436936
2022-11-18,eth,0.05891664204673642,0.08628223494628799,0.0968455984343079,0.09209559556767982
2022-12-02,eth,0.06850063460015553,0.09586622749970708,0.106429590987727,0.10167958812109892
2022-12-16,eth,0.0366265809954258,0.06399217389497738,0.0745555373829973,0.06980553451636923
2022-12-30,eth,0.055648859321251624,0.0830144522208032,0.0935778157088231,0.08882781284219503
2023-01-13,eth,0.054278719552398845,0.0816443124519504,0.09220767593997033,0.08745767307334225
2023-01-27,eth,0.08281368496837989,0.11017927786793145,0.12074264135595136,0.11599263848932329
2023-02-10,eth,0.15992318587473858,0.18728877877429015,0.19785214226231007,0.193102139395682
2023-02-24,eth,0.1809214986884204,0.20828709158797198,0.21885045507599188,0.2141004522093638
2023-03-10,eth,0.10079243145156366,0.12815802435111523,0.13872138783913515,0.13397138497250707
2023-03-24,eth,0.14214151237209574,0.1695071052716473,0.1800704687596672,0.17532046589303912
2023-04-07,eth,0.13437824273542526,0.16174383563497682,0.17230719912299675,0.16755719625636867
2023-04-21,eth,0.05693349456121688,0.08429908746076845,0.09486245094878835,0.09011244808216028
2023-05-05,eth,0.0992533986561744,0.12661899155572598,0.13718235504374587,0.1324323521771178
2023-05-19,eth,0.05710144687909887,0.08446703977865043,0.09503040326667035,0.09028040040004227
2023-06-02,eth,0.05638394570097303,0.08374953860052459,0.09431290208854451,0.08956289922191643
2023-06-16,eth,0.05151194045724928,0.07887753335680084,0.08944089684482076,0.08469089397819268
2023-06-30,eth,0.07048383576029973,0.0978494286598513,0.10841279214787121,0.10366278928124313
2023-07-14,eth,0.06595191077586773,0.0933175036754193,0.10388086716343922,0.09913086429681114
2023-07-28,eth,0.02541707314393117,0.05278266604348274,0.06334602953150266,0.05859602666487458
2023-08-11,eth,0.048181019941667326,0.07554661284121889,0.08610997632923881,0.08135997346261073
2023-08-25,eth,0.053248543077500564,0.08061413597705214,0.09117749946507205,0.08642749659844397
2023-09-08,eth,0.07348461342808799,0.10085020632763955,0.11141356981565947,0.1066635669490314
2023-09-22,eth,0.07828355752222307,0.10564915042177464,0.11621251390979455,0.11146251104316647
2023-10-06,eth,0.09378474307923763,0.12115033597878921,0.1317136994668091,0.12696369660018103
2023-10-20,eth,0.09565455474284673,0.1230201476423983,0.13358351113041822,0.12883350826379014
2023-11-03,eth,0.1474661731269854,0.174831766026537,0.1853951295145569,0.1806451266479288
2023-11-17,eth,0.06720113737787184,0.0945667302774234,0.10513009376544331,0.10038009089881524
2023-12-01,eth,0.09022063008228715,0.11758622298183871,0.12814958646985863,0.12339958360323054
2023-12-15,eth,0.14987294236805118,0.17723853526760275,0.18780189875562264,0.18305189588899456
2023-12-29,eth,0.08879330216176157,0.11615889506131313,0.12672225854933306,0.12197225568270496
2024-01-12,eth,0.0930752452583249,0.12044083815787647,0.13100420164589638,0.1262541987792683
2024-01-26,eth,0.03247230071917069,0.05983789361872225,0.07040125710674217,0.06565125424011409
2024-02-09,eth,0.10157565132452409,0.12894124422407566,0.13950460771209558,0.1347546048454675
2024-02-23,eth,0.1100332589038815,0.13739885180343306,0.14796221529145298,0.1432122124248249
2024-03-08,eth,0.09577059858809123,0.1231361914876428,0.13369955497566272,0.12894955210903464
2024-03-22,eth,0.06393201474440043,0.09129760764395199,0.10186097113197191,0.09711096826534384
2024-04-05,eth,0.12044796660637541,0.14781355950592698,0.1583769229939469,0.15362692012731882
2024-04-19,eth,0.16113042121547183,0.1884960141150234,0.19905937760304332,0.19430937473641524
2024-05-03,eth,0.09520206120601186,0.12256765410556343,0.13313101759358334,0.12838101472695526
2024-05-17,eth,0.10254311102677968,0.12990870392633125,0.14047206741435117,0.1357220645477231
2024-05-31,eth,0.03852246493781766,0.06588805783736923,0.07645142132538915,0.07170141845876107
2024-06-14,eth,0.02463503861920356,0.052000631518755135,0.06256399500677506,0.05781399214014698
2024-06-28,eth,-0.012782989704577627,0.014582603194973953,0.02514596668299386,0.020395963816365784
2024-07-12,eth,0.008367605100586664,0.03573319800013823,0.04629656148815814,0.04154655862153006
2024-07-26,eth,0.07798892796052687,0.10535452086007843,0.11591788434809835,0.11116788148147028
2024-08-09,eth,0.0974543158980349,0.12481990879758646,0.13538327228560637,0.1306332694189783
2024-08-23,eth,0.10270460877385501,0.13007020167340658,0.1406335651614265,0.13588356229479842
2024-09-06,eth,0.08247760421998154,0.10984319711953311,0.12040656060755303,0.11565655774092495
2024-09-20,eth,0.10738515401128752,0.13475074691083908,0.145314110398859,0.14056410753223092
2024-10-04,eth,0.09633842956841035,0.12370402246796192,0.13426738595598184,0.12951738308935376
2024-10-18,eth,0.06059874921236526,0.08796434211191682,0.09852770559993675,0.09377770273330867
2024-11-01,eth,0.09813152232774529,0.12549711522729684,0.13606047871531676,0.13131047584868868
2024-11-15,eth,0.11611631923756001,0.1434819121371116,0.1540452756251315,0.14929527275850343
2024-11-29,eth,0.05443788782264781,0.08180348072219938,0.09236684421021929,0.08761684134359121
2024-12-13,eth,-0.02130121620797812,0.006064376691573434,0.016627740179593342,0.011877737312965264
2024-12-27,eth,0.06596690306520447,0.09333249596475605,0.10389585945277596,0.09914585658614788
2025-01-10,eth,0.13319317439178088,0.16055876729133245,0.17112213077935234,0.1663721279127243
2025-01-24,eth,0.14463767971682556,0.1720032726163771,0.18256663610439702,0.17781663323776895
2025-02-07,eth,0.09025913245554668,0.11762472535509824,0.12818808884311816,0.12343808597649007
2025-02-21,eth,0.044932083103707735,0.07229767600325929,0.08286103949127921,0.07811103662465113
2025-03-07,eth,0.09570571525903439,0.12307130815858597,0.1336346716466059,0.1288846687799778
2025-03-21,eth,0.08619070920100258,0.11355630210055415,0.12411966558857405,0.11936966272194598
2025-04-04,eth,0.06860723451893908,0.09597282741849063,0.10653619090651055,0.10178618803988247
2025-04-18,eth,0.12437708092012567,0.15174267381967724,0.16230603730769716,0.15755603444106908
2025-05-02,eth,0.17800829792576123,0.20537389082531282,0.21593725431333272,0.21118725144670464
2025-05-16,eth,0.0564275575500393,0.08379315044959086,0.09435651393761078,0.0896065110709827
2025-05-30,eth,0.08993607745986433,0.1173016703594159,0.1278650338474358,0.12311503098080773
2025-06-13,eth,0.11375570624119608,0.14112129914074764,0.15168466262876756,0.14693465976213949
2025-06-27,eth,0.12139081647484481,0.14875640937439638,0.1593197728624163,0.15456976999578823
2025-07-11,eth,0.14190984922329583,0.1692754421228474,0.1798388056108673,0.1750888027442392
2025-07-25,eth,0.015909166352447088,0.04327475925199867,0.053838122740018576,0.0490881198733905
2025-08-08,eth,0.01167873700329379,0.03904432990284537,0.04960769339086528,0.0448576905242372
2025-08-22,eth,0.0329372760195097,0.06030286891906126,0.07086623240708118,0.0661162295404531
2025-09-05,eth,0.07286074549923531,0.10022633839878686,0.11078970188680679,0.10603969902017871
2025-09-19,eth,0.11996650736238748,0.14733210026193905,0.15789546374995897,0.1531454608833309
2025-10-03,eth,0.12421429369035857,0.15157988658991012,0.16214325007793004,0.15739324721130196
2025-10-17,eth,0.0983442245030555,0.12570981740260706,0.13627318089062698,0.1315231780239989
2025-10-31,eth,0.08725081863975406,0.11461641153930564,0.12517977502732555,0.12042977216069747
2025-11-14,eth,0.08182880588992031,0.10919439878947189,0.1197577622774918,0.11500775941086372
2025-11-28,eth,0.07092526447229203,0.0982908573718436,0.10885422085986352,0.10410421799323544
2025-12-12,eth,0.008251435688972575,0.035617028588524155,0.04618039207654406,0.041430389209915985
2025-12-26,eth,0.023294156007680186,0.05065974890723176,0.06122311239525168,0.056473109528623604
2026-01-09,eth,0.03879544635520203,0.06616103925475361,0.07672440274277353,0.07197439987614546
2026-01-23,eth,0.04460597615157402,0.07197156905112559,0.0825349325391455,0.07778492967251743
2026-02-06,eth,0.06469648575305048,0.09206207865260206,0.10262544214062197,0.09787543927399389
2026-02-20,eth,0.09992559477505883,0.12729118767461037,0.1378545511626303,0.1331045482960022
2026-03-06,eth,0.10306019088095406,0.13042578378050562,0.14098914726852554,0.13623914440189747
2026-03-20,eth,0.0850979844462243,0.11246357734577585,0.12302694083379576,0.11827693796716768
2026-04-03,eth,0.06995679017688167,0.09732238307643325,0.10788574656445316,0.10313574369782508
2026-04-17,eth,0.07167115725694662,0.09903675015649818,0.10960011364451809,0.10485011077789001
2026-05-01,eth,0.08499775362954225,0.11236334652909381,0.12292671001711372,0.11817670715048566
2026-05-15,eth,0.1113140907937909,0.13867968369334246,0.1492430471813624,0.1444930443147343
2026-05-29,eth,0.07736224612471515,0.1047278390242667,0.11529120251228663,0.11054119964565855
2026-06-12,eth,0.01616772739329618,0.04353332029284776,0.05409668378086767,0.04934668091423959
