study,candidate,family,split,cost_bps,CAGR,Sharpe,Sortino,Calmar,Annualized Volatility,Maximum Drawdown,Hit Rate,Turnover,Exposure,Transaction Costs,Cash Allocation,Annual Turnover,Worst Month,Best Month,Average Holdings
study_1_exposure_sizing,discrete_balanced_0_25_50_75_100,Macro-conditioned exposure sizing,development,25,0.38322921516832675,1.0477883109204158,1.2826455437710305,0.6369621806935252,0.37773339011794266,-0.6016514430276949,0.43568691844553914,0.036535303776683084,0.4849480021893815,0.166875,0.5150519978106185,13.335385878489326,-0.18986802942755676,0.31449521724080176,1.6475095785440612
study_1_exposure_sizing,discrete_balanced_0_25_50_75_100,Macro-conditioned exposure sizing,holdout,25,-0.15009684964958336,-0.36018173598196224,-0.4864815912617031,-0.3270522171306429,0.31444430242345756,-0.458938486846051,0.43866171003717475,0.0362453531598513,0.5353159851301115,0.04875,0.46468401486988853,13.229553903345725,-0.1689279594013231,0.2221368105500654,1.79182156133829
study_1_exposure_sizing,discrete_conservative,Macro-conditioned exposure sizing,development,25,0.2646120691994174,0.9530400604311546,1.1267252680765194,0.4972310004644671,0.29065873367097134,-0.5321713025781605,0.3968253968253968,0.029967159277504107,0.3613847837985769,0.13687500000000002,0.6386152162014231,10.938013136288998,-0.18131889540427637,0.21772804944009017,1.5095785440613028
study_1_exposure_sizing,discrete_conservative,Macro-conditioned exposure sizing,holdout,25,-0.07964199796240712,-0.23323349937276835,-0.31064679788385235,-0.22450168724486885,0.23629625019326525,-0.354750108739895,0.4275092936802974,0.02741635687732342,0.3945167286245353,0.036875,0.6054832713754648,10.00697026022305,-0.12380939995527251,0.1520267285710366,1.7397769516728625
study_1_exposure_sizing,discrete_aggressive,Macro-conditioned exposure sizing,development,25,0.48902071733339936,1.1267495016546514,1.493433861185464,0.735548729591786,0.43913805150121116,-0.6648379606403447,0.524904214559387,0.029967159277504107,0.6113847837985769,0.13687500000000002,0.38861521620142314,10.938013136288998,-0.2812543890087109,0.33351042927611063,2.0
study_1_exposure_sizing,discrete_aggressive,Macro-conditioned exposure sizing,holdout,25,-0.1488939446516554,-0.26135500956714236,-0.3707131618529627,-0.30749448013111047,0.3638704058908444,-0.4842166421594609,0.4962825278810409,0.02741635687732342,0.6445167286245354,0.036875,0.35548327137546465,10.00697026022305,-0.17077445811433134,0.2221368105500654,2.0
study_1_exposure_sizing,continuous_linear_percentile,Macro-conditioned continuous sizing,development,25,0.385039105286167,1.0844262288899489,1.4086779630541935,0.6324637079681878,0.3602619314405927,-0.608792410434298,0.5243568691844553,0.03158170829876849,0.487746968254867,0.14424945265462508,0.512253031745133,11.527323529050497,-0.21595121583686427,0.2985798795226813,2.0
study_1_exposure_sizing,continuous_linear_percentile,Macro-conditioned continuous sizing,holdout,25,-0.14624665960821237,-0.3735281081793657,-0.5213048185217328,-0.33448858944871757,0.30164227906127433,-0.4372246594397933,0.4962825278810409,0.029502729605280557,0.5252195994408531,0.03968117131910236,0.47478040055914694,10.768496305927405,-0.1543673811828581,0.1991866748966198,2.0
study_1_exposure_sizing,continuous_conservative_percentile,Macro-conditioned continuous sizing,development,25,0.2798423861229571,0.9627918882929769,1.2114608420187467,0.5210498108397955,0.3043243110729401,-0.5370741535668627,0.5210727969348659,0.032980665179887986,0.3841768611290507,0.1506391882091384,0.6158231388709493,12.037942790659114,-0.16184116818225824,0.25988921141650834,2.0
study_1_exposure_sizing,continuous_conservative_percentile,Macro-conditioned continuous sizing,holdout,25,-0.09353657208883603,-0.2837015657587468,-0.385275687105604,-0.25290986602175536,0.2425959791618177,-0.3698415311358,0.49256505576208176,0.0320639047627654,0.4098788289307536,0.04312595190591946,0.5901211710692464,11.70332523840937,-0.12720410757521383,0.174106758281249,2.0
study_1_exposure_sizing,continuous_aggressive_percentile,Macro-conditioned continuous sizing,development,25,0.4810709744879227,1.1617175256248768,1.5474428401407503,0.7370722874863936,0.4109146690922281,-0.6526781465743321,0.5254515599343186,0.028706354596019192,0.5788329159153579,0.13111627461731765,0.4211670840846421,10.477819427547004,-0.2582534863522392,0.32838582331463484,2.0
study_1_exposure_sizing,continuous_aggressive_percentile,Macro-conditioned continuous sizing,holdout,25,-0.18533091960116477,-0.40678609261969334,-0.5756511891543756,-0.38487116408836314,0.3518515796691036,-0.48154015393736893,0.49814126394052044,0.02568657656576372,0.620914862593115,0.034548445480952206,0.379085137406885,9.375600446503759,-0.1713730489155053,0.21726433793004385,2.0
study_2_meta_labeling,meta_logistic_55,Meta-labeling take/reduce/skip,development,25,0.07803544293591846,0.3956138287269424,0.32273974654549814,0.11386141398779102,0.4199578243417121,-0.6853545920682659,0.23754789272030652,0.018883415435139574,0.34195402298850575,0.08625000000000001,0.6580459770114943,6.892446633825944,-0.4329294666098096,0.44949275810729517,0.9118773946360154
study_2_meta_labeling,meta_logistic_55,Meta-labeling take/reduce/skip,holdout,25,0.336797972614703,1.5762375581831607,1.913497269444673,4.667538567113251,0.19586421105264273,-0.07215751252442326,0.13940520446096655,0.013011152416356878,0.15288104089219332,0.0175,0.8471189591078067,4.749070631970261,-0.016855866157448274,0.2538200387098206,0.5204460966542751
study_2_meta_labeling,meta_logistic_60,Meta-labeling take/reduce/skip,development,25,0.013905129393531945,0.24658086281669944,0.19219416962102562,0.020141211312977463,0.41234237006270763,-0.6903819823672939,0.21674876847290642,0.01778872468527641,0.31800766283524906,0.08125,0.6819923371647509,6.492884510125889,-0.4329294666098096,0.44949275810729517,0.8352490421455939
study_2_meta_labeling,meta_logistic_60,Meta-labeling take/reduce/skip,holdout,25,0.324954087100332,1.5909836095228833,2.2498673773739237,4.503399240520443,0.18741711427114022,-0.07215751252442326,0.1171003717472119,0.010223048327137546,0.13011152416356878,0.01375,0.8698884758364313,3.7314126394052045,-0.016855866157448274,0.24708725808087095,0.4423791821561338
study_2_meta_labeling,meta_random_forest_55,Meta-labeling take/reduce/skip,development,25,0.0943888512688702,0.44104973609422665,0.3546973844957808,0.1400519924449063,0.44282760102457464,-0.6739557904254802,0.2698412698412698,0.021893814997263273,0.35153256704980845,0.09999999999999999,0.6484674329501916,7.991242474001094,-0.4329294666098096,0.44949275810729517,1.0191570881226053
study_2_meta_labeling,meta_random_forest_55,Meta-labeling take/reduce/skip,holdout,25,0.32385181342093183,1.3654999071709297,1.659240091859999,2.3746908071091104,0.22312584540550198,-0.1363764126476663,0.18401486988847585,0.023234200743494422,0.2016728624535316,0.03125,0.7983271375464684,8.480483271375466,-0.03614628942013054,0.24691813242615002,0.7026022304832714
study_2_meta_labeling,meta_random_forest_60,Meta-labeling take/reduce/skip,development,25,-0.024063283526230994,0.16142742154156137,0.1202999255009425,-0.03434640711228822,0.4080339837802753,-0.7006055523525718,0.22495894909688013,0.021893814997263273,0.29310344827586204,0.09999999999999999,0.7068965517241379,7.991242474001094,-0.4329294666098096,0.3834956561868905,0.8812260536398467
study_2_meta_labeling,meta_random_forest_60,Meta-labeling take/reduce/skip,holdout,25,0.292903141884689,1.3120246280881387,1.5887139447321281,2.7420435253595183,0.21239238526984067,-0.10681928976538968,0.15985130111524162,0.015799256505576207,0.17239776951672864,0.021249999999999998,0.8276022304832713,5.766728624535316,-0.029416076766771382,0.24691813242615002,0.6245353159851301
study_2_meta_labeling,meta_gradient_boosting_55,Meta-labeling take/reduce/skip,development,25,-0.03840498808207127,0.03762175053418889,0.0205134254869777,-0.062126473606328315,0.30856159558623575,-0.6181742798638303,0.13957307060755336,0.022441160372194856,0.16187739463601533,0.10250000000000001,0.8381226053639846,8.191023535851121,-0.348597545326814,0.2529133347021857,0.5210727969348659
study_2_meta_labeling,meta_gradient_boosting_55,Meta-labeling take/reduce/skip,holdout,25,0.19624114129409653,1.5735146696991744,1.474794929110491,2.7196217611807847,0.11822941352440813,-0.07215751252442326,0.0762081784386617,0.010223048327137546,0.07481412639405205,0.01375,0.925185873605948,3.7314126394052045,-0.016855866157448274,0.13499259763301685,0.2862453531598513
study_2_meta_labeling,meta_gradient_boosting_60,Meta-labeling take/reduce/skip,development,25,-0.00672475351862678,0.10156604478418572,0.05349345331918916,-0.012889838963296136,0.24905208160405598,-0.5217096612126452,0.11220580186097427,0.018883415435139574,0.12643678160919541,0.08625000000000001,0.8735632183908046,6.892446633825944,-0.348597545326814,0.21234552215936864,0.421455938697318
study_2_meta_labeling,meta_gradient_boosting_60,Meta-labeling take/reduce/skip,holdout,25,0.1731128151875625,1.5815440537485592,1.4100951434252769,2.545105909579379,0.10433082115616564,-0.06801792197958956,0.06133828996282528,0.007434944237918215,0.055297397769516726,0.01,0.9447026022304833,2.7137546468401488,-0.009873904642348053,0.12106309206385424,0.2342007434944238
study_3_asset_selection,asset_speculative_eth,Regime-dependent BTC vs ETH allocation,development,25,0.27330397871164847,0.7370042960192247,0.9003813613372663,0.34624162048541923,0.49351184514108165,-0.7893446730306004,0.4050355774493706,0.06972102638739008,0.6759251092364098,0.31845078802440424,0.3240748907635902,25.44817463139738,-0.30294032573127705,0.4767681590471231,1.2835249042145593
study_3_asset_selection,asset_speculative_eth,Regime-dependent BTC vs ETH allocation,holdout,25,-0.2666671491241124,-0.5142840693588903,-0.6749791667186802,-0.4512049386671376,0.42599103533712157,-0.5910111487517156,0.44423791821561337,0.07063197026022305,0.8081392782404413,0.095,0.1918607217595587,25.780669144981413,-0.2243013336179437,0.1999132259253633,1.4144981412639406
study_3_asset_selection,asset_conservative_btc,Regime-dependent BTC vs ETH allocation,development,25,0.31446667382526394,0.800186080180057,0.9738008620284607,0.39532799665875085,0.4957217935437588,-0.7954576364008775,0.4132457580733443,0.06044136634907426,0.6907047382366229,0.2760659407993967,0.30929526176337707,22.061098717412104,-0.30294032573127705,0.4484963181955177,1.2796934865900382
study_3_asset_selection,asset_conservative_btc,Regime-dependent BTC vs ETH allocation,holdout,25,-0.2777121264267163,-0.5703655892857754,-0.7446932526960225,-0.46742421598080697,0.4171781166269518,-0.5941329459022283,0.44609665427509293,0.06865706319702602,0.8134526022304832,0.09234375,0.1865473977695168,25.0598280669145,-0.22396038259140771,0.1999132259253633,1.4275092936802973
study_3_asset_selection,asset_eth_when_low_vol,Regime-dependent BTC vs ETH allocation,development,25,0.35190078498506616,0.8472083105830825,1.041409156438803,0.44209209805596517,0.509139428523963,-0.7959897644235172,0.4132457580733443,0.06936950692268583,0.6859024917457207,0.31684522286936756,0.3140975082542793,25.31987002678033,-0.30294032573127705,0.4804031353433167,1.2337164750957854
study_3_asset_selection,asset_eth_when_low_vol,Regime-dependent BTC vs ETH allocation,holdout,25,-0.22799927705956968,-0.3598829202947233,-0.48346188963286496,-0.37185631546593045,0.44452645636865756,-0.6131381062437785,0.4423791821561338,0.07609200743494424,0.810749848266444,0.10234375,0.18925015173355597,27.77358271375465,-0.22396038259140771,0.1999132259253633,1.4070631970260223
study_3_asset_selection,asset_btc_uncertain_eth_strong,Regime-dependent BTC vs ETH allocation,development,25,0.2403058643655025,0.6871918618022387,0.8446927014573264,0.30653899401740675,0.48404102345055094,-0.7839324492330552,0.4017515051997811,0.06077729942551734,0.6735152388194343,0.27760031512605043,0.3264847611805657,22.183714290313826,-0.30294032573127705,0.43628493593629813,1.0651340996168583
study_3_asset_selection,asset_btc_uncertain_eth_strong,Regime-dependent BTC vs ETH allocation,holdout,25,-0.3361342887340776,-0.8560295134138466,-1.079363317438759,-0.5853579522546187,0.3893546849959492,-0.5742371611069632,0.44423791821561337,0.05465504045484365,0.8060750748027926,0.0735110294117647,0.1939249251972074,19.949089766017934,-0.21998697660814281,0.15229829649342563,1.1152416356877324
study_4_dynamic_horizon,fixed_momentum_21d,Regime-dependent momentum horizon,development,25,0.5547494075956863,1.0818545117920741,1.3531290110525693,0.7036114074375249,0.5454744066462544,-0.7884315145145562,0.4187192118226601,0.06568242130944767,0.6794198715493394,0.3000044593309022,0.32058012845066064,23.974083777948394,-0.30294032573127705,0.4911731633116003,1.1368363437328954
study_4_dynamic_horizon,fixed_momentum_21d,Regime-dependent momentum horizon,holdout,25,-0.313105013129129,-0.5516416659292754,-0.7398856519868993,-0.49458273651199275,0.47586771993463,-0.6330690297386405,0.42193308550185876,0.057527881040892195,0.7881970260223049,0.077375,0.2118029739776951,20.997676579925653,-0.21998697660814281,0.20601866912773592,1.1078066914498141
study_4_dynamic_horizon,fixed_momentum_42d,Regime-dependent momentum horizon,development,25,0.42875871337681004,0.932729080252689,1.1230388767426494,0.5389149026108893,0.5385991818700293,-0.7955963201232628,0.4132457580733443,0.051764716984693204,0.6798070728647475,0.2364353448275862,0.3201929271352525,18.89412169941302,-0.30294032573127705,0.4475533390792372,0.9989053092501369
study_4_dynamic_horizon,fixed_momentum_42d,Regime-dependent momentum horizon,holdout,25,-0.3536893239213236,-0.6416166044259707,-0.8352488954834671,-0.5147391337507865,0.4916228477843711,-0.6871234392925796,0.4368029739776952,0.0541642480455483,0.804767874124665,0.07285091362126246,0.195232125875335,19.769950536625128,-0.21791399702972747,0.3044526844179214,1.1468401486988848
study_4_dynamic_horizon,fixed_momentum_63d,Regime-dependent momentum horizon,development,25,0.4082688974504183,0.9017149334356407,1.088836653691773,0.4914248267354926,0.5450587062441097,-0.8307860637862469,0.4236453201970443,0.05056149004819885,0.685378061218643,0.23093960579514827,0.314621938781357,18.45494386759258,-0.32346793911315297,0.5306495881781403,0.9846743295019157
study_4_dynamic_horizon,fixed_momentum_63d,Regime-dependent momentum horizon,holdout,25,-0.28069300894997473,-0.3818133604721243,-0.5041773066853695,-0.406597536427566,0.5152564819152353,-0.6903460641109399,0.44052044609665425,0.042547147673801085,0.8082994726376761,0.05722591362126246,0.1917005273623239,15.529708900937397,-0.21791399702972747,0.488004280880477,1.0910780669144982
study_4_dynamic_horizon,fixed_momentum_126d,Regime-dependent momentum horizon,development,25,0.6428087787296863,1.1654627804041078,1.4446254104707794,0.7815085670641273,0.5614879329110958,-0.8225230097534428,0.4187192118226601,0.044097703843712935,0.6858531974471669,0.20141626230615883,0.3141468025528331,16.09566190295522,-0.32346793911315297,0.44444270776348493,0.9425287356321839
study_4_dynamic_horizon,fixed_momentum_126d,Regime-dependent momentum horizon,holdout,25,-0.283612320179529,-0.42578269973834043,-0.5594477714756763,-0.44558475210806464,0.4952999842964327,-0.6364946709638448,0.44981412639405205,0.03531598513011153,0.8178438661710037,0.0475,0.18215613382899631,12.890334572490707,-0.27676685183704197,0.20694615570846175,0.9609665427509294
study_4_dynamic_horizon,dynamic_short_risk_on_long_neutral,Regime-dependent momentum horizon,development,25,0.5696093729592775,1.0951787000063287,1.3645635630402344,0.6978989516253737,0.5499360980844648,-0.816177430318077,0.41707717569786534,0.062495440061928,0.6827938714693731,0.2854479224828561,0.3172061285306269,22.81083562260372,-0.32346793911315297,0.44444270776348493,1.1023535851122057
study_4_dynamic_horizon,dynamic_short_risk_on_long_neutral,Regime-dependent momentum horizon,holdout,25,-0.33311186605285725,-0.5663358118851514,-0.7367526318553462,-0.5170400884641881,0.4969164139088285,-0.644266998797579,0.4349442379182156,0.05599442379182156,0.8037960484246806,0.0753125,0.19620395157531945,20.437964684014872,-0.27489901373355174,0.2065029382575514,1.1598513011152416
study_4_dynamic_horizon,dynamic_medium_risk_on_long_neutral,Regime-dependent momentum horizon,development,25,0.4956889891836036,1.0043630483713257,1.2227997839641525,0.5992902480687424,0.554480281226344,-0.8271267399744922,0.41762452107279696,0.055061746858225374,0.684805551642964,0.2514945287749444,0.31519444835703603,20.09753760325226,-0.32346793911315297,0.44444270776348493,1.0180623973727423
study_4_dynamic_horizon,dynamic_medium_risk_on_long_neutral,Regime-dependent momentum horizon,holdout,25,-0.33663556013951423,-0.6234187454573181,-0.7959045054389818,-0.5182366808485908,0.47604668778010895,-0.6495787978347802,0.4368029739776952,0.05808550185873606,0.801200246116378,0.078125,0.19879975388362203,21.201208178438662,-0.2703818849565095,0.20694615570846175,1.1338289962825279
study_4_dynamic_horizon,dynamic_short_risk_on_medium_neutral,Regime-dependent momentum horizon,development,25,0.4023502564564745,0.9005786992193848,1.111349906739503,0.4818897427236639,0.5340817008854843,-0.8349425621354204,0.42036124794745483,0.06616181063620417,0.6788200340102508,0.3021940700808625,0.3211799659897492,24.14906088221452,-0.32346793911315297,0.5306495881781403,1.1444991789819376
study_4_dynamic_horizon,dynamic_short_risk_on_medium_neutral,Regime-dependent momentum horizon,holdout,25,-0.2896231560588164,-0.4110241764578086,-0.5373310223069137,-0.41937967916265906,0.5122824355474704,-0.6905989261021973,0.4349442379182156,0.05335105101952599,0.7902249045204663,0.07175716362126246,0.20977509547953366,19.473133622126987,-0.21998697660814281,0.4848014369863183,1.1858736059479553
study_5_signal_ensemble,ensemble_equal_weight,Interpretable signal ensemble,development,25,0.563502649254187,1.3683185818364278,1.7871829610263312,1.119133011748746,0.37935268289964613,-0.5035171363354419,0.5238095238095238,0.030458257200797256,0.49416232340472194,0.1391180897646415,0.5058376765952781,11.117263878290998,-0.18095518352981743,0.347006994381567,2.0
study_5_signal_ensemble,ensemble_equal_weight,Interpretable signal ensemble,holdout,25,-0.10127970358652971,-0.21630988587429612,-0.2980878384573305,-0.2467751649948862,0.29403451074463416,-0.4104128694985514,0.49256505576208176,0.03037563356753204,0.5038161570657405,0.0408552271483306,0.49618384293425954,11.087106252149196,-0.144482784703455,0.21224171336175823,2.0
study_5_signal_ensemble,ensemble_rank_average,Interpretable signal ensemble,development,25,0.643587933494183,1.4200854210587976,1.7838997264333039,1.528925476915129,0.40944867542146063,-0.4209413363905301,0.5243568691844553,0.023122720704964066,0.49576638688240526,0.10561302681992338,0.5042336131175947,8.439793057311885,-0.13836688008994158,0.3765090452482218,2.0
study_5_signal_ensemble,ensemble_rank_average,Interpretable signal ensemble,holdout,25,0.033484419630525286,0.25628431736661617,0.35373835234985973,0.09996815970266916,0.26414521070319846,-0.3349508456504201,0.49256505576208176,0.024412824566651,0.44303233407194437,0.032835249042145596,0.5569676659280556,8.910680966827616,-0.07928234641765486,0.206624050299679,2.0
study_5_signal_ensemble,ensemble_linear_predeclared,Interpretable signal ensemble,development,25,0.4928715674844035,1.261650062681438,1.6573015661667423,0.9105426562279785,0.3727220392901264,-0.5412943195063231,0.5238095238095238,0.031120793761640824,0.49057948805981194,0.14214422550629446,0.509420511940188,11.3590897229989,-0.17518882080215104,0.3138061924921187,2.0
study_5_signal_ensemble,ensemble_linear_predeclared,Interpretable signal ensemble,holdout,25,-0.11891977622695415,-0.28584097464398306,-0.39777346350702125,-0.28284332688983965,0.29298527223552806,-0.42044398761180746,0.4944237918215613,0.03091483997778062,0.5063117671116646,0.04158045977011494,0.4936882328883354,11.283916591889927,-0.14886366251158856,0.2099423359587358,2.0
study_5_signal_ensemble,logistic_ensemble,Interpretable logistic signal ensemble,development,25,0.4636959091573958,1.1785125201034816,1.4784683849739286,1.0752119033629965,0.3872342630146364,-0.43126002205432235,0.44061302681992337,0.01778872468527641,0.5110837438423645,0.08125,0.48891625615763545,6.492884510125889,-0.22336765343852127,0.3834956561868905,1.6880131362889983
study_5_signal_ensemble,logistic_ensemble,Interpretable logistic signal ensemble,holdout,25,-0.03259595413420602,0.061236161873389885,0.0948897052973239,-0.09895605986328629,0.3288206590825164,-0.3293982620088075,0.48141263940520446,0.015799256505576207,0.550185873605948,0.021249999999999998,0.44981412639405205,5.766728624535316,-0.13211543599034903,0.21441056923572432,1.9405204460966543
