timestamp,hl_8h,okx_8h,dispersion
2026-04-14 08:00:00+00:00,0.0001,8.43247781537e-05,1.56752218463e-05
2026-04-14 16:00:00+00:00,-2.8094400000000007e-05,-4.25181840774e-05,1.4423784077399992e-05
2026-04-15 00:00:00+00:00,-0.0002622357,-0.0001094883251061,-0.0001527473748939
2026-04-15 08:00:00+00:00,-0.0001091688,-1.49855594031e-05,-9.41832405969e-05
2026-04-15 16:00:00+00:00,-4.42906e-05,-5.71022621168e-05,1.2811662116800003e-05
2026-04-16 00:00:00+00:00,-3.8867599999999994e-05,-5.11257282684e-05,1.2258128268400008e-05
2026-04-16 08:00:00+00:00,-1.9235400000000002e-05,-3.15058973773e-05,1.22704973773e-05
2026-04-16 16:00:00+00:00,-4.719630000000001e-05,-1.3061247762e-05,-3.413505223800001e-05
2026-04-17 00:00:00+00:00,3.0862e-05,9.0974170654e-06,2.1764582934599995e-05
2026-04-17 08:00:00+00:00,4.06909e-05,-4.2082641739e-06,4.48991641739e-05
2026-04-17 16:00:00+00:00,-3.27438e-05,-8.69934861105e-05,5.424968611049999e-05
2026-04-18 00:00:00+00:00,-0.0001347623,7.3572911425e-06,-0.00014211959114249998
2026-04-18 08:00:00+00:00,-0.00010007359999999999,-6.8674141482e-06,-9.320618585179999e-05
2026-04-18 16:00:00+00:00,-1.3501299999999999e-05,-1.17053776205e-05,-1.7959223794999993e-06
2026-04-19 00:00:00+00:00,-0.0001314331,-7.14846856104e-05,-5.99484143896e-05
2026-04-19 08:00:00+00:00,-9.5594e-05,-1.00773355932e-05,-8.55166644068e-05
2026-04-19 16:00:00+00:00,-1.55327e-05,-5.7104566861e-05,4.1571866861e-05
2026-04-20 00:00:00+00:00,-3.74435e-05,1.14536200264e-05,-4.88971200264e-05
2026-04-20 08:00:00+00:00,-1.0170200000000001e-05,4.03213557316e-05,-5.04915557316e-05
2026-04-20 16:00:00+00:00,2.86505e-05,-4.08986196174e-05,6.954911961739999e-05
2026-04-21 00:00:00+00:00,-1.83084e-05,-4.12862011945e-05,2.2977801194500003e-05
2026-04-21 08:00:00+00:00,-3.8862799999999997e-05,3.52378802456e-05,-7.410068024559999e-05
2026-04-21 16:00:00+00:00,3.3911899999999996e-05,1.0889705699e-05,2.3022194300999997e-05
2026-04-22 00:00:00+00:00,-1.5648200000000004e-05,-1.83064589195e-05,2.658258919499997e-06
2026-04-22 08:00:00+00:00,8.2885e-06,2.56388069934e-05,-1.73503069934e-05
2026-04-22 16:00:00+00:00,-4.82396e-05,-3.34068078345e-05,-1.4832792165499995e-05
2026-04-23 00:00:00+00:00,-8.61069e-05,-4.08133686615e-05,-4.52935313385e-05
2026-04-23 08:00:00+00:00,3.50463e-05,-8.00159588428e-05,0.0001150622588428
2026-04-23 16:00:00+00:00,4.2664900000000005e-05,-2.77255814208e-05,7.03904814208e-05
2026-04-24 00:00:00+00:00,5.07032e-05,-4.75768414734e-05,9.82800414734e-05
2026-04-24 08:00:00+00:00,9.932570000000001e-05,-4.9164856571e-06,0.00010424218565710001
2026-04-24 16:00:00+00:00,8.3748e-05,-1.87689866551e-05,0.0001025169866551
2026-04-25 00:00:00+00:00,7.271369999999999e-05,-1.83864133702e-05,9.110011337019999e-05
2026-04-25 08:00:00+00:00,5.42887e-05,-3.82878019307e-05,9.25765019307e-05
2026-04-25 16:00:00+00:00,7.98594e-05,-6.14399950985e-05,0.00014129939509849998
2026-04-26 00:00:00+00:00,5.64922e-05,1.24680904313e-05,4.40241095687e-05
2026-04-26 08:00:00+00:00,1.0588100000000001e-05,4.58259885384e-05,-3.52378885384e-05
2026-04-26 16:00:00+00:00,3.81326e-05,-4.4625313279e-06,4.25951313279e-05
2026-04-27 00:00:00+00:00,3.0339600000000003e-05,-3.94161045277e-05,6.97557045277e-05
2026-04-27 08:00:00+00:00,3.6412500000000004e-05,-6.29907601197e-05,9.94032601197e-05
2026-04-27 16:00:00+00:00,6.997479999999999e-05,-5.29784340521e-05,0.0001229532340521
2026-04-28 00:00:00+00:00,2.0207000000000025e-06,-9.95378713288e-05,0.0001015585713288
2026-04-28 08:00:00+00:00,-3.62899e-05,-8.46945606982e-05,4.84046606982e-05
2026-04-28 16:00:00+00:00,-5.7395e-05,4.30025983087e-05,-0.00010039759830870001
2026-04-29 00:00:00+00:00,3.39784e-05,3.84770050159e-05,-4.498605015899999e-06
2026-04-29 08:00:00+00:00,-3.4214299999999995e-05,-4.28255342382e-05,8.611234238200006e-06
2026-04-29 16:00:00+00:00,-7.60822e-05,1.81048476583e-05,-9.418704765829999e-05
2026-04-30 00:00:00+00:00,4.19625e-05,-1.23350143559e-05,5.429751435589999e-05
2026-04-30 08:00:00+00:00,-3.259389999999999e-05,-5.436910025e-06,-2.7156989974999992e-05
2026-04-30 16:00:00+00:00,-1.18992e-05,-6.00960022696e-05,4.819680226960001e-05
2026-05-01 00:00:00+00:00,-6.51095e-05,-2.59477550239e-05,-3.91617449761e-05
2026-05-01 08:00:00+00:00,-5.9696899999999994e-05,-9.210843292e-07,-5.877581567079999e-05
2026-05-01 16:00:00+00:00,-1.04898e-05,-3.24683936345e-05,2.1978593634499995e-05
2026-05-02 00:00:00+00:00,-8.89903e-05,-2.96713622132e-05,-5.9318937786799994e-05
2026-05-02 08:00:00+00:00,-5.55554e-05,7.65314976e-07,-5.6320714976e-05
2026-05-02 16:00:00+00:00,5.557099999999999e-06,-6.4207282441e-06,1.1977828244099998e-05
2026-05-03 00:00:00+00:00,3.3730000000000004e-05,3.1232914232e-05,2.497085768000002e-06
2026-05-03 08:00:00+00:00,3.4675099999999996e-05,-4.40210772168e-05,7.86961772168e-05
2026-05-03 16:00:00+00:00,5.84803e-05,2.48259660801e-05,3.3654333919900004e-05
2026-05-04 00:00:00+00:00,6.667359999999999e-05,1.31643449698e-05,5.3509255030199994e-05
2026-05-04 08:00:00+00:00,-1.9783499999999998e-05,8.0446591039e-05,-0.000100230091039
2026-05-04 16:00:00+00:00,2.58837e-05,-4.58047277264e-05,7.16884277264e-05
2026-05-05 00:00:00+00:00,-8.3772e-05,-4.80020790019e-05,-3.57699209981e-05
2026-05-05 08:00:00+00:00,-3.25413e-05,3.67601291506e-05,-6.93014291506e-05
2026-05-05 16:00:00+00:00,7.84339e-05,-2.49329738473e-05,0.0001033668738473
2026-05-06 00:00:00+00:00,2.93457e-05,7.131574874e-07,2.8632542512599998e-05
2026-05-06 08:00:00+00:00,4.9880500000000005e-05,-3.94546572329e-05,8.93351572329e-05
2026-05-06 16:00:00+00:00,9.660570000000001e-05,1.28483935393e-05,8.37573064607e-05
2026-05-07 00:00:00+00:00,6.70139e-05,-2.00730970558e-05,8.70869970558e-05
2026-05-07 08:00:00+00:00,4.67725e-05,5.0983030498e-06,4.16741969502e-05
2026-05-07 16:00:00+00:00,1.96657e-05,6.05485360377e-05,-4.08828360377e-05
2026-05-08 00:00:00+00:00,9.94111e-05,3.54460516195e-05,6.396504838049999e-05
2026-05-08 08:00:00+00:00,0.0001,3.489182255e-07,9.96510817745e-05
2026-05-08 16:00:00+00:00,8.129200000000001e-05,-6.2745502734e-06,8.75665502734e-05
2026-05-09 00:00:00+00:00,7.69045e-05,-4.9853222137e-06,8.18898222137e-05
2026-05-09 08:00:00+00:00,8.245560000000001e-05,4.22967981051e-05,4.015880189490001e-05
2026-05-09 16:00:00+00:00,1.17607e-05,-2.61407703311e-05,3.7901470331099996e-05
2026-05-10 00:00:00+00:00,-3.7901499999999996e-05,5.91990759781e-05,-9.710057597809999e-05
2026-05-10 08:00:00+00:00,6.10631e-05,3.53120541056e-05,2.57510458944e-05
2026-05-10 16:00:00+00:00,9.51449e-05,9.9003004207e-06,8.52445995793e-05
2026-05-11 00:00:00+00:00,-4.3967599999999996e-05,2.50931472841e-05,-6.906074728409999e-05
2026-05-11 08:00:00+00:00,6.00355e-05,0.0001,-3.996450000000001e-05
2026-05-11 16:00:00+00:00,8.23534e-05,1.04419087999e-05,7.19114912001e-05
2026-05-12 00:00:00+00:00,-5.54856e-05,-5.63839236705e-05,8.983236704999994e-07
2026-05-12 08:00:00+00:00,6.418400000000001e-05,2.63186836902e-05,3.786531630980001e-05
2026-05-12 16:00:00+00:00,8.781360000000001e-05,-6.3522672516e-05,0.00015133627251600002
2026-05-13 00:00:00+00:00,5.96527e-05,-1.08837927404e-05,7.05364927404e-05
2026-05-13 08:00:00+00:00,5.37113e-05,4.43753742934e-05,9.335925706600002e-06
2026-05-13 16:00:00+00:00,2.2489500000000002e-05,8.669156372e-05,-6.420206372e-05
2026-05-14 00:00:00+00:00,8.306970000000001e-05,6.62390119952e-05,1.683068800480001e-05
2026-05-14 08:00:00+00:00,4.79782e-05,3.87292207018e-05,9.248979298200004e-06
2026-05-14 16:00:00+00:00,1.2685100000000002e-05,1.00278167472e-05,2.657283252800001e-06
2026-05-15 00:00:00+00:00,-7.90983e-05,3.56833691991e-05,-0.0001147816691991
2026-05-15 08:00:00+00:00,-1.4890000000000123e-07,2.1478593278e-05,-2.1627493278e-05
2026-05-15 16:00:00+00:00,1.54506e-05,1.15656523982e-05,3.8849476018000015e-06
2026-05-16 00:00:00+00:00,7.530600000000002e-06,5.81911100179e-05,-5.06605100179e-05
2026-05-16 08:00:00+00:00,-6.78356e-05,8.54231884486e-05,-0.0001532587884486
2026-05-16 16:00:00+00:00,-0.0001330712,0.0001,-0.00023307120000000002
2026-05-17 00:00:00+00:00,2.7082099999999996e-05,4.124226044e-05,-1.4160160440000003e-05
2026-05-17 08:00:00+00:00,4.0791e-06,3.2084030747e-05,-2.8004930746999998e-05
2026-05-17 16:00:00+00:00,-1.07637e-05,-3.63449927545e-05,2.5581292754500002e-05
2026-05-18 00:00:00+00:00,2.70898e-05,-1.37406363163e-05,4.08304363163e-05
2026-05-18 08:00:00+00:00,5.09519e-05,6.60001578246e-05,-1.5048257824600003e-05
2026-05-18 16:00:00+00:00,5.37169e-05,9.20522188935e-05,-3.83353188935e-05
2026-05-19 00:00:00+00:00,0.0001,8.6758144149e-05,1.3241855851000005e-05
2026-05-19 08:00:00+00:00,0.0001,4.10900834455e-05,5.89099165545e-05
2026-05-19 16:00:00+00:00,0.0001,0.0001,0.0
2026-05-20 00:00:00+00:00,0.0001,6.8208650134e-05,3.1791349866e-05
2026-05-20 08:00:00+00:00,0.0001,2.86372143688e-05,7.13627856312e-05
2026-05-20 16:00:00+00:00,0.0001,6.95954753521e-05,3.040452464790001e-05
2026-05-21 00:00:00+00:00,0.0001,1.69303659234e-05,8.306963407660001e-05
2026-05-21 08:00:00+00:00,0.0001,2.13772759246e-05,7.86227240754e-05
2026-05-21 16:00:00+00:00,8.7601e-05,0.0001,-1.2399000000000001e-05
2026-05-22 00:00:00+00:00,5.5012399999999995e-05,-1.64426833898e-05,7.14550833898e-05
2026-05-22 08:00:00+00:00,5.15697e-05,2.32942747095e-05,2.82754252905e-05
2026-05-22 16:00:00+00:00,7.081660000000001e-05,7.84947056895e-05,-7.678105689499988e-06
2026-05-23 00:00:00+00:00,6.888e-05,2.28466439083e-05,4.60333560917e-05
2026-05-23 08:00:00+00:00,2.10866e-05,3.8865087972e-05,-1.7778487972e-05
2026-05-23 16:00:00+00:00,-6.63641e-05,4.0288996575e-06,-7.03929996575e-05
2026-05-24 00:00:00+00:00,-2.2629300000000004e-05,6.46005503225e-05,-8.72298503225e-05
2026-05-24 08:00:00+00:00,-7.8548e-06,5.94269365717e-05,-6.72817365717e-05
2026-05-24 16:00:00+00:00,-6.80289e-05,4.37885346034e-05,-0.00011181743460340001
2026-05-25 00:00:00+00:00,-8.185660000000001e-05,2.3288850922e-05,-0.00010514545092200001
2026-05-25 08:00:00+00:00,-9.69791e-05,-1.01054458323e-05,-8.68736541677e-05
2026-05-25 16:00:00+00:00,-3.4007499999999996e-05,5.9773379947e-06,-3.9984837994699994e-05
2026-05-26 00:00:00+00:00,-3.45166e-05,5.2431413321e-05,-8.6948013321e-05
2026-05-26 08:00:00+00:00,-7.95607e-05,2.01047785825e-05,-9.96654785825e-05
2026-05-26 16:00:00+00:00,-5.1335700000000004e-05,6.24817032964e-05,-0.0001138174032964
2026-05-27 00:00:00+00:00,3.0904e-06,5.38321463723e-05,-5.07417463723e-05
2026-05-27 08:00:00+00:00,-4.07797e-05,2.01365468022e-05,-6.09162468022e-05
2026-05-27 16:00:00+00:00,-2.8329e-05,0.0001,-0.000128329
2026-05-28 00:00:00+00:00,5.37426e-05,9.7347204197e-05,-4.360460419699999e-05
2026-05-28 08:00:00+00:00,5.17109e-05,9.01431920054e-05,-3.8432292005400004e-05
2026-05-28 16:00:00+00:00,7.2095e-05,0.0001,-2.790500000000001e-05
2026-05-29 00:00:00+00:00,0.0001,8.22613661661e-05,1.773863383390001e-05
2026-05-29 08:00:00+00:00,8.84193e-05,6.90249741874e-05,1.93943258126e-05
2026-05-29 16:00:00+00:00,3.89233e-05,5.04528084404e-05,-1.1529508440400002e-05
2026-05-30 00:00:00+00:00,5.51135e-05,2.76952137454e-05,2.74182862546e-05
2026-05-30 08:00:00+00:00,3.80321e-05,2.72922964657e-05,1.0739803534299997e-05
2026-05-30 16:00:00+00:00,7.36139e-05,1.3613413701e-05,6.0000486299e-05
2026-05-31 00:00:00+00:00,3.58424e-05,-2.6552209543e-06,3.8497620954300004e-05
2026-05-31 08:00:00+00:00,7.698150000000001e-05,-1.4934683232e-06,7.84749683232e-05
2026-05-31 16:00:00+00:00,8.755650000000001e-05,2.19344236021e-05,6.562207639790001e-05
2026-06-01 00:00:00+00:00,0.0001,4.66943658692e-05,5.3305634130800006e-05
2026-06-01 08:00:00+00:00,0.0001,2.36646806892e-05,7.63353193108e-05
2026-06-01 16:00:00+00:00,0.0001,0.0001,0.0
2026-06-02 00:00:00+00:00,0.0001,0.0001,0.0
2026-06-02 08:00:00+00:00,0.0001,0.0001,0.0
2026-06-02 16:00:00+00:00,0.0001,0.0001,0.0
2026-06-03 00:00:00+00:00,9.7859e-05,8.65678874748e-05,1.1291112525199998e-05
2026-06-03 08:00:00+00:00,4.14323e-05,2.78658186139e-05,1.35664813861e-05
2026-06-03 16:00:00+00:00,7.19574e-05,0.0001,-2.80426e-05
2026-06-04 00:00:00+00:00,0.0001,9.87113820589e-05,1.2886179411000011e-06
2026-06-04 08:00:00+00:00,6.32244e-05,2.09870467977e-05,4.2237353202300004e-05
2026-06-04 16:00:00+00:00,1.7781400000000002e-05,1.5995235891e-06,1.6181876410900002e-05
2026-06-05 00:00:00+00:00,5.2449300000000006e-05,3.66527172313e-05,1.5796582768700006e-05
2026-06-05 08:00:00+00:00,4.61436e-05,2.06005907985e-05,2.5543009201500004e-05
2026-06-05 16:00:00+00:00,6.40871e-05,-4.95880636278e-05,0.00011367516362780001
2026-06-06 00:00:00+00:00,5.50529e-05,-2.51353994586e-05,8.01882994586e-05
2026-06-06 08:00:00+00:00,9.11366e-05,-3.37977745229e-05,0.0001249343745229
2026-06-06 16:00:00+00:00,2.0505600000000002e-05,5.2962402562e-06,1.5209359743800002e-05
2026-06-07 00:00:00+00:00,4.19366e-05,-1.2707252249e-05,5.4643852249e-05
2026-06-07 08:00:00+00:00,8.548210000000001e-05,-7.81048412537e-05,0.0001635869412537
2026-06-07 16:00:00+00:00,0.0001,2.90588944828e-05,7.094110551720001e-05
2026-06-08 00:00:00+00:00,9.02907e-05,5.51876461949e-05,3.51030538051e-05
2026-06-08 08:00:00+00:00,8.06743e-05,4.24550662021e-05,3.82192337979e-05
2026-06-08 16:00:00+00:00,8.35956e-05,-7.55486509945e-05,0.00015914425099449998
2026-06-09 00:00:00+00:00,8.86766e-05,-1.25192203038e-05,0.00010119582030380001
2026-06-09 08:00:00+00:00,6.724340000000001e-05,-7.6999774469e-06,7.49433774469e-05
2026-06-09 16:00:00+00:00,9.55142e-05,3.6350401157e-05,5.916379884299999e-05
2026-06-10 00:00:00+00:00,7.15443e-05,4.76144458983e-05,2.3929854101699997e-05
2026-06-10 08:00:00+00:00,7.5172e-06,-1.59316750235e-05,2.34488750235e-05
2026-06-10 16:00:00+00:00,3.7141500000000003e-05,-8.7786677452e-06,4.59201677452e-05
2026-06-11 00:00:00+00:00,7.79751e-05,-4.34625906886e-05,0.0001214376906886
2026-06-11 08:00:00+00:00,5.36643e-05,-6.03239409731e-05,0.0001139882409731
2026-06-11 16:00:00+00:00,2.5690599999999998e-05,-2.39606392713e-05,4.96512392713e-05
2026-06-12 00:00:00+00:00,5.3996300000000003e-05,-4.9527169637e-06,5.8949016963700004e-05
2026-06-12 08:00:00+00:00,8.20714e-05,1.3381574222e-05,6.8689825778e-05
2026-06-12 16:00:00+00:00,1.88643e-05,-2.23589457138e-05,4.12232457138e-05
2026-06-13 00:00:00+00:00,0.0001,9.1148532304e-06,9.088514676960001e-05
2026-06-13 08:00:00+00:00,0.0001,8.6943079192e-06,9.13056920808e-05
2026-06-13 16:00:00+00:00,9.86048e-05,-6.39574741838e-05,0.0001625622741838
2026-06-14 00:00:00+00:00,0.0001,-3.1294023986e-05,0.000131294023986
2026-06-14 08:00:00+00:00,9.696420000000002e-05,-3.38984808092e-05,0.0001308626808092
2026-06-14 16:00:00+00:00,8.98931e-05,-7.59112940001e-05,0.0001658043940001
2026-06-15 00:00:00+00:00,9.13956e-05,-5.83460493709e-05,0.0001497416493709
2026-06-15 08:00:00+00:00,9.20437e-05,-6.89247750096e-05,0.0001609684750096
2026-06-15 16:00:00+00:00,9.65404e-05,-7.39035810096e-05,0.0001704439810096
2026-06-16 00:00:00+00:00,1.98391e-05,-1.30999107801e-05,3.29390107801e-05
2026-06-16 08:00:00+00:00,1.83594e-05,-5.92277212018e-05,7.758712120180001e-05
2026-06-16 16:00:00+00:00,6.46136e-05,-1.08643309843e-05,7.54779309843e-05
2026-06-17 00:00:00+00:00,9.072520000000001e-05,3.59942934559e-05,5.473090654410001e-05
2026-06-17 08:00:00+00:00,6.27688e-05,-2.4895073548e-05,8.7663873548e-05
2026-06-17 16:00:00+00:00,8.52827e-05,-3.42401528489e-05,0.0001195228528489
2026-06-18 00:00:00+00:00,3.36241e-05,4.9965386896e-06,2.8627561310400004e-05
2026-06-18 08:00:00+00:00,-3.82344e-05,2.71213062112e-05,-6.535570621119999e-05
2026-06-18 16:00:00+00:00,2.5777000000000016e-06,3.5651907852e-05,-3.3074207852e-05
2026-06-19 00:00:00+00:00,5.3792299999999997e-05,1.3446105841e-06,5.24476894159e-05
2026-06-19 08:00:00+00:00,8.638729999999999e-05,3.24496957995e-05,5.393760420049999e-05
2026-06-19 16:00:00+00:00,7.448679999999999e-05,-4.9910259435e-06,7.947782594349999e-05
2026-06-20 00:00:00+00:00,9.693280000000001e-05,2.05881918658e-05,7.63446081342e-05
2026-06-20 08:00:00+00:00,8.04341e-05,-1.88323191508e-05,9.92664191508e-05
2026-06-20 16:00:00+00:00,6.0568e-05,2.0836725788e-06,5.84843274212e-05
2026-06-21 00:00:00+00:00,6.591620000000001e-05,-8.8262165972e-06,7.474241659720001e-05
2026-06-21 08:00:00+00:00,7.358540000000001e-05,-1.4922291748e-05,8.850769174800001e-05
2026-06-21 16:00:00+00:00,-3.2122399999999996e-05,-1.19152252366e-05,-2.0207174763399998e-05
2026-06-22 00:00:00+00:00,-4.7821099999999995e-05,-2.88482815558e-05,-1.8972818444199997e-05
2026-06-22 08:00:00+00:00,-4.026e-06,2.87541037749e-05,-3.27801037749e-05
2026-06-22 16:00:00+00:00,6.10764e-05,4.14573501689e-05,1.9619049831099997e-05
2026-06-23 00:00:00+00:00,9.470379999999999e-05,4.86570053437e-05,4.604679465629999e-05
2026-06-23 08:00:00+00:00,6.63952e-05,1.06301812452e-05,5.5765018754800005e-05
2026-06-23 16:00:00+00:00,2.4749000000000057e-06,2.75155316918e-05,-2.5040631691799994e-05
2026-06-24 00:00:00+00:00,8.30944e-05,2.59855577951e-05,5.71088422049e-05
2026-06-24 08:00:00+00:00,8.9468e-05,8.32808229693e-05,6.187177030700009e-06
2026-06-24 16:00:00+00:00,2.65297e-05,4.32526539971e-05,-1.6722953997099996e-05
2026-06-25 00:00:00+00:00,8.3445e-06,-4.59301184219e-05,5.42746184219e-05
2026-06-25 08:00:00+00:00,-6.167e-06,-7.79943959298e-05,7.18273959298e-05
2026-06-25 16:00:00+00:00,-5.82598e-05,-3.44282240539e-05,-2.38315759461e-05
2026-06-26 00:00:00+00:00,-2.21795e-05,1.3441848992e-06,-2.35236848992e-05
2026-06-26 08:00:00+00:00,-2.80459e-05,9.6635297061e-06,-3.7709429706099995e-05
2026-06-26 16:00:00+00:00,-2.1119299999999996e-05,8.20729542149e-05,-0.0001031922542149
2026-06-27 00:00:00+00:00,-1.0099700000000001e-05,4.06267603842e-05,-5.07264603842e-05
2026-06-27 08:00:00+00:00,9.354899999999999e-06,5.0548856273e-05,-4.1193956273e-05
2026-06-27 16:00:00+00:00,5.666799999999999e-06,3.22701928586e-05,-2.6603392858600004e-05
2026-06-28 00:00:00+00:00,5.08473e-05,4.02316180587e-05,1.0615681941299998e-05
2026-06-28 08:00:00+00:00,1.18602e-05,3.19959525751e-05,-2.01357525751e-05
2026-06-28 16:00:00+00:00,1.70562e-05,3.95436281002e-05,-2.24874281002e-05
2026-06-29 00:00:00+00:00,1.51843e-05,4.6598340778e-06,1.05244659222e-05
2026-06-29 08:00:00+00:00,2.98435e-05,5.03634854124e-05,-2.05199854124e-05
2026-06-29 16:00:00+00:00,5.69635e-05,7.17956019909e-05,-1.4832101990900002e-05
2026-06-30 00:00:00+00:00,5.32975e-05,8.45798622754e-05,-3.1282362275399996e-05
2026-06-30 08:00:00+00:00,4.94067e-05,5.21934781504e-05,-2.786778150399995e-06
2026-06-30 16:00:00+00:00,7.92363e-05,6.41177716092e-05,1.51185283908e-05
2026-07-01 00:00:00+00:00,7.01268e-05,4.77134731687e-05,2.2413326831300004e-05
2026-07-01 08:00:00+00:00,2.18176e-05,1.30447729281e-05,8.7728270719e-06
2026-07-01 16:00:00+00:00,6.30529e-05,3.76950039265e-05,2.5357896073500002e-05
2026-07-02 00:00:00+00:00,0.0001,9.0342275479e-05,9.657724521000004e-06
2026-07-02 08:00:00+00:00,0.0001,0.0001,0.0
2026-07-02 16:00:00+00:00,0.0001,3.11543020607e-05,6.88456979393e-05
2026-07-03 00:00:00+00:00,0.0001,0.0001,0.0
2026-07-03 08:00:00+00:00,0.0001,0.0001,0.0
2026-07-03 16:00:00+00:00,0.0001064181,5.38283058701e-05,5.25897941299e-05
2026-07-04 00:00:00+00:00,0.0001,4.07757884118e-05,5.9224211588200005e-05
2026-07-04 08:00:00+00:00,0.0001,6.08954397873e-05,3.9104560212700004e-05
2026-07-04 16:00:00+00:00,0.0001,6.44399138913e-05,3.556008610870001e-05
2026-07-05 00:00:00+00:00,0.0001,0.0001,0.0
2026-07-05 08:00:00+00:00,0.0001,7.36099190415e-05,2.6390080958500005e-05
2026-07-05 16:00:00+00:00,0.0001,2.11483321941e-05,7.88516678059e-05
2026-07-06 00:00:00+00:00,0.0001,6.17667680351e-05,3.8233231964900004e-05
2026-07-06 08:00:00+00:00,0.0001,9.8247928749e-05,1.7520712510000065e-06
2026-07-06 16:00:00+00:00,0.0001,4.35732937955e-05,5.642670620450001e-05
2026-07-07 00:00:00+00:00,0.0001,0.0001,0.0
2026-07-07 08:00:00+00:00,0.0001,6.78140695912e-05,3.21859304088e-05
2026-07-07 16:00:00+00:00,0.0001,5.89596545996e-05,4.1040345400400006e-05
2026-07-08 00:00:00+00:00,0.0001,5.68819916406e-05,4.311800835940001e-05
2026-07-08 08:00:00+00:00,0.0001,4.44623992899e-05,5.5537600710100003e-05
2026-07-08 16:00:00+00:00,0.0001,8.51580031502e-05,1.4841996849800001e-05
2026-07-09 00:00:00+00:00,0.0001,7.23410745506e-05,2.76589254494e-05
2026-07-09 08:00:00+00:00,0.0001,1.3105775059e-06,9.868942249410001e-05
2026-07-09 16:00:00+00:00,0.0001,3.51830663184e-05,6.481693368160001e-05
2026-07-10 00:00:00+00:00,0.0001,7.32355162048e-05,2.6764483795200004e-05
2026-07-10 08:00:00+00:00,0.0001,8.40924532537e-05,1.5907546746300004e-05
2026-07-10 16:00:00+00:00,0.0001,7.54950605994e-05,2.45049394006e-05
2026-07-11 00:00:00+00:00,0.0001,8.22511513621e-05,1.7748848637900004e-05
2026-07-11 08:00:00+00:00,0.0001,-2.15211796162e-05,0.00012152117961620001
2026-07-11 16:00:00+00:00,0.0001,3.4033691268e-05,6.5966308732e-05
2026-07-12 00:00:00+00:00,0.0001,6.65193799449e-05,3.348062005510001e-05
2026-07-12 08:00:00+00:00,0.0001,6.27690257703e-05,3.72309742297e-05
2026-07-12 16:00:00+00:00,0.0001,5.64601192152e-05,4.3539880784800005e-05
2026-07-13 00:00:00+00:00,0.0001,6.70987512867e-05,3.29012487133e-05
2026-07-13 08:00:00+00:00,0.0001,7.0183139456e-06,9.29816860544e-05
2026-07-13 16:00:00+00:00,0.0001,8.85517560254e-05,1.1448243974600006e-05
2026-07-14 00:00:00+00:00,0.0001,6.66043492605e-05,3.3395650739500007e-05
2026-07-14 08:00:00+00:00,0.0001,1.56977471317e-05,8.430225286830001e-05
2026-07-14 16:00:00+00:00,9.91182e-05,7.99498182818e-05,1.9168381718199994e-05
2026-07-15 00:00:00+00:00,9.9539e-05,0.0001,-4.6100000000000795e-07
2026-07-15 08:00:00+00:00,0.0001,0.0001,0.0
2026-07-15 16:00:00+00:00,0.0001,2.95691248966e-05,7.04308751034e-05
2026-07-16 00:00:00+00:00,9.520709999999999e-05,8.11290335628e-05,1.407806643719999e-05
2026-07-16 08:00:00+00:00,0.0001,3.78071378877e-05,6.219286211230001e-05
2026-07-16 16:00:00+00:00,0.0001,1.498971488e-05,8.501028512000001e-05
2026-07-17 00:00:00+00:00,0.0001,5.3773733806e-05,4.6226266194e-05
2026-07-17 08:00:00+00:00,0.0001,2.95604398968e-05,7.043956010320001e-05
2026-07-17 16:00:00+00:00,0.0001,5.46348466336e-05,4.536515336640001e-05
2026-07-18 00:00:00+00:00,0.0001,3.80167412203e-05,6.19832587797e-05
