,equity_eur
2024-03-26 00:00:00+00:00,1000.0
2024-03-27 00:00:00+00:00,1000.0
2024-03-28 00:00:00+00:00,1000.0
2024-03-29 00:00:00+00:00,1000.0
2024-03-30 00:00:00+00:00,1000.0
2024-03-31 00:00:00+00:00,1000.0
2024-04-01 00:00:00+00:00,1000.0
2024-04-02 00:00:00+00:00,1000.0
2024-04-03 00:00:00+00:00,1000.0
2024-04-04 00:00:00+00:00,1000.0
2024-04-05 00:00:00+00:00,1000.0
2024-04-06 00:00:00+00:00,1000.0
2024-04-07 00:00:00+00:00,1000.0
2024-04-08 00:00:00+00:00,1000.0
2024-04-09 00:00:00+00:00,1000.0
2024-04-10 00:00:00+00:00,1000.0
2024-04-11 00:00:00+00:00,1000.0
2024-04-12 00:00:00+00:00,1000.0
2024-04-13 00:00:00+00:00,1000.0
2024-04-14 00:00:00+00:00,1000.0
2024-04-15 00:00:00+00:00,1000.0
2024-04-16 00:00:00+00:00,1000.0
2024-04-17 00:00:00+00:00,1000.0
2024-04-18 00:00:00+00:00,1000.0
2024-04-19 00:00:00+00:00,1000.0
2024-04-20 00:00:00+00:00,1000.0
2024-04-21 00:00:00+00:00,1000.0
2024-04-22 00:00:00+00:00,1000.0
2024-04-23 00:00:00+00:00,1000.0
2024-04-24 00:00:00+00:00,1000.0
2024-04-25 00:00:00+00:00,1000.0
2024-04-26 00:00:00+00:00,1000.0
2024-04-27 00:00:00+00:00,1000.0
2024-04-28 00:00:00+00:00,1000.0
2024-04-29 00:00:00+00:00,1000.0
2024-04-30 00:00:00+00:00,1000.0
2024-05-01 00:00:00+00:00,1000.0
2024-05-02 00:00:00+00:00,1000.0
2024-05-03 00:00:00+00:00,1000.0
2024-05-04 00:00:00+00:00,1000.0
2024-05-05 00:00:00+00:00,1000.0
2024-05-06 00:00:00+00:00,1000.0
2024-05-07 00:00:00+00:00,1000.0
2024-05-08 00:00:00+00:00,1000.0
2024-05-09 00:00:00+00:00,1000.0
2024-05-10 00:00:00+00:00,1000.0
2024-05-11 00:00:00+00:00,1000.0
2024-05-12 00:00:00+00:00,1000.0
2024-05-13 00:00:00+00:00,1000.0
2024-05-14 00:00:00+00:00,1000.0
2024-05-15 00:00:00+00:00,1000.0
2024-05-16 00:00:00+00:00,1000.0
2024-05-17 00:00:00+00:00,1000.0
2024-05-18 00:00:00+00:00,1000.0
2024-05-19 00:00:00+00:00,1000.0
2024-05-20 00:00:00+00:00,1000.0
2024-05-21 00:00:00+00:00,1000.0
2024-05-22 00:00:00+00:00,1000.0
2024-05-23 00:00:00+00:00,1000.0
2024-05-24 00:00:00+00:00,1000.0
2024-05-25 00:00:00+00:00,1000.0
2024-05-26 00:00:00+00:00,1000.0
2024-05-27 00:00:00+00:00,1000.0
2024-05-28 00:00:00+00:00,1000.0
2024-05-29 00:00:00+00:00,1000.0
2024-05-30 00:00:00+00:00,1000.0
2024-05-31 00:00:00+00:00,1000.0
2024-06-01 00:00:00+00:00,1000.0
2024-06-02 00:00:00+00:00,1000.0
2024-06-03 00:00:00+00:00,1000.0
2024-06-04 00:00:00+00:00,1000.0
2024-06-05 00:00:00+00:00,1000.0
2024-06-06 00:00:00+00:00,1000.0
2024-06-07 00:00:00+00:00,1000.0
2024-06-08 00:00:00+00:00,1000.0
2024-06-09 00:00:00+00:00,1000.0
2024-06-10 00:00:00+00:00,1000.0
2024-06-11 00:00:00+00:00,1000.0
2024-06-12 00:00:00+00:00,1000.0
2024-06-13 00:00:00+00:00,1000.0
2024-06-14 00:00:00+00:00,1000.0
2024-06-15 00:00:00+00:00,1000.0
2024-06-16 00:00:00+00:00,1000.0
2024-06-17 00:00:00+00:00,1000.0
2024-06-18 00:00:00+00:00,1000.0
2024-06-19 00:00:00+00:00,1000.0
2024-06-20 00:00:00+00:00,1000.0
2024-06-21 00:00:00+00:00,1000.0
2024-06-22 00:00:00+00:00,1000.0
2024-06-23 00:00:00+00:00,1000.0
2024-06-24 00:00:00+00:00,1000.0
2024-06-25 00:00:00+00:00,1000.0
2024-06-26 00:00:00+00:00,1000.0
2024-06-27 00:00:00+00:00,1000.0
2024-06-28 00:00:00+00:00,1000.0
2024-06-29 00:00:00+00:00,1000.0
2024-06-30 00:00:00+00:00,1000.0
2024-07-01 00:00:00+00:00,1000.0
2024-07-02 00:00:00+00:00,1000.0
2024-07-03 00:00:00+00:00,1000.0
2024-07-04 00:00:00+00:00,1000.0
2024-07-05 00:00:00+00:00,1000.0
2024-07-06 00:00:00+00:00,1000.0
2024-07-07 00:00:00+00:00,1000.0
2024-07-08 00:00:00+00:00,1000.0
2024-07-09 00:00:00+00:00,1000.0
2024-07-10 00:00:00+00:00,1000.0
2024-07-11 00:00:00+00:00,1000.0
2024-07-12 00:00:00+00:00,1000.0
2024-07-13 00:00:00+00:00,1000.0
2024-07-14 00:00:00+00:00,1000.0
2024-07-15 00:00:00+00:00,1000.0
2024-07-16 00:00:00+00:00,1000.0
2024-07-17 00:00:00+00:00,1000.0
2024-07-18 00:00:00+00:00,1000.0
2024-07-19 00:00:00+00:00,1000.0
2024-07-20 00:00:00+00:00,1000.0
2024-07-21 00:00:00+00:00,1000.0
2024-07-22 00:00:00+00:00,1000.0
2024-07-23 00:00:00+00:00,1000.0
2024-07-24 00:00:00+00:00,1000.0
2024-07-25 00:00:00+00:00,1000.0
2024-07-26 00:00:00+00:00,1000.0
2024-07-27 00:00:00+00:00,1000.0
2024-07-28 00:00:00+00:00,1000.0
2024-07-29 00:00:00+00:00,1000.0
2024-07-30 00:00:00+00:00,993.9346430752922
2024-07-31 00:00:00+00:00,992.7743665296532
2024-08-01 00:00:00+00:00,991.5719265677942
2024-08-02 00:00:00+00:00,999.2105496832285
2024-08-03 00:00:00+00:00,1028.8375239330767
2024-08-04 00:00:00+00:00,1020.5188557230545
2024-08-05 00:00:00+00:00,1063.1372264794602
2024-08-06 00:00:00+00:00,1085.381321234631
2024-08-07 00:00:00+00:00,1159.1702280267525
2024-08-08 00:00:00+00:00,1103.5974077965348
2024-08-09 00:00:00+00:00,1127.6070127805797
2024-08-10 00:00:00+00:00,1120.1511565106994
2024-08-11 00:00:00+00:00,1146.013165280072
2024-08-12 00:00:00+00:00,1112.3888813908845
2024-08-13 00:00:00+00:00,1112.6275897644482
2024-08-14 00:00:00+00:00,1107.9179439057807
2024-08-15 00:00:00+00:00,1138.262485408827
2024-08-16 00:00:00+00:00,1119.3524227581797
2024-08-17 00:00:00+00:00,1108.0502150019106
2024-08-18 00:00:00+00:00,1093.6128719322587
2024-08-19 00:00:00+00:00,1101.433965235664
2024-08-20 00:00:00+00:00,1062.3822485429762
2024-08-21 00:00:00+00:00,1038.3900219064521
2024-08-22 00:00:00+00:00,1020.9030626837449
2024-08-23 00:00:00+00:00,949.0577117566995
2024-08-24 00:00:00+00:00,901.2352113895693
2024-08-25 00:00:00+00:00,928.0871724209667
2024-08-26 00:00:00+00:00,942.3609913973443
2024-08-27 00:00:00+00:00,978.8941034191955
2024-08-28 00:00:00+00:00,977.4180288967992
2024-08-29 00:00:00+00:00,982.1388538051214
2024-08-30 00:00:00+00:00,998.0963645754101
2024-08-31 00:00:00+00:00,985.5850943115075
2024-09-01 00:00:00+00:00,989.6514063629437
2024-09-02 00:00:00+00:00,972.9399134047649
2024-09-03 00:00:00+00:00,979.6833189502612
2024-09-04 00:00:00+00:00,998.2590548611462
2024-09-05 00:00:00+00:00,1004.4052037671711
2024-09-06 00:00:00+00:00,1020.3041246766987
2024-09-07 00:00:00+00:00,1027.5420547884423
2024-09-08 00:00:00+00:00,1046.7589083302564
2024-09-09 00:00:00+00:00,1053.7750401913372
2024-09-10 00:00:00+00:00,1058.2756831913139
2024-09-11 00:00:00+00:00,1094.4238469035295
2024-09-12 00:00:00+00:00,1065.3022150205418
2024-09-13 00:00:00+00:00,1068.161723164939
2024-09-14 00:00:00+00:00,1057.2001131127734
2024-09-15 00:00:00+00:00,1075.2985686407753
2024-09-16 00:00:00+00:00,1065.7750717381575
2024-09-17 00:00:00+00:00,1049.4958296237864
2024-09-18 00:00:00+00:00,1055.7724098621266
2024-09-19 00:00:00+00:00,1094.2750679740932
2024-09-20 00:00:00+00:00,1116.057891093863
2024-09-21 00:00:00+00:00,1120.1294890322042
2024-09-22 00:00:00+00:00,1166.0913741901334
2024-09-23 00:00:00+00:00,1191.3959066313957
2024-09-24 00:00:00+00:00,1182.3568040523028
2024-09-25 00:00:00+00:00,1171.1255369011662
2024-09-26 00:00:00+00:00,1053.3651370091573
2024-09-27 00:00:00+00:00,1020.9924492923175
2024-09-28 00:00:00+00:00,998.699418714848
2024-09-29 00:00:00+00:00,1013.4120529673071
2024-09-30 00:00:00+00:00,1035.4253705000456
2024-10-01 00:00:00+00:00,1026.1420142736583
2024-10-02 00:00:00+00:00,1003.9162376731798
2024-10-03 00:00:00+00:00,931.4413048027791
2024-10-04 00:00:00+00:00,968.8133365216178
2024-10-05 00:00:00+00:00,940.0142138867473
2024-10-06 00:00:00+00:00,976.0570308611827
2024-10-07 00:00:00+00:00,973.1627671677687
2024-10-08 00:00:00+00:00,942.2606176865633
2024-10-09 00:00:00+00:00,901.5815522823162
2024-10-10 00:00:00+00:00,897.62573234531
2024-10-11 00:00:00+00:00,983.2959922400022
2024-10-12 00:00:00+00:00,1010.9788162275064
2024-10-13 00:00:00+00:00,1028.6029959281964
2024-10-14 00:00:00+00:00,1076.1669219340163
2024-10-15 00:00:00+00:00,1048.5657156038992
2024-10-16 00:00:00+00:00,1054.8848947923834
2024-10-17 00:00:00+00:00,1029.0966845750904
2024-10-18 00:00:00+00:00,1070.4090121069107
2024-10-19 00:00:00+00:00,1056.6437503817217
2024-10-20 00:00:00+00:00,1061.7941756678174
2024-10-21 00:00:00+00:00,1020.1011459594016
2024-10-22 00:00:00+00:00,1007.9293616926851
2024-10-23 00:00:00+00:00,1016.7173418853736
2024-10-24 00:00:00+00:00,1048.095557973979
2024-10-25 00:00:00+00:00,1000.98701625708
2024-10-26 00:00:00+00:00,1029.248602374427
2024-10-27 00:00:00+00:00,1027.8756876769971
2024-10-28 00:00:00+00:00,1041.5946914280307
2024-10-29 00:00:00+00:00,1063.9818866468704
2024-10-30 00:00:00+00:00,1054.5700596808763
2024-10-31 00:00:00+00:00,1071.698333537967
2024-11-01 00:00:00+00:00,1079.6893566992696
2024-11-02 00:00:00+00:00,1092.613020388229
2024-11-03 00:00:00+00:00,1109.6860756177898
2024-11-04 00:00:00+00:00,1121.3478848163877
2024-11-05 00:00:00+00:00,1109.7618577441015
2024-11-06 00:00:00+00:00,1109.7013567677604
2024-11-07 00:00:00+00:00,1095.905813256591
2024-11-08 00:00:00+00:00,1117.9428740102078
2024-11-09 00:00:00+00:00,1098.2513693646206
2024-11-10 00:00:00+00:00,1117.958494772065
2024-11-11 00:00:00+00:00,1153.3172448748649
2024-11-12 00:00:00+00:00,1186.5405620755678
2024-11-13 00:00:00+00:00,1269.688440946015
2024-11-14 00:00:00+00:00,1237.9595519040456
2024-11-15 00:00:00+00:00,1279.6549920803977
2024-11-16 00:00:00+00:00,1260.314213999421
2024-11-17 00:00:00+00:00,1298.0483439226032
2024-11-18 00:00:00+00:00,1268.935051438125
2024-11-19 00:00:00+00:00,1284.0589408218798
2024-11-20 00:00:00+00:00,1297.3847713918612
2024-11-21 00:00:00+00:00,1307.0782987988614
2024-11-22 00:00:00+00:00,1453.8489610194877
2024-11-23 00:00:00+00:00,1561.9338949055398
2024-11-24 00:00:00+00:00,1496.1702404117634
2024-11-25 00:00:00+00:00,1397.5660137250813
2024-11-26 00:00:00+00:00,1341.0991754120519
2024-11-27 00:00:00+00:00,1378.7402654229238
2024-11-28 00:00:00+00:00,1337.3016802135412
2024-11-29 00:00:00+00:00,1434.5176136174794
2024-11-30 00:00:00+00:00,1352.8061653039458
2024-12-01 00:00:00+00:00,1460.4981281961682
2024-12-02 00:00:00+00:00,1417.5946905643782
2024-12-03 00:00:00+00:00,1066.5624647323966
2024-12-04 00:00:00+00:00,1114.3801139996992
2024-12-05 00:00:00+00:00,1089.015575292635
2024-12-06 00:00:00+00:00,1115.2475871516276
2024-12-07 00:00:00+00:00,1166.9916834596122
2024-12-08 00:00:00+00:00,1165.4359181077807
2024-12-09 00:00:00+00:00,1168.5417219218327
2024-12-10 00:00:00+00:00,1169.1826860646302
2024-12-11 00:00:00+00:00,1182.6254178174377
2024-12-12 00:00:00+00:00,1162.8831440923382
2024-12-13 00:00:00+00:00,1168.8841686535775
2024-12-14 00:00:00+00:00,1187.9874604942308
2024-12-15 00:00:00+00:00,1236.1423730110587
2024-12-16 00:00:00+00:00,1267.7562540954793
2024-12-17 00:00:00+00:00,1237.5578273413546
2024-12-18 00:00:00+00:00,1275.433080986825
2024-12-19 00:00:00+00:00,1213.257270065166
2024-12-20 00:00:00+00:00,1226.6190404583285
2024-12-21 00:00:00+00:00,1167.3763525132367
2024-12-22 00:00:00+00:00,1180.868567642968
2024-12-23 00:00:00+00:00,1161.1631256230783
2024-12-24 00:00:00+00:00,1117.6989193520535
2024-12-25 00:00:00+00:00,1100.7495980951921
2024-12-26 00:00:00+00:00,1100.104583081607
2024-12-27 00:00:00+00:00,1064.719841476696
2024-12-28 00:00:00+00:00,1059.5415930720146
2024-12-29 00:00:00+00:00,1084.647502950106
2024-12-30 00:00:00+00:00,1101.592827467992
2024-12-31 00:00:00+00:00,1095.35100936349
2025-01-01 00:00:00+00:00,1026.5632867875622
2025-01-02 00:00:00+00:00,1069.1436440188706
2025-01-03 00:00:00+00:00,1060.1510056071486
2025-01-04 00:00:00+00:00,1062.6522105816855
2025-01-05 00:00:00+00:00,1061.2558738320467
2025-01-06 00:00:00+00:00,1014.1703415929562
2025-01-07 00:00:00+00:00,1025.6620890804331
2025-01-08 00:00:00+00:00,1039.9142229876222
2025-01-09 00:00:00+00:00,1030.7965777507234
2025-01-10 00:00:00+00:00,1021.1206909870484
2025-01-11 00:00:00+00:00,1020.0167931743928
2025-01-12 00:00:00+00:00,1030.6792930606794
2025-01-13 00:00:00+00:00,1031.9374228833653
2025-01-14 00:00:00+00:00,1035.4215509202818
2025-01-15 00:00:00+00:00,1032.0515002490063
2025-01-16 00:00:00+00:00,1040.6270648626294
2025-01-17 00:00:00+00:00,993.6480399277361
2025-01-18 00:00:00+00:00,1077.5617585551347
2025-01-19 00:00:00+00:00,1104.988650620331
2025-01-20 00:00:00+00:00,1121.9903955776354
2025-01-21 00:00:00+00:00,1062.7828589607248
2025-01-22 00:00:00+00:00,1047.847780020886
2025-01-23 00:00:00+00:00,1071.496937424631
2025-01-24 00:00:00+00:00,1103.2873450449113
2025-01-25 00:00:00+00:00,1109.9372224685067
2025-01-26 00:00:00+00:00,1102.22918267389
2025-01-27 00:00:00+00:00,1131.6795621339227
2025-01-28 00:00:00+00:00,1226.529976792299
2025-01-29 00:00:00+00:00,1172.1939825032919
2025-01-30 00:00:00+00:00,1241.7234179616855
2025-01-31 00:00:00+00:00,1219.5147888799045
2025-02-01 00:00:00+00:00,1267.368464475143
2025-02-02 00:00:00+00:00,1315.537369695614
2025-02-03 00:00:00+00:00,1324.8130573818871
2025-02-04 00:00:00+00:00,1323.5725846119626
2025-02-05 00:00:00+00:00,1352.969610248184
2025-02-06 00:00:00+00:00,1427.5590353336731
2025-02-07 00:00:00+00:00,1437.2271186598637
2025-02-08 00:00:00+00:00,1354.3938891253035
2025-02-09 00:00:00+00:00,1381.1767055308273
2025-02-10 00:00:00+00:00,1403.3294161734802
2025-02-11 00:00:00+00:00,1375.0646928256015
2025-02-12 00:00:00+00:00,1344.0339149739052
2025-02-13 00:00:00+00:00,1351.561898727459
2025-02-14 00:00:00+00:00,1322.3461456189928
2025-02-15 00:00:00+00:00,1394.1789570238607
2025-02-16 00:00:00+00:00,1409.479593241008
2025-02-17 00:00:00+00:00,1435.0343271486774
2025-02-18 00:00:00+00:00,1529.482502311755
2025-02-19 00:00:00+00:00,1580.500711265704
2025-02-20 00:00:00+00:00,1516.209440768696
2025-02-21 00:00:00+00:00,1476.0342252648986
2025-02-22 00:00:00+00:00,1429.6910970830481
2025-02-23 00:00:00+00:00,1474.8218145596938
2025-02-24 00:00:00+00:00,1616.7045617833114
2025-02-25 00:00:00+00:00,1528.5969835836884
2025-02-26 00:00:00+00:00,1472.579882164065
2025-02-27 00:00:00+00:00,1447.732285079285
2025-02-28 00:00:00+00:00,1418.837991138443
2025-03-01 00:00:00+00:00,1469.462906057191
2025-03-02 00:00:00+00:00,1347.378134428484
2025-03-03 00:00:00+00:00,1477.7554783104804
2025-03-04 00:00:00+00:00,1506.6253237763567
2025-03-05 00:00:00+00:00,1529.6437107886616
2025-03-06 00:00:00+00:00,1513.4541286860913
2025-03-07 00:00:00+00:00,1439.2548666181517
2025-03-08 00:00:00+00:00,1455.5646914377132
2025-03-09 00:00:00+00:00,1466.7284171953997
2025-03-10 00:00:00+00:00,1450.9611325526137
2025-03-11 00:00:00+00:00,1425.2241784548958
2025-03-12 00:00:00+00:00,1417.1779174460864
2025-03-13 00:00:00+00:00,1437.9566095712216
2025-03-14 00:00:00+00:00,1369.1029800618262
2025-03-15 00:00:00+00:00,1367.3335912533378
2025-03-16 00:00:00+00:00,1419.0613484285725
2025-03-17 00:00:00+00:00,1359.508733684558
2025-03-18 00:00:00+00:00,1418.8839298488679
2025-03-19 00:00:00+00:00,1343.1922110987666
2025-03-20 00:00:00+00:00,1375.4652987418183
2025-03-21 00:00:00+00:00,1336.4845352906405
2025-03-22 00:00:00+00:00,1312.9242992792808
2025-03-23 00:00:00+00:00,1273.6904896775288
2025-03-24 00:00:00+00:00,1242.5671809473654
2025-03-25 00:00:00+00:00,1261.7253621304774
2025-03-26 00:00:00+00:00,1261.7830077805072
2025-03-27 00:00:00+00:00,1257.2794071734545
2025-03-28 00:00:00+00:00,1307.0781624017857
2025-03-29 00:00:00+00:00,1353.0749693009664
2025-03-30 00:00:00+00:00,1354.9092153145375
2025-03-31 00:00:00+00:00,1380.952430240833
2025-04-01 00:00:00+00:00,1328.571803144262
2025-04-02 00:00:00+00:00,1420.7545463661338
2025-04-03 00:00:00+00:00,1387.2623615881412
2025-04-04 00:00:00+00:00,1369.2653257959773
2025-04-05 00:00:00+00:00,1357.453977629565
2025-04-06 00:00:00+00:00,1473.6958138052662
2025-04-07 00:00:00+00:00,1411.171788803595
2025-04-08 00:00:00+00:00,1466.8524193937023
2025-04-09 00:00:00+00:00,1421.0110384455106
2025-04-10 00:00:00+00:00,1446.4756481138566
2025-04-11 00:00:00+00:00,1460.7969000513358
2025-04-12 00:00:00+00:00,1423.0949874467117
2025-04-13 00:00:00+00:00,1470.7789964530634
2025-04-14 00:00:00+00:00,1517.1246381750036
2025-04-15 00:00:00+00:00,1535.4272961603021
2025-04-16 00:00:00+00:00,1556.003222307371
2025-04-17 00:00:00+00:00,1569.4525188384698
2025-04-18 00:00:00+00:00,1529.5769713541995
2025-04-19 00:00:00+00:00,1494.3973378627652
2025-04-20 00:00:00+00:00,1454.4535686164486
2025-04-21 00:00:00+00:00,1469.2868197909645
2025-04-22 00:00:00+00:00,1419.48535539285
2025-04-23 00:00:00+00:00,1345.2707292642704
2025-04-24 00:00:00+00:00,1419.17991478697
2025-04-25 00:00:00+00:00,1446.8617901636533
2025-04-26 00:00:00+00:00,1397.2435659855655
2025-04-27 00:00:00+00:00,1461.7076766132636
2025-04-28 00:00:00+00:00,1459.3458957964078
2025-04-29 00:00:00+00:00,1474.8667772712354
2025-04-30 00:00:00+00:00,1461.7076737298457
2025-05-01 00:00:00+00:00,1387.042138840548
2025-05-02 00:00:00+00:00,1447.375765335092
2025-05-03 00:00:00+00:00,1396.967654100288
2025-05-04 00:00:00+00:00,1381.1307185936212
2025-05-05 00:00:00+00:00,1414.3331886201186
2025-05-06 00:00:00+00:00,1321.8956968829852
2025-05-07 00:00:00+00:00,1258.0165383027263
2025-05-08 00:00:00+00:00,1287.8830937813318
2025-05-09 00:00:00+00:00,1277.5657290130177
2025-05-10 00:00:00+00:00,1149.4591443896234
2025-05-11 00:00:00+00:00,1169.1263268461325
2025-05-12 00:00:00+00:00,1205.178669778463
2025-05-13 00:00:00+00:00,1145.173078106814
2025-05-14 00:00:00+00:00,1150.3498504529869
2025-05-15 00:00:00+00:00,1107.6957622226896
2025-05-16 00:00:00+00:00,1101.6692468181648
2025-05-17 00:00:00+00:00,1075.092673746703
2025-05-18 00:00:00+00:00,1131.5835323306749
2025-05-19 00:00:00+00:00,1135.3953463036407
2025-05-20 00:00:00+00:00,1117.1584052923354
2025-05-21 00:00:00+00:00,1146.9290487781223
2025-05-22 00:00:00+00:00,1175.8921653534571
2025-05-23 00:00:00+00:00,1140.346464659207
2025-05-24 00:00:00+00:00,1156.798790133149
2025-05-25 00:00:00+00:00,1144.9902013089913
2025-05-26 00:00:00+00:00,1156.5955694122447
2025-05-27 00:00:00+00:00,1206.866292442709
2025-05-28 00:00:00+00:00,1185.5906973176295
2025-05-29 00:00:00+00:00,1164.5528918849068
2025-05-30 00:00:00+00:00,1158.882949974702
2025-05-31 00:00:00+00:00,1154.0339710067833
2025-06-01 00:00:00+00:00,1160.4662087195675
2025-06-02 00:00:00+00:00,1210.2018349531222
2025-06-03 00:00:00+00:00,1203.9898087243077
2025-06-04 00:00:00+00:00,1161.147796994931
2025-06-05 00:00:00+00:00,1149.8583704165355
2025-06-06 00:00:00+00:00,1132.0292677377342
2025-06-07 00:00:00+00:00,1136.3150373486426
2025-06-08 00:00:00+00:00,1140.6198842971523
2025-06-09 00:00:00+00:00,1194.8095985794673
2025-06-10 00:00:00+00:00,1224.2965853767193
2025-06-11 00:00:00+00:00,1265.136224729806
2025-06-12 00:00:00+00:00,1312.8271958480439
2025-06-13 00:00:00+00:00,1340.708697407207
2025-06-14 00:00:00+00:00,1335.1738953027316
2025-06-15 00:00:00+00:00,1305.7022486872809
2025-06-16 00:00:00+00:00,1308.9375764502777
2025-06-17 00:00:00+00:00,1330.3422673621678
2025-06-18 00:00:00+00:00,1326.0135869826684
2025-06-19 00:00:00+00:00,1340.7696322093818
2025-06-20 00:00:00+00:00,1358.1895873166548
2025-06-21 00:00:00+00:00,1358.9509307263704
2025-06-22 00:00:00+00:00,1373.5930732875856
2025-06-23 00:00:00+00:00,1364.5961508850069
2025-06-24 00:00:00+00:00,1344.7012133075189
2025-06-25 00:00:00+00:00,1410.6662693339931
2025-06-26 00:00:00+00:00,1435.1743585030415
2025-06-27 00:00:00+00:00,1437.5549996300263
2025-06-28 00:00:00+00:00,1383.521496676034
2025-06-29 00:00:00+00:00,1387.824505691615
2025-06-30 00:00:00+00:00,1438.6080709041555
2025-07-01 00:00:00+00:00,1459.4516841006107
2025-07-02 00:00:00+00:00,1444.2637745049842
2025-07-03 00:00:00+00:00,1450.828981775057
2025-07-04 00:00:00+00:00,1479.0009182456552
2025-07-05 00:00:00+00:00,1499.217001719302
2025-07-06 00:00:00+00:00,1492.0931384953035
2025-07-07 00:00:00+00:00,1503.3853546626112
2025-07-08 00:00:00+00:00,1452.3341802965265
2025-07-09 00:00:00+00:00,1454.7333493975993
2025-07-10 00:00:00+00:00,1423.4032886304688
2025-07-11 00:00:00+00:00,1433.459949611488
2025-07-12 00:00:00+00:00,1468.2919908914462
2025-07-13 00:00:00+00:00,1534.904620961857
2025-07-14 00:00:00+00:00,1577.859172312458
2025-07-15 00:00:00+00:00,1576.984450545699
2025-07-16 00:00:00+00:00,1578.1701652937775
2025-07-17 00:00:00+00:00,1608.2880362992055
2025-07-18 00:00:00+00:00,1570.7483081208109
2025-07-19 00:00:00+00:00,1580.7444987862402
2025-07-20 00:00:00+00:00,1580.3167185908956
2025-07-21 00:00:00+00:00,1655.4701724481724
2025-07-22 00:00:00+00:00,1588.1165226739486
2025-07-23 00:00:00+00:00,1507.4314933641783
2025-07-24 00:00:00+00:00,1469.9335871120738
2025-07-25 00:00:00+00:00,1528.465918020039
2025-07-26 00:00:00+00:00,1526.0264831126176
2025-07-27 00:00:00+00:00,1534.376065368453
2025-07-28 00:00:00+00:00,1486.1166744253264
2025-07-29 00:00:00+00:00,1403.4574953794681
2025-07-30 00:00:00+00:00,1411.3966472660868
2025-07-31 00:00:00+00:00,1388.9176584779643
2025-08-01 00:00:00+00:00,1384.6843633610454
2025-08-02 00:00:00+00:00,1352.57029913846
2025-08-03 00:00:00+00:00,1402.3796149836628
2025-08-04 00:00:00+00:00,1429.9630986548457
2025-08-05 00:00:00+00:00,1411.4135046832366
2025-08-06 00:00:00+00:00,1391.6565623927868
2025-08-07 00:00:00+00:00,1416.7582028446252
2025-08-08 00:00:00+00:00,1437.5720786919355
2025-08-09 00:00:00+00:00,1468.6336419476443
2025-08-10 00:00:00+00:00,1482.4218660852925
2025-08-11 00:00:00+00:00,1515.9802796219626
2025-08-12 00:00:00+00:00,1528.2742098132696
2025-08-13 00:00:00+00:00,1531.2081188713476
2025-08-14 00:00:00+00:00,1564.242662779929
2025-08-15 00:00:00+00:00,1550.2057633818035
2025-08-16 00:00:00+00:00,1549.3663159623925
2025-08-17 00:00:00+00:00,1552.1506643206626
2025-08-18 00:00:00+00:00,1534.2715946991784
2025-08-19 00:00:00+00:00,1505.750429289758
2025-08-20 00:00:00+00:00,1474.6344635412913
2025-08-21 00:00:00+00:00,1447.215113029442
2025-08-22 00:00:00+00:00,1489.9076821513324
2025-08-23 00:00:00+00:00,1485.7868008191608
2025-08-24 00:00:00+00:00,1496.5107929828227
2025-08-25 00:00:00+00:00,1511.9607065508415
2025-08-26 00:00:00+00:00,1454.2217595091468
2025-08-27 00:00:00+00:00,1438.7230430446602
2025-08-28 00:00:00+00:00,1415.9472374774045
2025-08-29 00:00:00+00:00,1426.4815136337966
2025-08-30 00:00:00+00:00,1397.0876981650374
2025-08-31 00:00:00+00:00,1415.9504939034484
2025-09-01 00:00:00+00:00,1452.257200632554
2025-09-02 00:00:00+00:00,1419.888527661536
2025-09-03 00:00:00+00:00,1412.712747233429
2025-09-04 00:00:00+00:00,1416.7537364552236
2025-09-05 00:00:00+00:00,1422.3700544640715
2025-09-06 00:00:00+00:00,1399.9294597902874
2025-09-07 00:00:00+00:00,1359.2002917395118
2025-09-08 00:00:00+00:00,1214.1580695528542
2025-09-09 00:00:00+00:00,1149.3354001119726
2025-09-10 00:00:00+00:00,1148.8747685303729
2025-09-11 00:00:00+00:00,1137.2731366971618
2025-09-12 00:00:00+00:00,1129.3931005897757
2025-09-13 00:00:00+00:00,1122.0456005175927
2025-09-14 00:00:00+00:00,1098.3474325800423
2025-09-15 00:00:00+00:00,1118.2249582541162
2025-09-16 00:00:00+00:00,1106.1838593903612
2025-09-17 00:00:00+00:00,1117.7663235804832
2025-09-18 00:00:00+00:00,1123.762688016525
2025-09-19 00:00:00+00:00,1129.6473249265393
2025-09-20 00:00:00+00:00,1127.1746199181773
2025-09-21 00:00:00+00:00,1120.8603313320589
2025-09-22 00:00:00+00:00,1170.8338630791843
2025-09-23 00:00:00+00:00,1174.9331045129331
2025-09-24 00:00:00+00:00,1193.4740104392456
2025-09-25 00:00:00+00:00,1166.9834817099195
2025-09-26 00:00:00+00:00,1163.715464794503
2025-09-27 00:00:00+00:00,1165.6446161690278
2025-09-28 00:00:00+00:00,1176.4322003443297
2025-09-29 00:00:00+00:00,1203.1856656896703
2025-09-30 00:00:00+00:00,1205.4602283456063
2025-10-01 00:00:00+00:00,1311.828567404221
2025-10-02 00:00:00+00:00,1331.1578655737212
2025-10-03 00:00:00+00:00,1349.4437351271847
2025-10-04 00:00:00+00:00,1395.302474656994
2025-10-05 00:00:00+00:00,1409.2119342973826
2025-10-06 00:00:00+00:00,1380.3499428892262
2025-10-07 00:00:00+00:00,1400.9534613514381
2025-10-08 00:00:00+00:00,1432.7026598974883
2025-10-09 00:00:00+00:00,1487.9097285956373
2025-10-10 00:00:00+00:00,1568.7604387031975
2025-10-11 00:00:00+00:00,1657.8992454666277
2025-10-12 00:00:00+00:00,1600.8366136836846
2025-10-13 00:00:00+00:00,1551.6734568243505
2025-10-14 00:00:00+00:00,1575.9394694660764
2025-10-15 00:00:00+00:00,1581.1859330167665
2025-10-16 00:00:00+00:00,1577.2755976530796
2025-10-17 00:00:00+00:00,1575.2121122251126
2025-10-18 00:00:00+00:00,1492.6895777741956
2025-10-19 00:00:00+00:00,1528.3308742148263
2025-10-20 00:00:00+00:00,1541.577054360678
2025-10-21 00:00:00+00:00,1553.8477593738573
2025-10-22 00:00:00+00:00,1586.1086020525074
2025-10-23 00:00:00+00:00,1548.9770426952225
2025-10-24 00:00:00+00:00,1461.5647328633888
2025-10-25 00:00:00+00:00,1426.0669308627807
2025-10-26 00:00:00+00:00,1398.5461317057986
2025-10-27 00:00:00+00:00,1455.761178200738
2025-10-28 00:00:00+00:00,1441.871073869789
2025-10-29 00:00:00+00:00,1457.6979673202095
2025-10-30 00:00:00+00:00,1492.6803707141657
2025-10-31 00:00:00+00:00,1549.0196638328962
2025-11-01 00:00:00+00:00,1591.6697294326004
2025-11-02 00:00:00+00:00,1614.3036827462831
2025-11-03 00:00:00+00:00,1681.8395956970394
2025-11-04 00:00:00+00:00,1612.642474976551
2025-11-05 00:00:00+00:00,1534.6843021511977
2025-11-06 00:00:00+00:00,1564.7347707314875
2025-11-07 00:00:00+00:00,1430.7771694204516
2025-11-08 00:00:00+00:00,1443.0736349330193
2025-11-09 00:00:00+00:00,1444.859803860958
2025-11-10 00:00:00+00:00,1430.5421277929488
2025-11-11 00:00:00+00:00,1457.2936387642312
2025-11-12 00:00:00+00:00,1447.3655598380594
2025-11-13 00:00:00+00:00,1482.0769956606564
2025-11-14 00:00:00+00:00,1512.6587890088522
2025-11-15 00:00:00+00:00,1533.5695272186372
2025-11-16 00:00:00+00:00,1476.7972214557738
2025-11-17 00:00:00+00:00,1431.0918711679205
2025-11-18 00:00:00+00:00,1419.5040832878567
2025-11-19 00:00:00+00:00,1440.7584693472782
2025-11-20 00:00:00+00:00,1397.4308358683916
2025-11-21 00:00:00+00:00,1421.4576581082717
2025-11-22 00:00:00+00:00,1405.7129763745106
2025-11-23 00:00:00+00:00,1397.6602465939754
2025-11-24 00:00:00+00:00,1306.994601538265
2025-11-25 00:00:00+00:00,1242.6207389559204
2025-11-26 00:00:00+00:00,1222.4402737399844
2025-11-27 00:00:00+00:00,1198.1677096294297
2025-11-28 00:00:00+00:00,1194.1302686587394
2025-11-29 00:00:00+00:00,1195.610795826169
2025-11-30 00:00:00+00:00,1216.6619896584389
2025-12-01 00:00:00+00:00,1229.23758056127
2025-12-02 00:00:00+00:00,1097.3120829632765
2025-12-03 00:00:00+00:00,1105.4229059109155
2025-12-04 00:00:00+00:00,1124.9618929428634
2025-12-05 00:00:00+00:00,1165.7080554717877
2025-12-06 00:00:00+00:00,1140.7731191619416
2025-12-07 00:00:00+00:00,1144.0829793341934
2025-12-08 00:00:00+00:00,1139.0675327317217
2025-12-09 00:00:00+00:00,1112.157375450106
2025-12-10 00:00:00+00:00,1145.5785852421186
2025-12-11 00:00:00+00:00,1167.5035557174406
2025-12-12 00:00:00+00:00,1179.3129890066784
2025-12-13 00:00:00+00:00,1187.2923167082292
2025-12-14 00:00:00+00:00,1216.566113002275
2025-12-15 00:00:00+00:00,1229.024086133706
2025-12-16 00:00:00+00:00,1221.9937233489377
2025-12-17 00:00:00+00:00,1243.5760165200152
2025-12-18 00:00:00+00:00,1252.7279106808091
2025-12-19 00:00:00+00:00,1201.4475174897043
2025-12-20 00:00:00+00:00,1156.332328148
2025-12-21 00:00:00+00:00,1163.1970548671645
2025-12-22 00:00:00+00:00,1158.0852614761766
2025-12-23 00:00:00+00:00,1150.716499964838
2025-12-24 00:00:00+00:00,1113.0796241471844
2025-12-25 00:00:00+00:00,1117.092598501989
2025-12-26 00:00:00+00:00,1113.9322095030986
2025-12-27 00:00:00+00:00,1109.2926672671458
2025-12-28 00:00:00+00:00,1128.6804787384342
2025-12-29 00:00:00+00:00,1090.022526017742
2025-12-30 00:00:00+00:00,1072.2514011367155
2025-12-31 00:00:00+00:00,1049.7460964959905
2026-01-01 00:00:00+00:00,995.0542429487106
2026-01-02 00:00:00+00:00,941.9712924002496
2026-01-03 00:00:00+00:00,949.0836100440545
2026-01-04 00:00:00+00:00,914.730387995416
2026-01-05 00:00:00+00:00,881.7181646557648
2026-01-06 00:00:00+00:00,856.7139569624004
2026-01-07 00:00:00+00:00,849.8746360543837
2026-01-08 00:00:00+00:00,833.4135149838135
2026-01-09 00:00:00+00:00,813.3664958951202
2026-01-10 00:00:00+00:00,797.9988118880749
2026-01-11 00:00:00+00:00,799.3023327490059
2026-01-12 00:00:00+00:00,790.3602442463325
2026-01-13 00:00:00+00:00,795.6152372388583
2026-01-14 00:00:00+00:00,771.2546552206363
2026-01-15 00:00:00+00:00,775.0146042335894
2026-01-16 00:00:00+00:00,772.1020652607701
2026-01-17 00:00:00+00:00,777.3828846842081
2026-01-18 00:00:00+00:00,792.2203733132201
2026-01-19 00:00:00+00:00,785.2607431481833
2026-01-20 00:00:00+00:00,800.5480374796501
2026-01-21 00:00:00+00:00,810.8341549653823
2026-01-22 00:00:00+00:00,802.6077505203817
2026-01-23 00:00:00+00:00,796.3348777580833
2026-01-24 00:00:00+00:00,795.1753747459768
2026-01-25 00:00:00+00:00,805.2525990600715
2026-01-26 00:00:00+00:00,803.5947631473936
2026-01-27 00:00:00+00:00,793.0917131356665
2026-01-28 00:00:00+00:00,808.6763765885923
2026-01-29 00:00:00+00:00,840.0385266808324
2026-01-30 00:00:00+00:00,839.5259435865642
2026-01-31 00:00:00+00:00,868.0895538743032
2026-02-01 00:00:00+00:00,865.7815030907574
2026-02-02 00:00:00+00:00,859.1255684418153
2026-02-03 00:00:00+00:00,866.6491715653284
2026-02-04 00:00:00+00:00,887.2498152299747
2026-02-05 00:00:00+00:00,917.4998348139254
2026-02-06 00:00:00+00:00,864.4933462058541
2026-02-07 00:00:00+00:00,859.2347958127052
2026-02-08 00:00:00+00:00,882.6016383023007
2026-02-09 00:00:00+00:00,891.8386580930186
2026-02-10 00:00:00+00:00,895.078355736737
2026-02-11 00:00:00+00:00,888.8135628276041
2026-02-12 00:00:00+00:00,876.3227209634626
2026-02-13 00:00:00+00:00,884.149367130586
2026-02-14 00:00:00+00:00,827.4572316213647
2026-02-15 00:00:00+00:00,870.4584486105192
2026-02-16 00:00:00+00:00,850.1899710708537
2026-02-17 00:00:00+00:00,859.953977498265
2026-02-18 00:00:00+00:00,888.0337598956166
2026-02-19 00:00:00+00:00,909.7976998725604
2026-02-20 00:00:00+00:00,903.4278509376741
2026-02-21 00:00:00+00:00,898.1448407808925
2026-02-22 00:00:00+00:00,935.5841413825401
2026-02-23 00:00:00+00:00,944.3806348428375
2026-02-24 00:00:00+00:00,945.9313599941316
2026-02-25 00:00:00+00:00,888.4201162867173
2026-02-26 00:00:00+00:00,885.7913645062325
2026-02-27 00:00:00+00:00,905.3585829358288
2026-02-28 00:00:00+00:00,901.9488828473033
2026-03-01 00:00:00+00:00,902.1202951642027
2026-03-02 00:00:00+00:00,867.4487181449933
2026-03-03 00:00:00+00:00,870.3686549584297
2026-03-04 00:00:00+00:00,836.0761999982859
2026-03-05 00:00:00+00:00,841.3975256080063
2026-03-06 00:00:00+00:00,865.4492693903619
2026-03-07 00:00:00+00:00,876.2441170181952
2026-03-08 00:00:00+00:00,861.6791564840584
2026-03-09 00:00:00+00:00,891.7260771522751
2026-03-10 00:00:00+00:00,858.5828176220256
2026-03-11 00:00:00+00:00,834.1017854532131
2026-03-12 00:00:00+00:00,849.4355223714024
2026-03-13 00:00:00+00:00,854.5235290918612
2026-03-14 00:00:00+00:00,854.9994852808251
2026-03-15 00:00:00+00:00,857.5250681779996
2026-03-16 00:00:00+00:00,815.3089425107863
2026-03-17 00:00:00+00:00,827.3861445563714
2026-03-18 00:00:00+00:00,833.4852085432337
2026-03-19 00:00:00+00:00,845.6408487667914
2026-03-20 00:00:00+00:00,827.2631832298389
2026-03-21 00:00:00+00:00,837.2822170973604
2026-03-22 00:00:00+00:00,847.9810980912164
2026-03-23 00:00:00+00:00,859.9526384315424
2026-03-24 00:00:00+00:00,859.8426548091848
2026-03-25 00:00:00+00:00,860.4213745227554
2026-03-26 00:00:00+00:00,861.7158418022242
2026-03-27 00:00:00+00:00,881.5387846507451
2026-03-28 00:00:00+00:00,858.9915973389888
2026-03-29 00:00:00+00:00,850.83632925369
2026-03-30 00:00:00+00:00,849.4353444734535
2026-03-31 00:00:00+00:00,836.5558488723423
2026-04-01 00:00:00+00:00,878.0175413442854
2026-04-02 00:00:00+00:00,854.5334251372971
2026-04-03 00:00:00+00:00,832.0441500027024
2026-04-04 00:00:00+00:00,828.4756939500804
2026-04-05 00:00:00+00:00,844.2597983815624
2026-04-06 00:00:00+00:00,858.6428141368011
2026-04-07 00:00:00+00:00,854.6384597505692
2026-04-08 00:00:00+00:00,882.2596000492773
2026-04-09 00:00:00+00:00,892.067497333406
2026-04-10 00:00:00+00:00,884.0553895089073
2026-04-11 00:00:00+00:00,879.8981278844997
2026-04-12 00:00:00+00:00,900.811552076464
2026-04-13 00:00:00+00:00,876.7787421421672
2026-04-14 00:00:00+00:00,888.4457511444883
2026-04-15 00:00:00+00:00,901.6739664437357
2026-04-16 00:00:00+00:00,879.4224614255802
2026-04-17 00:00:00+00:00,915.140873908152
2026-04-18 00:00:00+00:00,914.7817629520102
2026-04-19 00:00:00+00:00,939.8043170598002
2026-04-20 00:00:00+00:00,922.7666443836339
2026-04-21 00:00:00+00:00,
2026-04-22 00:00:00+00:00,
2026-04-23 00:00:00+00:00,
2026-04-24 00:00:00+00:00,
2026-04-25 00:00:00+00:00,
2026-04-26 00:00:00+00:00,
2026-04-27 00:00:00+00:00,
2026-04-28 00:00:00+00:00,
2026-04-29 00:00:00+00:00,
2026-04-30 00:00:00+00:00,
2026-05-01 00:00:00+00:00,
2026-05-02 00:00:00+00:00,
2026-05-03 00:00:00+00:00,
2026-05-04 00:00:00+00:00,
2026-05-05 00:00:00+00:00,
2026-05-06 00:00:00+00:00,
2026-05-07 00:00:00+00:00,
2026-05-08 00:00:00+00:00,
2026-05-09 00:00:00+00:00,
2026-05-10 00:00:00+00:00,
2026-05-11 00:00:00+00:00,
2026-05-12 00:00:00+00:00,
2026-05-13 00:00:00+00:00,
2026-05-14 00:00:00+00:00,
2026-05-15 00:00:00+00:00,
2026-05-16 00:00:00+00:00,
2026-05-17 00:00:00+00:00,
2026-05-18 00:00:00+00:00,
2026-05-19 00:00:00+00:00,
2026-05-20 00:00:00+00:00,
2026-05-21 00:00:00+00:00,
2026-05-22 00:00:00+00:00,
2026-05-23 00:00:00+00:00,
2026-05-24 00:00:00+00:00,
2026-05-25 00:00:00+00:00,
2026-05-26 00:00:00+00:00,
2026-05-27 00:00:00+00:00,
2026-05-28 00:00:00+00:00,
2026-05-29 00:00:00+00:00,
2026-05-30 00:00:00+00:00,
2026-05-31 00:00:00+00:00,
2026-06-01 00:00:00+00:00,
2026-06-02 00:00:00+00:00,
2026-06-03 00:00:00+00:00,
2026-06-04 00:00:00+00:00,
2026-06-05 00:00:00+00:00,
2026-06-06 00:00:00+00:00,
2026-06-07 00:00:00+00:00,
2026-06-08 00:00:00+00:00,
2026-06-09 00:00:00+00:00,
2026-06-10 00:00:00+00:00,
2026-06-11 00:00:00+00:00,
2026-06-12 00:00:00+00:00,
2026-06-13 00:00:00+00:00,
2026-06-14 00:00:00+00:00,
2026-06-15 00:00:00+00:00,
2026-06-16 00:00:00+00:00,
2026-06-17 00:00:00+00:00,
2026-06-18 00:00:00+00:00,
2026-06-19 00:00:00+00:00,
2026-06-20 00:00:00+00:00,
2026-06-21 00:00:00+00:00,
2026-06-22 00:00:00+00:00,
2026-06-23 00:00:00+00:00,
2026-06-24 00:00:00+00:00,
2026-06-25 00:00:00+00:00,
2026-06-26 00:00:00+00:00,
2026-06-27 00:00:00+00:00,
2026-06-28 00:00:00+00:00,
2026-06-29 00:00:00+00:00,
2026-06-30 00:00:00+00:00,
2026-07-01 00:00:00+00:00,
2026-07-02 00:00:00+00:00,
2026-07-03 00:00:00+00:00,
2026-07-04 00:00:00+00:00,
2026-07-05 00:00:00+00:00,
2026-07-06 00:00:00+00:00,
2026-07-07 00:00:00+00:00,
2026-07-08 00:00:00+00:00,
2026-07-09 00:00:00+00:00,
2026-07-10 00:00:00+00:00,
2026-07-11 00:00:00+00:00,
2026-07-12 00:00:00+00:00,
2026-07-13 00:00:00+00:00,
2026-07-14 00:00:00+00:00,
2026-07-15 00:00:00+00:00,
2026-07-16 00:00:00+00:00,
2026-07-17 00:00:00+00:00,
2026-07-18 00:00:00+00:00,
