,ret
1970-02-28,-0.0258456809596025
1970-03-31,0.0222787486995448
1970-04-30,0.0087656370713289
1970-05-31,-0.0399694642527779
1970-06-30,0.1011099731010898
1970-07-31,-0.0371420145809412
1970-08-31,-0.0074406269623091
1970-09-30,0.0209798696569904
1970-10-31,0.063456142288295
1970-11-30,0.0093826664107356
1970-12-31,0.0618658280279726
1971-01-31,0.0194342305611263
1971-02-28,0.007021858628756373
1971-03-31,0.018822566073401204
1971-04-30,0.02165948444987748
1971-05-31,-0.0126855560277654
1971-06-30,0.0015633252782268467
1971-07-31,-0.002327299478618559
1971-08-31,-0.005985452156785658
1971-09-30,0.0047204885227265575
1971-10-31,-0.009159953770542127
1971-11-30,-0.0079417194715508
1971-12-31,0.07892261979448445
1972-01-31,0.026097826223679843
1972-02-29,0.029131677569481717
1972-03-31,0.019974638208073416
1972-04-30,0.016143318525844188
1972-05-31,-0.004457572703493184
1972-06-30,-0.016848472366341634
1972-07-31,-0.0034865857238596137
1972-08-31,0.01639440179994281
1972-09-30,-0.003315806921289308
1972-10-31,0.004145117405714496
1972-11-30,0.01994687498613497
1972-12-31,0.0043183791252621555
1973-01-31,-0.00040554183108763793
1973-02-28,-0.0578227113911105
1973-03-31,-0.017328880743846788
1973-04-30,-0.05875791938369887
1973-05-31,-0.021959259161039586
1973-06-30,-0.023412016962939833
1973-07-31,0.033295217535199616
1973-08-31,-0.029235390678741695
1973-09-30,0.037873714772475704
1973-10-31,-0.0007481536632815818
1973-11-30,-0.0822433115520315
1973-12-31,-0.011770616750367897
1974-01-31,0.02578515784289285
1974-02-28,-0.012140984614342721
1974-03-31,0.0008501642876205846
1974-04-30,-0.027082818149937085
1974-05-31,-0.01998316009210579
1974-06-30,-0.004733132421888802
1974-07-31,-0.035950686938075856
1974-08-31,-0.043360387665465835
1974-09-30,-0.03170703506196008
1974-10-31,0.02502134539715659
1974-11-30,0.007566949132887503
1974-12-31,-0.02697202840569274
1975-01-31,0.06492563736054421
1975-02-28,0.018675272488082262
1975-03-31,0.012773624515482014
1975-04-30,0.005871303307284758
1975-05-31,0.017720657615093796
1975-06-30,0.013950484817400294
1975-07-31,-0.010777665060803444
1975-08-31,-0.018596440821047663
1975-09-30,-0.012769121070911733
1975-10-31,0.011727600363708967
1975-11-30,0.004972118931375744
1975-12-31,-0.009222555739711855
1976-01-31,0.046000202457482056
1976-02-29,0.013055781237747302
1976-03-31,-0.007975529945526263
1976-04-30,-0.0010175088359770453
1976-05-31,-0.011828928918402232
1976-06-30,0.006800588086332941
1976-07-31,0.003051535398535866
1976-08-31,-0.007709077083365003
1976-09-30,0.017316385025708064
1976-10-31,-0.01968843238020016
1976-11-30,0.005471934428966436
1976-12-31,0.03443898728133983
1977-01-31,-0.01369369606712398
1977-02-28,-0.013854849556217103
1977-03-31,1.4969875881059542e-05
1977-04-30,0.00036373884296892026
1977-05-31,0.017622124624712746
1977-06-30,0.022497407598371565
1977-07-31,-0.0031688638170048957
1977-08-31,-0.01731464091054274
1977-09-30,0.014621937369408604
1977-10-31,-0.017326834881221654
1977-11-30,0.04036882064613839
1977-12-31,-0.01292023722777122
1978-01-31,-0.05550006013969864
1978-02-28,0.0034410056333764962
1978-03-31,0.023467652877043672
1978-04-30,0.056876401250866127
1978-05-31,0.021878564963190548
1978-06-30,0.01575069705122705
1978-07-31,0.025515177742739894
1978-08-31,0.05981027692703202
1978-09-30,-0.005516412331612566
1978-10-31,-0.06382396375927392
1978-11-30,0.002513987136803804
1978-12-31,0.014054363189889648
1979-01-31,0.029687742297294168
1979-02-28,-0.019546689006228326
1979-03-31,0.021198591475266055
1979-04-30,0.010924327079096796
1979-05-31,-0.011177231478214507
1979-06-30,0.019561064467986628
1979-07-31,0.01107716038004864
1979-08-31,0.02289286785515708
1979-09-30,-0.006193725568888212
1979-10-31,-0.030992529271919565
1979-11-30,0.02944642481798593
1979-12-31,0.021775872199996077
1980-01-31,0.022785109789893822
1980-02-29,-0.0025835387109403632
1980-03-31,-0.09320275350604314
1980-04-30,0.020640389907533446
1980-05-31,0.02373206308329196
1980-06-30,0.016966334173357245
1980-07-31,0.02921963249896469
1980-08-31,0.014857422801558265
1980-09-30,0.0073707530553961806
1980-10-31,0.008645471436181438
1980-11-30,0.023943862512960924
1980-12-31,-0.013268797811041368
1981-01-31,-0.007925682661484326
1981-02-28,-0.0006714690806482194
1981-03-31,0.02045139932346948
1981-04-30,0.0026096990294874694
1981-05-31,-0.0015180232498845374
1981-06-30,-0.018242707147621856
1981-07-31,-0.02385341367456297
1981-08-31,-0.02632127894425905
1981-09-30,-0.05704416718290182
1981-10-31,0.046303204586579425
1981-11-30,0.024594462676206078
1981-12-31,0.0028972568913837003
1982-01-31,-0.023796010100269466
1982-02-28,-0.01345643756395422
1982-03-31,-0.012667257050387588
1982-04-30,0.024100293230776875
1982-05-31,-0.013323009656314751
1982-06-30,-0.027566868916300318
1982-07-31,-0.015579903618319397
1982-08-31,0.0039446561973307745
1982-09-30,0.027584038183251704
1982-10-31,0.05155600449810177
1982-11-30,0.04841509399655309
1982-12-31,0.017949827027304147
1983-01-31,0.024085022433326903
1983-02-28,0.022158616146874976
1983-03-31,0.02692244118762938
1983-04-30,0.022333706022848298
1983-05-31,0.025798553982447407
1983-06-30,0.008314419538936997
1983-07-31,-0.02672956772754612
1983-08-31,-0.03447659966794289
1983-09-30,0.017679679786820588
1983-10-31,-0.02368131415312717
1983-11-30,0.0042178445519246745
1983-12-31,-0.012145048261086993
1984-01-31,-0.0004986299195786529
1984-02-29,-0.03550751570416872
1984-03-31,0.0010900148580800235
1984-04-30,-0.009280392548955938
1984-05-31,-0.02152141860558655
1984-06-30,0.024272412782468663
1984-07-31,-0.024049442654214055
1984-08-31,0.08796617642054286
1984-09-30,-0.009547741244342663
1984-10-31,-0.008964798259315558
1984-11-30,-0.009689664608610657
1984-12-31,-0.018574098007035994
1985-01-31,0.011409433192469398
1985-02-28,0.004685578855797009
1985-03-31,-0.0005397712802919574
1985-04-30,0.004067132352626643
1985-05-31,0.0008175191780131842
1985-06-30,0.006479569960535672
1985-07-31,0.007228574273614062
1985-08-31,-0.00971692810808703
1985-09-30,-0.013128770890866349
1985-10-31,0.0030719848391284467
1985-11-30,0.05017116675072656
1985-12-31,0.01527524004016126
1986-01-31,0.051105856056220124
1986-02-28,0.056584906958604755
1986-03-31,0.02135450801389798
1986-04-30,-0.00651706375643338
1986-05-31,0.0008956398256643416
1986-06-30,0.021873296487963552
1986-07-31,-0.0368336446400941
1986-08-31,-0.0031364367837206247
1986-09-30,-0.024419834453084006
1986-10-31,0.003772943251352164
1986-11-30,0.01860323486533173
1986-12-31,0.006771646482558854
1987-01-31,0.0490103145271924
1987-02-28,0.045780607654301704
1987-03-31,0.014526288281357637
1987-04-30,-0.010985758698255115
1987-05-31,0.03822617491063775
1987-06-30,0.03684950652661704
1987-07-31,0.006557297183531979
1987-08-31,0.02702296909124442
1987-09-30,-0.04474705696572534
1987-10-31,-0.04992750625163125
1987-11-30,0.03369695694658511
1987-12-31,-0.036944992277574105
1988-01-31,0.022750967328817862
1988-02-29,0.00892325484187237
1988-03-31,0.00935977762463364
1988-04-30,0.006035167393720103
1988-05-31,-0.017078434581330567
1988-06-30,0.02976090108929682
1988-07-31,-0.011656030566091736
1988-08-31,0.0030431646638513295
1988-09-30,0.008593314649575315
1988-10-31,-0.0044586529873119245
1988-11-30,-0.026349154668244522
1988-12-31,0.017003580593604708
1989-01-31,0.009990370090550602
1989-02-28,0.006141516137749303
1989-03-31,0.006183611096082768
1989-04-30,0.021251592777535636
1989-05-31,0.01098390716103154
1989-06-30,0.005975607243837527
1989-07-31,-0.000491969655145023
1989-08-31,0.04817388938166876
1989-09-30,-0.0025145922084008816
1989-10-31,0.0027587436819589764
1989-11-30,-0.01791425235436654
1989-12-31,0.014376193532063392
1990-01-31,-0.05232498745717986
1990-02-28,0.0022819180143163636
1990-03-31,0.03695839287300431
1990-04-30,-0.0009100799251934812
1990-05-31,0.05486546840601483
1990-06-30,0.021075553195760464
1990-07-31,-0.007807172985280025
1990-08-31,-0.12152114954450792
1990-09-30,-0.021428120117475705
1990-10-31,0.012461717265122811
1990-11-30,0.001393054254264205
1990-12-31,0.011134690511492611
1991-01-31,-0.014391507308940258
1991-02-28,0.04663435133186087
1991-03-31,0.016861701644365457
1991-04-30,0.014634138719709996
1991-05-31,0.004784124325741102
1991-06-30,-0.0020151242057652257
1991-07-31,0.004862866004509022
1991-08-31,0.006637230895668574
1991-09-30,-0.004040862525571761
1991-10-31,-0.0057677197147900155
1991-11-30,0.0026406619189769014
1991-12-31,0.016328054509178052
1992-01-31,0.02790999746660148
1992-02-29,0.01800132995808566
1992-03-31,-0.02015845925708812
1992-04-30,-0.0052033387362792685
1992-05-31,0.034972655169471296
1992-06-30,-0.006175198735124933
1992-07-31,-0.00052666465584369
1992-08-31,0.020605302269138502
1992-09-30,0.00818765834210033
1992-10-31,-0.042738631844744024
1992-11-30,0.0010699288382737396
1992-12-31,0.019010153018647197
1993-01-31,-0.02720971664251399
1993-02-28,0.034758133621309674
1993-03-31,0.0327585504527719
1993-04-30,-0.034927516252925686
1993-05-31,0.02869243215012271
1993-06-30,0.015622853664779501
1993-07-31,-0.025626100415804046
1993-08-31,0.019718071911042894
1993-09-30,0.0005991493839448255
1993-10-31,0.04082726558852559
1993-11-30,-0.008164885556651354
1993-12-31,0.004634672241575452
1994-01-31,-0.007677315592341577
1994-02-28,-0.005603500699724135
1994-03-31,-0.06284092028781457
1994-04-30,-0.008309448189873232
1994-05-31,0.0017408124663996604
1994-06-30,0.00657211492978443
1994-07-31,0.020601807296939296
1994-08-31,0.014469658741166656
1994-09-30,0.0012068657510908116
1994-10-31,-0.009207776854509825
1994-11-30,0.0098924034003178
1994-12-31,0.013944234175909545
1995-01-31,0.010954703525668465
1995-02-28,0.04348385175894062
1995-03-31,0.0019248815844375637
1995-04-30,0.027532634980181454
1995-05-31,0.04480745024051211
1995-06-30,0.0499539985276727
1995-07-31,0.06429644640571924
1995-08-31,0.04466572515734195
1995-09-30,0.03235438516191664
1995-10-31,0.023649998698832348
1995-11-30,0.04194950879861704
1995-12-31,0.09166657161295297
1996-01-31,0.03076805776693341
1996-02-29,0.05951442307369559
1996-03-31,-0.004254224217641258
1996-04-30,0.0511946147711455
1996-05-31,0.023399843569587065
1996-06-30,0.018732910067722253
1996-07-31,-0.001097267783216817
1996-08-31,0.04982947703072938
1996-09-30,0.02673088804098543
1996-10-31,0.061552878613709144
1996-11-30,0.06599581911065312
1996-12-31,0.017280851461894894
1997-01-31,0.06706230633367123
1997-02-28,0.039161653792836766
1997-03-31,-0.002791914671458669
1997-04-30,0.01098419641453975
1997-05-31,0.058914522323698454
1997-06-30,0.006316596511567501
1997-07-31,0.07391871729180385
1997-08-31,0.016605010394590648
1997-09-30,0.05360900423278264
1997-10-31,0.022225257408663695
1997-11-30,0.10012436045570235
1997-12-31,0.02272361604470997
1998-01-31,0.028296404809146962
1998-02-28,0.05957578640558822
1998-03-31,0.013110461526999243
1998-04-30,0.039591718236074366
1998-05-31,0.0071649258425016986
1998-06-30,0.030065031933156884
1998-07-31,0.011632836290592708
1998-08-31,-0.08866782229429611
1998-09-30,-0.011641275573671842
1998-10-31,0.00799590552231157
1998-11-30,0.03510886072875011
1998-12-31,0.027534798350383412
1999-01-31,0.04288028545062539
1999-02-28,0.02067435475066889
1999-03-31,0.028407492541570937
1999-04-30,0.05748665754395181
1999-05-31,0.010607479699896654
1999-06-30,0.025381063335928634
1999-07-31,0.013042961610956012
1999-08-31,0.013688256266415913
1999-09-30,0.012531469264367254
1999-10-31,0.04570046958619187
1999-11-30,0.08442476424063011
1999-12-31,0.08948034180374909
2000-01-31,0.01894783343367915
2000-02-29,0.05172655989522843
2000-03-31,0.061758696762101745
2000-04-30,-0.015460558382132028
2000-05-31,0.009171536900795212
2000-06-30,0.04769038379900995
2000-07-31,0.0069803503596850905
2000-08-31,0.02100004506584416
2000-09-30,-0.010322970737795435
2000-10-31,0.0006356278136155534
2000-11-30,-0.006356639295189695
2000-12-31,0.02053922220032712
2001-01-31,0.004616568646502551
2001-02-28,-0.03190491692157746
2001-03-31,-0.01988047758089999
2001-04-30,0.0447151425901851
2001-05-31,0.007101763076526381
2001-06-30,-0.008881813501607612
2001-07-31,-0.007508271214309794
2001-08-31,-0.010750347210778876
2001-09-30,-0.11432089964092594
2001-10-31,0.012031223002052654
2001-11-30,0.017630199753845287
2001-12-31,0.005474144389585609
2002-01-31,0.014673188896780475
2002-02-28,-0.004533881549568598
2002-03-31,0.013822348852398256
2002-04-30,-0.010470351556594896
2002-05-31,0.003453899546029087
2002-06-30,-0.04589542037646361
2002-07-31,-0.023140821927631693
2002-08-31,0.0025249625592989066
2002-09-30,-0.029084729477943955
2002-10-31,0.014057446014143837
2002-11-30,0.020037188517103992
2002-12-31,-0.009915916013394303
2003-01-31,0.0038819308356516286
2003-02-28,-0.000537556709872047
2003-03-31,-0.017982515708106255
2003-04-30,0.039663699469071105
2003-05-31,0.007732257392935389
2003-06-30,0.02236015737508317
2003-07-31,0.026693562346569832
2003-08-31,0.0015719440371196316
2003-09-30,0.00013209687246850798
2003-10-31,0.03801465904143551
2003-11-30,0.022876885500357467
2003-12-31,0.024252652346548054
2004-01-31,0.02354880873412335
2004-02-29,0.006459365471389181
2004-03-31,0.01261769490251284
2004-04-30,0.032307370867560595
2004-05-31,-0.0003729661369396838
2004-06-30,0.026043027812151506
2004-07-31,-0.019678031005125534
2004-08-31,-0.01545028848481822
2004-09-30,0.0050167124961079815
2004-10-31,0.02526773755764966
2004-11-30,0.05946380747542792
2004-12-31,0.01650724178843047
2005-01-31,0.01066977736669307
2005-02-28,0.020099190289328547
2005-03-31,0.03325235566149304
2005-04-30,0.01090188963857422
2005-05-31,0.019875971120508245
2005-06-30,0.0061096917099252215
2005-07-31,0.018590852682571875
2005-08-31,-0.0012424905648203515
2005-09-30,0.03636473195976545
2005-10-31,-0.02486386837106928
2005-11-30,0.032056456167112196
2005-12-31,0.011699238068744455
2006-01-31,0.04797912249942367
2006-02-28,0.00019300943122089022
2006-03-31,0.004007088388813104
2006-04-30,0.026406660233250827
2006-05-31,-0.008414882701425179
2006-06-30,0.0442803704751175
2006-07-31,0.017470164028214902
2006-08-31,0.04512996210833347
2006-09-30,0.01762679625240291
2006-10-31,0.018597629903751887
2006-11-30,0.005984511113382107
2006-12-31,0.022592838553118555
2007-01-31,0.02240065113279735
2007-02-28,0.003529435641241957
2007-03-31,-0.03538238100108124
2007-04-30,0.028891960076441868
2007-05-31,0.04076366089237314
2007-06-30,0.0031659118854898104
2007-07-31,0.014571520224408057
2007-08-31,0.004074789818701537
2007-09-30,0.018463827376602578
2007-10-31,0.08112862257373166
2007-11-30,-0.004587455578588401
2007-12-31,0.09373100086041954
2008-01-31,-0.11324709524654572
2008-02-29,-0.00010842369830483528
2008-03-31,-0.010987765590193052
2008-04-30,0.02199383121583383
2008-05-31,0.01646274673301318
2008-06-30,-0.018002860058016802
2008-07-31,-0.013396349528447569
2008-08-31,0.0046513630701353935
2008-09-30,-0.008145088084512917
2008-10-31,-0.10151038785388376
2008-11-30,-0.011384051923420983
2008-12-31,0.007691369511291193
2009-01-31,-0.0014129222751300711
2009-02-28,-0.021407565067306903
2009-03-31,0.01000562077302091
2009-04-30,0.00792148704284864
2009-05-31,0.025644073850521015
2009-06-30,0.01716892478252987
2009-07-31,0.001951811716624259
2009-08-31,0.004321913870124504
2009-09-30,0.0038204358798933995
2009-10-31,0.003669744309686564
2009-11-30,0.016221900051725472
2009-12-31,0.031409521672342136
2010-01-31,-0.005175989171390381
2010-02-28,-0.002114148951811553
2010-03-31,0.030337905183947574
2010-04-30,0.015203016044536971
2010-05-31,-0.11397908940301063
2010-06-30,-0.01142839135378427
2010-07-31,0.03265786750936831
2010-08-31,-0.017004488215689464
2010-09-30,0.0385172513907525
2010-10-31,0.013895113809743924
2010-11-30,0.004503900104981485
2010-12-31,0.02995340124196257
2011-01-31,0.008895795623293994
2011-02-28,0.0023790154936553266
2011-03-31,0.0008652177495704144
2011-04-30,0.014832445640997899
2011-05-31,-0.0009537550043295078
2011-06-30,-0.021281198701362004
2011-07-31,0.01843401503601447
2011-08-31,-0.08759123520925503
2011-09-30,-0.011738494691518372
2011-10-31,0.03391216661720069
2011-11-30,0.012832298892968694
2011-12-31,0.04075014239148895
2012-01-31,0.013239997165666775
2012-02-29,0.010902863575288456
2012-03-31,0.002251632956983697
2012-04-30,-0.003307529653154133
2012-05-31,-0.0194578423743581
2012-06-30,0.013534660106968223
2012-07-31,0.009131234618010887
2012-08-31,0.01628322756882523
2012-09-30,0.010686145879675877
2012-10-31,0.011164329560829337
2012-11-30,0.0008424399383348915
2012-12-31,-0.0007163040468574856
2013-01-31,0.03587453914465829
2013-02-28,0.013472132394291932
2013-03-31,0.017858809824746608
2013-04-30,0.0057448578184310945
2013-05-31,0.009416463165779368
2013-06-30,-0.01013241804731727
2013-07-31,0.08549778099733786
2013-08-31,-0.020322526503910636
2013-09-30,0.02923256864311985
2013-10-31,0.02696180506270759
2013-11-30,0.023581775983889757
2013-12-31,0.019933006387374722
2014-01-31,-0.018817803393582695
2014-02-28,0.03774540100981448
2014-03-31,0.04298510853646971
2014-04-30,0.03008367116588819
2014-05-31,0.008195059149152074
2014-06-30,0.011480238278708312
2014-07-31,0.008538143564248018
2014-08-31,0.02210847683539026
2014-09-30,-0.01982943324543239
2014-10-31,-0.027819163024044354
2014-11-30,0.03547393483851428
2014-12-31,0.0070704313978539055
2015-01-31,-0.019442747547979058
2015-02-28,0.0249660629567551
2015-03-31,-0.015319037437717745
2015-04-30,0.01910597507245508
2015-05-31,0.007806632372707318
2015-06-30,-0.014993956477868052
2015-07-31,0.04874872852635816
2015-08-31,-0.06564266301940615
2015-09-30,0.013509856439799866
2015-10-31,0.05277590755670347
2015-11-30,0.005120679001946574
2015-12-31,0.0035473326557474
2016-01-31,-0.07131022227872158
2016-02-29,0.006716937601555631
2016-03-31,0.021450374675059714
2016-04-30,-0.0009385768462502384
2016-05-31,-0.002942778783569642
2016-06-30,-0.0017553579589512358
2016-07-31,0.02746779057307505
2016-08-31,0.0023286884954555154
2016-09-30,0.0014270766535207091
2016-10-31,0.010048066303749038
2016-11-30,0.0023588051802184997
2016-12-31,0.011757203145588369
2017-01-31,0.018236017877507164
2017-02-28,0.00726163291201331
2017-03-31,0.006174044772542615
2017-04-30,0.04081203511271453
2017-05-31,0.02701735280139653
2017-06-30,0.02318917008257516
2017-07-31,0.026439415817853227
2017-08-31,0.006063971149634213
2017-09-30,0.02362324309169972
2017-10-31,0.050422437464658826
2017-11-30,0.026828043142696774
2017-12-31,0.033595385172015366
2018-01-31,0.0631857425577895
2018-02-28,-0.07808817905240936
2018-03-31,0.00022695266397985736
2018-04-30,0.06583581694061133
2018-05-31,0.010684801589799271
2018-06-30,0.012363726482170656
2018-07-31,0.024936366412521112
2018-08-31,0.011563496119619444
2018-09-30,-0.004315893419820692
2018-10-31,-0.025213443870284246
2018-11-30,0.006898074559628271
2018-12-31,-0.03474572836797705
2019-01-31,0.04671208465099275
2019-02-28,0.01299203350018325
2019-03-31,0.012304660744459623
2019-04-30,0.030050484988824618
2019-05-31,-0.06733485999900672
2019-06-30,0.046935298466172226
2019-07-31,0.012465173326600056
2019-08-31,-0.017348239217715618
2019-09-30,0.01844570295346826
2019-10-31,0.013620854579489739
2019-11-30,0.013598922919307546
2019-12-31,0.009240560075524124
2020-01-31,-0.002927428185524019
2020-02-29,-0.037455500672839565
2020-03-31,-0.10607438660681419
2020-04-30,0.04460992471338256
2020-05-31,0.0126501228390663
2020-06-30,0.014618954058895088
2020-07-31,0.019069949156493845
2020-08-31,0.01566821300239866
2020-09-30,0.0011175738493631867
2020-10-31,0.0029484513293714016
2020-11-30,0.034685750791322974
2020-12-31,0.012365378497423337
2021-01-31,0.007965554720986773
2021-02-28,0.002949195359844384
2021-03-31,0.008748543476002315
2021-04-30,0.026423459391740504
2021-05-31,0.007905861852091396
2021-06-30,0.019299021385305724
2021-07-31,0.00912563667497756
2021-08-31,0.009292331773170183
2021-09-30,-0.003944661064325662
2021-10-31,0.020201057507367674
2021-11-30,0.010309919724618059
2021-12-31,0.022845498006545516
2022-01-31,-0.05450459605397878
2022-02-28,-0.013885557819442665
2022-03-31,0.045195750654084356
2022-04-30,-0.039856136994041995
2022-05-31,-0.04159238690213587
2022-06-30,-0.018239070094296168
2022-07-31,0.012683224861513196
2022-08-31,-0.008208265466152944
2022-09-30,-0.08722677222756671
2022-10-31,0.01707203929031964
2022-11-30,0.020798831911589342
2022-12-31,-0.017708028326643754
2023-01-31,0.017175277746034702
2023-02-28,-0.005670532985436834
2023-03-31,0.020061360792325147
2023-04-30,0.007916626351965023
2023-05-31,0.008045474957228857
2023-06-30,0.024188920773798125
2023-07-31,0.02222480846446099
2023-08-31,-0.013598703940572677
2023-09-30,-0.008179085050316096
2023-10-31,-0.016580067548255355
2023-11-30,0.05664398340615359
2023-12-31,0.008839813521285773
2024-01-31,-0.005846386701602176
2024-02-29,0.021433844996264825
2024-03-31,0.021823490189940238
2024-04-30,-0.009962976317898806
2024-05-31,0.035287902565693176
2024-06-30,0.01895189422667597
2024-07-31,0.031124683956213917
2024-08-31,-0.010029140283910718
2024-09-30,0.008813618602972844
2024-10-31,0.00583948260084192
2024-11-30,0.05218648530936178
2024-12-31,0.0109305668637315
2025-01-31,0.014794799078890215
2025-02-28,-0.00621042643224188
2025-03-31,-0.0845798222637936
2025-04-30,-0.08655499996637804
2025-05-31,0.01991721077027965
2025-06-30,0.022783445074020726
2025-07-31,0.019360607633441166
2025-08-31,0.0028857098850639837
2025-09-30,0.013485148206243986
2025-10-31,0.025142976000815942
2025-11-30,-7.766318124165903e-05
2025-12-31,0.011857308993812883
2026-01-31,0.007975551564971805
2026-02-28,-0.011391246602621773
2026-03-31,-0.014081903726334374
2026-04-30,0.019678522545970772
2026-05-31,0.025307719651372833
2026-06-30,0.01644882960534552
2026-07-31,-0.003239949747262159
