date,macro_regime,favourable_feature_count,favourable_features,blocking_features,target_btc_weight,target_eth_weight,target_cash_weight,target_exposure,allocation,reason
2019-01-04,risk_off,2,"dow_vol_level, vix_level","equity_realized_vol_21d, equity_momentum_21d, vix_change_5d, vix_change_21d",0.0,0.0,1.0,0.0,cash,cash because macro regime is risk_off; only 2/6 macro features were favourable
2019-01-11,risk_off,2,"dow_vol_level, vix_change_5d","equity_realized_vol_21d, equity_momentum_21d, vix_level, vix_change_21d",0.0,0.0,1.0,0.0,cash,cash because macro regime is risk_off; only 2/6 macro features were favourable
2019-01-18,risk_off,1,equity_realized_vol_21d,"equity_momentum_21d, dow_vol_level, vix_level, vix_change_5d, vix_change_21d",0.0,0.0,1.0,0.0,cash,cash because macro regime is risk_off; only 1/6 macro features were favourable
2019-01-25,risk_on,4,"equity_realized_vol_21d, equity_momentum_21d, dow_vol_level, vix_change_21d","vix_level, vix_change_5d",0.0,0.0,1.0,0.0,cash,cash because macro regime is risk_on; only 4/6 macro features were favourable
2019-02-01,neutral,3,"equity_momentum_21d, vix_change_5d, vix_change_21d","equity_realized_vol_21d, dow_vol_level, vix_level",0.0,0.0,1.0,0.0,cash,cash because macro regime is neutral; only 3/6 macro features were favourable
2019-02-08,risk_off,2,"equity_momentum_21d, vix_change_21d","equity_realized_vol_21d, dow_vol_level, vix_level, vix_change_5d",0.0,0.0,1.0,0.0,cash,cash because macro regime is risk_off; only 2/6 macro features were favourable
2019-02-15,risk_off,2,"equity_momentum_21d, vix_change_21d","equity_realized_vol_21d, dow_vol_level, vix_level, vix_change_5d",0.0,0.0,1.0,0.0,cash,cash because macro regime is risk_off; only 2/6 macro features were favourable
2019-02-22,neutral,3,"equity_momentum_21d, vix_change_5d, vix_change_21d","equity_realized_vol_21d, dow_vol_level, vix_level",0.0,0.0,1.0,0.0,cash,cash because macro regime is neutral; only 3/6 macro features were favourable
2019-03-01,risk_off,2,"equity_momentum_21d, vix_change_21d","equity_realized_vol_21d, dow_vol_level, vix_level, vix_change_5d",0.0,0.0,1.0,0.0,cash,cash because macro regime is risk_off; only 2/6 macro features were favourable
2019-03-08,risk_off,0,,"equity_realized_vol_21d, equity_momentum_21d, dow_vol_level, vix_level, vix_change_5d, vix_change_21d",0.0,0.0,1.0,0.0,cash,cash because macro regime is risk_off; only 0/6 macro features were favourable
2019-03-15,risk_off,2,"vix_change_5d, vix_change_21d","equity_realized_vol_21d, equity_momentum_21d, dow_vol_level, vix_level",0.0,0.0,1.0,0.0,cash,cash because macro regime is risk_off; only 2/6 macro features were favourable
2019-03-22,risk_off,2,"equity_momentum_21d, vix_change_21d","equity_realized_vol_21d, dow_vol_level, vix_level, vix_change_5d",0.0,0.0,1.0,0.0,cash,cash because macro regime is risk_off; only 2/6 macro features were favourable
2019-03-29,risk_on,4,"equity_realized_vol_21d, equity_momentum_21d, vix_change_5d, vix_change_21d","dow_vol_level, vix_level",0.0,0.0,1.0,0.0,cash,cash because macro regime is risk_on; only 4/6 macro features were favourable
2019-04-05,risk_off,2,"equity_realized_vol_21d, equity_momentum_21d","dow_vol_level, vix_level, vix_change_5d, vix_change_21d",0.0,0.0,1.0,0.0,cash,cash because macro regime is risk_off; only 2/6 macro features were favourable
2019-04-12,risk_off,1,vix_change_21d,"equity_realized_vol_21d, equity_momentum_21d, dow_vol_level, vix_level, vix_change_5d",0.0,0.0,1.0,0.0,cash,cash because macro regime is risk_off; only 1/6 macro features were favourable
2019-04-19,risk_off,2,"equity_momentum_21d, vix_change_21d","equity_realized_vol_21d, dow_vol_level, vix_level, vix_change_5d",0.0,0.0,1.0,0.0,cash,cash because macro regime is risk_off; only 2/6 macro features were favourable
2019-04-26,risk_off,2,"equity_momentum_21d, vix_change_21d","equity_realized_vol_21d, dow_vol_level, vix_level, vix_change_5d",0.0,0.0,1.0,0.0,cash,cash because macro regime is risk_off; only 2/6 macro features were favourable
2019-05-03,risk_off,0,,"equity_realized_vol_21d, equity_momentum_21d, dow_vol_level, vix_level, vix_change_5d, vix_change_21d",0.0,0.0,1.0,0.0,cash,cash because macro regime is risk_off; only 0/6 macro features were favourable
2019-05-10,risk_off,1,dow_vol_level,"equity_realized_vol_21d, equity_momentum_21d, vix_level, vix_change_5d, vix_change_21d",0.0,0.0,1.0,0.0,cash,cash because macro regime is risk_off; only 1/6 macro features were favourable
2019-05-17,risk_off,1,vix_change_5d,"equity_realized_vol_21d, equity_momentum_21d, dow_vol_level, vix_level, vix_change_21d",0.0,0.0,1.0,0.0,cash,cash because macro regime is risk_off; only 1/6 macro features were favourable
2019-05-24,risk_off,1,equity_realized_vol_21d,"equity_momentum_21d, dow_vol_level, vix_level, vix_change_5d, vix_change_21d",0.0,0.0,1.0,0.0,cash,cash because macro regime is risk_off; only 1/6 macro features were favourable
2019-05-31,risk_off,1,vix_change_21d,"equity_realized_vol_21d, equity_momentum_21d, dow_vol_level, vix_level, vix_change_5d",0.0,0.0,1.0,0.0,cash,cash because macro regime is risk_off; only 1/6 macro features were favourable
2019-06-07,risk_off,1,vix_change_5d,"equity_realized_vol_21d, equity_momentum_21d, dow_vol_level, vix_level, vix_change_21d",0.0,0.0,1.0,0.0,cash,cash because macro regime is risk_off; only 1/6 macro features were favourable
2019-06-14,risk_on,4,"equity_realized_vol_21d, equity_momentum_21d, vix_change_5d, vix_change_21d","dow_vol_level, vix_level",0.0,0.0,1.0,0.0,cash,cash because macro regime is risk_on; only 4/6 macro features were favourable
2019-06-21,neutral,3,"equity_momentum_21d, vix_change_5d, vix_change_21d","equity_realized_vol_21d, dow_vol_level, vix_level",0.0,0.0,1.0,0.0,cash,cash because macro regime is neutral; only 3/6 macro features were favourable
2019-06-28,risk_off,1,equity_momentum_21d,"equity_realized_vol_21d, dow_vol_level, vix_level, vix_change_5d, vix_change_21d",0.0,0.0,1.0,0.0,cash,cash because macro regime is risk_off; only 1/6 macro features were favourable
2019-07-05,neutral,3,"equity_momentum_21d, vix_change_5d, vix_change_21d","equity_realized_vol_21d, dow_vol_level, vix_level",0.25,0.25,0.5,0.5,BTC/ETH,BTC/ETH because macro regime is neutral; 3/6 macro features were favourable
2019-07-12,risk_off,2,"vix_change_5d, vix_change_21d","equity_realized_vol_21d, equity_momentum_21d, dow_vol_level, vix_level",0.0,0.0,1.0,0.0,cash,cash because macro regime is risk_off; only 2/6 macro features were favourable
2019-07-19,risk_off,2,"equity_momentum_21d, vix_change_21d","equity_realized_vol_21d, dow_vol_level, vix_level, vix_change_5d",0.0,0.0,1.0,0.0,cash,cash because macro regime is risk_off; only 2/6 macro features were favourable
2019-07-26,risk_off,1,vix_change_5d,"equity_realized_vol_21d, equity_momentum_21d, dow_vol_level, vix_level, vix_change_21d",0.0,0.0,1.0,0.0,cash,cash because macro regime is risk_off; only 1/6 macro features were favourable
2019-08-02,risk_off,1,dow_vol_level,"equity_realized_vol_21d, equity_momentum_21d, vix_level, vix_change_5d, vix_change_21d",0.0,0.0,1.0,0.0,cash,cash because macro regime is risk_off; only 1/6 macro features were favourable
2019-08-09,risk_off,2,"equity_realized_vol_21d, vix_change_5d","equity_momentum_21d, dow_vol_level, vix_level, vix_change_21d",0.0,0.0,1.0,0.0,cash,cash because macro regime is risk_off; only 2/6 macro features were favourable
2019-08-16,neutral,3,"equity_realized_vol_21d, dow_vol_level, vix_level","equity_momentum_21d, vix_change_5d, vix_change_21d",0.25,0.25,0.5,0.5,BTC/ETH,BTC/ETH because macro regime is neutral; 3/6 macro features were favourable
2019-08-23,neutral,3,"equity_realized_vol_21d, vix_change_5d, vix_change_21d","equity_momentum_21d, dow_vol_level, vix_level",0.25,0.25,0.5,0.5,BTC/ETH,BTC/ETH because macro regime is neutral; 3/6 macro features were favourable
2019-08-30,risk_off,2,"equity_realized_vol_21d, vix_change_5d","equity_momentum_21d, dow_vol_level, vix_level, vix_change_21d",0.0,0.0,1.0,0.0,cash,cash because macro regime is risk_off; only 2/6 macro features were favourable
2019-09-06,risk_on,4,"equity_realized_vol_21d, equity_momentum_21d, vix_change_5d, vix_change_21d","dow_vol_level, vix_level",0.5,0.5,0.0,1.0,BTC/ETH,BTC/ETH because macro regime is risk_on; 4/6 macro features were favourable
2019-09-13,risk_on,4,"equity_realized_vol_21d, equity_momentum_21d, vix_change_5d, vix_change_21d","dow_vol_level, vix_level",0.5,0.5,0.0,1.0,BTC/ETH,BTC/ETH because macro regime is risk_on; 4/6 macro features were favourable
2019-09-20,risk_off,2,"equity_momentum_21d, vix_change_21d","equity_realized_vol_21d, dow_vol_level, vix_level, vix_change_5d",0.0,0.0,1.0,0.0,cash,cash because macro regime is risk_off; only 2/6 macro features were favourable
2019-09-27,risk_off,1,vix_change_21d,"equity_realized_vol_21d, equity_momentum_21d, dow_vol_level, vix_level, vix_change_5d",0.0,0.0,1.0,0.0,cash,cash because macro regime is risk_off; only 1/6 macro features were favourable
2019-10-04,risk_off,1,dow_vol_level,"equity_realized_vol_21d, equity_momentum_21d, vix_level, vix_change_5d, vix_change_21d",0.0,0.0,1.0,0.0,cash,cash because macro regime is risk_off; only 1/6 macro features were favourable
2019-10-11,risk_off,1,equity_realized_vol_21d,"equity_momentum_21d, dow_vol_level, vix_level, vix_change_5d, vix_change_21d",0.0,0.0,1.0,0.0,cash,cash because macro regime is risk_off; only 1/6 macro features were favourable
2019-10-18,neutral,3,"equity_realized_vol_21d, vix_change_5d, vix_change_21d","equity_momentum_21d, dow_vol_level, vix_level",0.25,0.25,0.5,0.5,BTC/ETH,BTC/ETH because macro regime is neutral; 3/6 macro features were favourable
2019-10-25,neutral,3,"equity_momentum_21d, vix_change_5d, vix_change_21d","equity_realized_vol_21d, dow_vol_level, vix_level",0.25,0.25,0.5,0.5,BTC/ETH,BTC/ETH because macro regime is neutral; 3/6 macro features were favourable
2019-11-01,risk_off,2,"equity_momentum_21d, vix_change_21d","equity_realized_vol_21d, dow_vol_level, vix_level, vix_change_5d",0.0,0.0,1.0,0.0,cash,cash because macro regime is risk_off; only 2/6 macro features were favourable
2019-11-08,risk_off,2,"equity_momentum_21d, vix_change_21d","equity_realized_vol_21d, dow_vol_level, vix_level, vix_change_5d",0.0,0.0,1.0,0.0,cash,cash because macro regime is risk_off; only 2/6 macro features were favourable
2019-11-15,risk_off,2,"equity_momentum_21d, vix_change_21d","equity_realized_vol_21d, dow_vol_level, vix_level, vix_change_5d",0.0,0.0,1.0,0.0,cash,cash because macro regime is risk_off; only 2/6 macro features were favourable
2019-11-22,risk_off,1,equity_momentum_21d,"equity_realized_vol_21d, dow_vol_level, vix_level, vix_change_5d, vix_change_21d",0.0,0.0,1.0,0.0,cash,cash because macro regime is risk_off; only 1/6 macro features were favourable
2019-11-29,neutral,3,"equity_momentum_21d, vix_change_5d, vix_change_21d","equity_realized_vol_21d, dow_vol_level, vix_level",0.25,0.25,0.5,0.5,BTC/ETH,BTC/ETH because macro regime is neutral; 3/6 macro features were favourable
2019-12-06,risk_off,0,,"equity_realized_vol_21d, equity_momentum_21d, dow_vol_level, vix_level, vix_change_5d, vix_change_21d",0.0,0.0,1.0,0.0,cash,cash because macro regime is risk_off; only 0/6 macro features were favourable
2019-12-13,risk_off,1,equity_momentum_21d,"equity_realized_vol_21d, dow_vol_level, vix_level, vix_change_5d, vix_change_21d",0.0,0.0,1.0,0.0,cash,cash because macro regime is risk_off; only 1/6 macro features were favourable
2019-12-20,risk_off,1,equity_momentum_21d,"equity_realized_vol_21d, dow_vol_level, vix_level, vix_change_5d, vix_change_21d",0.0,0.0,1.0,0.0,cash,cash because macro regime is risk_off; only 1/6 macro features were favourable
2019-12-27,risk_off,2,"equity_momentum_21d, vix_change_21d","equity_realized_vol_21d, dow_vol_level, vix_level, vix_change_5d",0.0,0.0,1.0,0.0,cash,cash because macro regime is risk_off; only 2/6 macro features were favourable
2020-01-03,neutral,3,"equity_momentum_21d, vix_change_5d, vix_change_21d","equity_realized_vol_21d, dow_vol_level, vix_level",0.25,0.25,0.5,0.5,BTC/ETH,BTC/ETH because macro regime is neutral; 3/6 macro features were favourable
2020-01-10,risk_off,2,"equity_momentum_21d, vix_change_5d","equity_realized_vol_21d, dow_vol_level, vix_level, vix_change_21d",0.0,0.0,1.0,0.0,cash,cash because macro regime is risk_off; only 2/6 macro features were favourable
2020-01-17,neutral,3,"equity_momentum_21d, vix_change_5d, vix_change_21d","equity_realized_vol_21d, dow_vol_level, vix_level",0.25,0.25,0.5,0.5,BTC/ETH,BTC/ETH because macro regime is neutral; 3/6 macro features were favourable
2020-01-24,risk_off,1,equity_momentum_21d,"equity_realized_vol_21d, dow_vol_level, vix_level, vix_change_5d, vix_change_21d",0.0,0.0,1.0,0.0,cash,cash because macro regime is risk_off; only 1/6 macro features were favourable
2020-01-31,risk_off,0,,"equity_realized_vol_21d, equity_momentum_21d, dow_vol_level, vix_level, vix_change_5d, vix_change_21d",0.0,0.0,1.0,0.0,cash,cash because macro regime is risk_off; only 0/6 macro features were favourable
2020-02-07,risk_off,2,"equity_realized_vol_21d, vix_change_5d","equity_momentum_21d, dow_vol_level, vix_level, vix_change_21d",0.0,0.0,1.0,0.0,cash,cash because macro regime is risk_off; only 2/6 macro features were favourable
2020-02-14,risk_off,2,"equity_realized_vol_21d, vix_change_5d","equity_momentum_21d, dow_vol_level, vix_level, vix_change_21d",0.0,0.0,1.0,0.0,cash,cash because macro regime is risk_off; only 2/6 macro features were favourable
2020-02-21,risk_off,2,"equity_realized_vol_21d, equity_momentum_21d","dow_vol_level, vix_level, vix_change_5d, vix_change_21d",0.0,0.0,1.0,0.0,cash,cash because macro regime is risk_off; only 2/6 macro features were favourable
2020-02-28,neutral,3,"equity_realized_vol_21d, dow_vol_level, vix_level","equity_momentum_21d, vix_change_5d, vix_change_21d",0.25,0.25,0.5,0.5,BTC/ETH,BTC/ETH because macro regime is neutral; 3/6 macro features were favourable
2020-03-06,risk_on,4,"equity_realized_vol_21d, dow_vol_level, vix_level, vix_change_5d","equity_momentum_21d, vix_change_21d",0.5,0.5,0.0,1.0,BTC/ETH,BTC/ETH because macro regime is risk_on; 4/6 macro features were favourable
2020-03-13,neutral,3,"equity_realized_vol_21d, dow_vol_level, vix_level","equity_momentum_21d, vix_change_5d, vix_change_21d",0.25,0.25,0.5,0.5,BTC/ETH,BTC/ETH because macro regime is neutral; 3/6 macro features were favourable
2020-03-20,neutral,3,"equity_realized_vol_21d, dow_vol_level, vix_level","equity_momentum_21d, vix_change_5d, vix_change_21d",0.25,0.25,0.5,0.5,BTC/ETH,BTC/ETH because macro regime is neutral; 3/6 macro features were favourable
2020-03-27,risk_on,4,"equity_realized_vol_21d, dow_vol_level, vix_level, vix_change_5d","equity_momentum_21d, vix_change_21d",0.5,0.5,0.0,1.0,BTC/ETH,BTC/ETH because macro regime is risk_on; 4/6 macro features were favourable
2020-04-03,risk_on,6,"equity_realized_vol_21d, equity_momentum_21d, dow_vol_level, vix_level, vix_change_5d, vix_change_21d",,0.5,0.5,0.0,1.0,BTC/ETH,BTC/ETH because macro regime is risk_on; 6/6 macro features were favourable
2020-04-10,risk_on,6,"equity_realized_vol_21d, equity_momentum_21d, dow_vol_level, vix_level, vix_change_5d, vix_change_21d",,0.5,0.5,0.0,1.0,BTC/ETH,BTC/ETH because macro regime is risk_on; 6/6 macro features were favourable
2020-04-17,risk_on,6,"equity_realized_vol_21d, equity_momentum_21d, dow_vol_level, vix_level, vix_change_5d, vix_change_21d",,0.5,0.5,0.0,1.0,BTC/ETH,BTC/ETH because macro regime is risk_on; 6/6 macro features were favourable
2020-04-24,risk_on,5,"equity_realized_vol_21d, equity_momentum_21d, dow_vol_level, vix_level, vix_change_21d",vix_change_5d,0.5,0.5,0.0,1.0,BTC/ETH,BTC/ETH because macro regime is risk_on; 5/6 macro features were favourable
2020-05-01,risk_on,6,"equity_realized_vol_21d, equity_momentum_21d, dow_vol_level, vix_level, vix_change_5d, vix_change_21d",,0.5,0.5,0.0,1.0,BTC/ETH,BTC/ETH because macro regime is risk_on; 6/6 macro features were favourable
2020-05-08,risk_on,6,"equity_realized_vol_21d, equity_momentum_21d, dow_vol_level, vix_level, vix_change_5d, vix_change_21d",,0.5,0.5,0.0,1.0,BTC/ETH,BTC/ETH because macro regime is risk_on; 6/6 macro features were favourable
2020-05-15,risk_on,5,"equity_realized_vol_21d, equity_momentum_21d, dow_vol_level, vix_level, vix_change_21d",vix_change_5d,0.5,0.5,0.0,1.0,BTC/ETH,BTC/ETH because macro regime is risk_on; 5/6 macro features were favourable
2020-05-22,risk_on,5,"equity_realized_vol_21d, dow_vol_level, vix_level, vix_change_5d, vix_change_21d",equity_momentum_21d,0.5,0.5,0.0,1.0,BTC/ETH,BTC/ETH because macro regime is risk_on; 5/6 macro features were favourable
2020-05-29,risk_on,5,"equity_realized_vol_21d, equity_momentum_21d, dow_vol_level, vix_level, vix_change_21d",vix_change_5d,0.5,0.5,0.0,1.0,BTC/ETH,BTC/ETH because macro regime is risk_on; 5/6 macro features were favourable
2020-06-05,risk_on,6,"equity_realized_vol_21d, equity_momentum_21d, dow_vol_level, vix_level, vix_change_5d, vix_change_21d",,0.5,0.5,0.0,1.0,BTC/ETH,BTC/ETH because macro regime is risk_on; 6/6 macro features were favourable
2020-06-12,risk_on,4,"equity_realized_vol_21d, equity_momentum_21d, dow_vol_level, vix_level","vix_change_5d, vix_change_21d",0.5,0.5,0.0,1.0,BTC/ETH,BTC/ETH because macro regime is risk_on; 4/6 macro features were favourable
2020-06-19,risk_on,5,"equity_realized_vol_21d, equity_momentum_21d, dow_vol_level, vix_level, vix_change_5d",vix_change_21d,0.5,0.5,0.0,1.0,BTC/ETH,BTC/ETH because macro regime is risk_on; 5/6 macro features were favourable
2020-06-26,risk_on,4,"equity_realized_vol_21d, dow_vol_level, vix_level, vix_change_5d","equity_momentum_21d, vix_change_21d",0.5,0.5,0.0,1.0,BTC/ETH,BTC/ETH because macro regime is risk_on; 4/6 macro features were favourable
2020-07-03,risk_on,6,"equity_realized_vol_21d, equity_momentum_21d, dow_vol_level, vix_level, vix_change_5d, vix_change_21d",,0.5,0.5,0.0,1.0,BTC/ETH,BTC/ETH because macro regime is risk_on; 6/6 macro features were favourable
2020-07-10,risk_on,4,"equity_realized_vol_21d, dow_vol_level, vix_level, vix_change_21d","equity_momentum_21d, vix_change_5d",0.5,0.5,0.0,1.0,BTC/ETH,BTC/ETH because macro regime is risk_on; 4/6 macro features were favourable
2020-07-17,risk_on,5,"equity_realized_vol_21d, equity_momentum_21d, dow_vol_level, vix_level, vix_change_21d",vix_change_5d,0.5,0.5,0.0,1.0,BTC/ETH,BTC/ETH because macro regime is risk_on; 5/6 macro features were favourable
2020-07-24,risk_on,4,"equity_momentum_21d, dow_vol_level, vix_level, vix_change_21d","equity_realized_vol_21d, vix_change_5d",0.5,0.5,0.0,1.0,BTC/ETH,BTC/ETH because macro regime is risk_on; 4/6 macro features were favourable
2020-07-31,risk_on,5,"equity_momentum_21d, dow_vol_level, vix_level, vix_change_5d, vix_change_21d",equity_realized_vol_21d,0.5,0.5,0.0,1.0,BTC/ETH,BTC/ETH because macro regime is risk_on; 5/6 macro features were favourable
2020-08-07,risk_on,5,"equity_momentum_21d, dow_vol_level, vix_level, vix_change_5d, vix_change_21d",equity_realized_vol_21d,0.5,0.5,0.0,1.0,BTC/ETH,BTC/ETH because macro regime is risk_on; 5/6 macro features were favourable
2020-08-14,risk_on,4,"equity_momentum_21d, dow_vol_level, vix_level, vix_change_21d","equity_realized_vol_21d, vix_change_5d",0.5,0.5,0.0,1.0,BTC/ETH,BTC/ETH because macro regime is risk_on; 4/6 macro features were favourable
2020-08-21,risk_on,4,"equity_momentum_21d, dow_vol_level, vix_level, vix_change_21d","equity_realized_vol_21d, vix_change_5d",0.5,0.5,0.0,1.0,BTC/ETH,BTC/ETH because macro regime is risk_on; 4/6 macro features were favourable
2020-08-28,neutral,3,"equity_momentum_21d, dow_vol_level, vix_level","equity_realized_vol_21d, vix_change_5d, vix_change_21d",0.25,0.25,0.5,0.5,BTC/ETH,BTC/ETH because macro regime is neutral; 3/6 macro features were favourable
2020-09-04,risk_on,4,"equity_realized_vol_21d, equity_momentum_21d, dow_vol_level, vix_level","vix_change_5d, vix_change_21d",0.5,0.5,0.0,1.0,BTC/ETH,BTC/ETH because macro regime is risk_on; 4/6 macro features were favourable
2020-09-11,risk_on,4,"equity_realized_vol_21d, dow_vol_level, vix_level, vix_change_5d","equity_momentum_21d, vix_change_21d",0.5,0.5,0.0,1.0,BTC/ETH,BTC/ETH because macro regime is risk_on; 4/6 macro features were favourable
2020-09-18,risk_on,4,"equity_realized_vol_21d, dow_vol_level, vix_level, vix_change_5d","equity_momentum_21d, vix_change_21d",0.5,0.5,0.0,1.0,BTC/ETH,BTC/ETH because macro regime is risk_on; 4/6 macro features were favourable
2020-09-25,risk_on,4,"equity_realized_vol_21d, dow_vol_level, vix_level, vix_change_21d","equity_momentum_21d, vix_change_5d",0.5,0.5,0.0,1.0,BTC/ETH,BTC/ETH because macro regime is risk_on; 4/6 macro features were favourable
2020-10-02,risk_on,4,"equity_realized_vol_21d, dow_vol_level, vix_level, vix_change_21d","equity_momentum_21d, vix_change_5d",0.5,0.5,0.0,1.0,BTC/ETH,BTC/ETH because macro regime is risk_on; 4/6 macro features were favourable
2020-10-09,risk_on,5,"equity_realized_vol_21d, equity_momentum_21d, dow_vol_level, vix_level, vix_change_5d",vix_change_21d,0.5,0.5,0.0,1.0,BTC/ETH,BTC/ETH because macro regime is risk_on; 5/6 macro features were favourable
2020-10-16,risk_on,5,"equity_realized_vol_21d, equity_momentum_21d, dow_vol_level, vix_level, vix_change_21d",vix_change_5d,0.5,0.5,0.0,1.0,BTC/ETH,BTC/ETH because macro regime is risk_on; 5/6 macro features were favourable
2020-10-23,risk_on,4,"equity_realized_vol_21d, equity_momentum_21d, dow_vol_level, vix_level","vix_change_5d, vix_change_21d",0.5,0.5,0.0,1.0,BTC/ETH,BTC/ETH because macro regime is risk_on; 4/6 macro features were favourable
2020-10-30,neutral,3,"equity_realized_vol_21d, dow_vol_level, vix_level","equity_momentum_21d, vix_change_5d, vix_change_21d",0.25,0.25,0.5,0.5,BTC/ETH,BTC/ETH because macro regime is neutral; 3/6 macro features were favourable
2020-11-06,risk_on,4,"equity_realized_vol_21d, dow_vol_level, vix_level, vix_change_5d","equity_momentum_21d, vix_change_21d",0.5,0.5,0.0,1.0,BTC/ETH,BTC/ETH because macro regime is risk_on; 4/6 macro features were favourable
2020-11-13,risk_on,5,"equity_realized_vol_21d, equity_momentum_21d, dow_vol_level, vix_level, vix_change_21d",vix_change_5d,0.5,0.5,0.0,1.0,BTC/ETH,BTC/ETH because macro regime is risk_on; 5/6 macro features were favourable
2020-11-20,risk_on,5,"equity_realized_vol_21d, equity_momentum_21d, dow_vol_level, vix_level, vix_change_21d",vix_change_5d,0.5,0.5,0.0,1.0,BTC/ETH,BTC/ETH because macro regime is risk_on; 5/6 macro features were favourable
2020-11-27,risk_on,5,"equity_momentum_21d, dow_vol_level, vix_level, vix_change_5d, vix_change_21d",equity_realized_vol_21d,0.5,0.5,0.0,1.0,BTC/ETH,BTC/ETH because macro regime is risk_on; 5/6 macro features were favourable
2020-12-04,risk_on,4,"equity_momentum_21d, dow_vol_level, vix_level, vix_change_21d","equity_realized_vol_21d, vix_change_5d",0.5,0.5,0.0,1.0,BTC/ETH,BTC/ETH because macro regime is risk_on; 4/6 macro features were favourable
2020-12-11,risk_on,4,"equity_momentum_21d, dow_vol_level, vix_level, vix_change_21d","equity_realized_vol_21d, vix_change_5d",0.5,0.5,0.0,1.0,BTC/ETH,BTC/ETH because macro regime is risk_on; 4/6 macro features were favourable
2020-12-18,risk_on,4,"equity_momentum_21d, dow_vol_level, vix_level, vix_change_5d","equity_realized_vol_21d, vix_change_21d",0.5,0.5,0.0,1.0,BTC/ETH,BTC/ETH because macro regime is risk_on; 4/6 macro features were favourable
2020-12-25,risk_off,2,"dow_vol_level, vix_level","equity_realized_vol_21d, equity_momentum_21d, vix_change_5d, vix_change_21d",0.0,0.0,1.0,0.0,cash,cash because macro regime is risk_off; only 2/6 macro features were favourable
2021-01-01,neutral,3,"equity_momentum_21d, dow_vol_level, vix_level","equity_realized_vol_21d, vix_change_5d, vix_change_21d",0.25,0.25,0.5,0.5,BTC/ETH,BTC/ETH because macro regime is neutral; 3/6 macro features were favourable
2021-01-08,risk_on,4,"equity_momentum_21d, dow_vol_level, vix_level, vix_change_5d","equity_realized_vol_21d, vix_change_21d",0.5,0.5,0.0,1.0,BTC/ETH,BTC/ETH because macro regime is risk_on; 4/6 macro features were favourable
2021-01-15,neutral,3,"equity_momentum_21d, dow_vol_level, vix_level","equity_realized_vol_21d, vix_change_5d, vix_change_21d",0.25,0.25,0.5,0.5,BTC/ETH,BTC/ETH because macro regime is neutral; 3/6 macro features were favourable
2021-01-22,risk_on,5,"equity_momentum_21d, dow_vol_level, vix_level, vix_change_5d, vix_change_21d",equity_realized_vol_21d,0.5,0.5,0.0,1.0,BTC/ETH,BTC/ETH because macro regime is risk_on; 5/6 macro features were favourable
2021-01-29,risk_off,2,"dow_vol_level, vix_level","equity_realized_vol_21d, equity_momentum_21d, vix_change_5d, vix_change_21d",0.0,0.0,1.0,0.0,cash,cash because macro regime is risk_off; only 2/6 macro features were favourable
2021-02-05,risk_on,6,"equity_realized_vol_21d, equity_momentum_21d, dow_vol_level, vix_level, vix_change_5d, vix_change_21d",,0.5,0.5,0.0,1.0,BTC/ETH,BTC/ETH because macro regime is risk_on; 6/6 macro features were favourable
2021-02-12,risk_on,4,"equity_realized_vol_21d, equity_momentum_21d, dow_vol_level, vix_level","vix_change_5d, vix_change_21d",0.5,0.5,0.0,1.0,BTC/ETH,BTC/ETH because macro regime is risk_on; 4/6 macro features were favourable
2021-02-19,risk_on,5,"equity_realized_vol_21d, equity_momentum_21d, dow_vol_level, vix_level, vix_change_21d",vix_change_5d,0.5,0.5,0.0,1.0,BTC/ETH,BTC/ETH because macro regime is risk_on; 5/6 macro features were favourable
2021-02-26,risk_off,2,"dow_vol_level, vix_level","equity_realized_vol_21d, equity_momentum_21d, vix_change_5d, vix_change_21d",0.0,0.0,1.0,0.0,cash,cash because macro regime is risk_off; only 2/6 macro features were favourable
2021-03-05,neutral,3,"equity_realized_vol_21d, dow_vol_level, vix_level","equity_momentum_21d, vix_change_5d, vix_change_21d",0.25,0.25,0.5,0.5,BTC/ETH,BTC/ETH because macro regime is neutral; 3/6 macro features were favourable
2021-03-12,risk_on,5,"equity_realized_vol_21d, dow_vol_level, vix_level, vix_change_5d, vix_change_21d",equity_momentum_21d,0.5,0.5,0.0,1.0,BTC/ETH,BTC/ETH because macro regime is risk_on; 5/6 macro features were favourable
2021-03-19,risk_on,5,"equity_realized_vol_21d, equity_momentum_21d, dow_vol_level, vix_level, vix_change_21d",vix_change_5d,0.5,0.5,0.0,1.0,BTC/ETH,BTC/ETH because macro regime is risk_on; 5/6 macro features were favourable
2021-03-26,risk_on,6,"equity_realized_vol_21d, equity_momentum_21d, dow_vol_level, vix_level, vix_change_5d, vix_change_21d",,0.5,0.5,0.0,1.0,BTC/ETH,BTC/ETH because macro regime is risk_on; 6/6 macro features were favourable
2021-04-02,neutral,3,"equity_momentum_21d, vix_change_5d, vix_change_21d","equity_realized_vol_21d, dow_vol_level, vix_level",0.25,0.25,0.5,0.5,BTC/ETH,BTC/ETH because macro regime is neutral; 3/6 macro features were favourable
2021-04-09,neutral,3,"equity_momentum_21d, vix_change_5d, vix_change_21d","equity_realized_vol_21d, dow_vol_level, vix_level",0.25,0.25,0.5,0.5,BTC/ETH,BTC/ETH because macro regime is neutral; 3/6 macro features were favourable
2021-04-16,risk_off,2,"equity_momentum_21d, vix_change_21d","equity_realized_vol_21d, dow_vol_level, vix_level, vix_change_5d",0.0,0.0,1.0,0.0,cash,cash because macro regime is risk_off; only 2/6 macro features were favourable
2021-04-23,risk_off,1,equity_momentum_21d,"equity_realized_vol_21d, dow_vol_level, vix_level, vix_change_5d, vix_change_21d",0.0,0.0,1.0,0.0,cash,cash because macro regime is risk_off; only 1/6 macro features were favourable
2021-04-30,risk_off,1,equity_momentum_21d,"equity_realized_vol_21d, dow_vol_level, vix_level, vix_change_5d, vix_change_21d",0.0,0.0,1.0,0.0,cash,cash because macro regime is risk_off; only 1/6 macro features were favourable
2021-05-07,risk_off,2,"dow_vol_level, vix_change_5d","equity_realized_vol_21d, equity_momentum_21d, vix_level, vix_change_21d",0.0,0.0,1.0,0.0,cash,cash because macro regime is risk_off; only 2/6 macro features were favourable
2021-05-14,neutral,3,"equity_realized_vol_21d, dow_vol_level, vix_level","equity_momentum_21d, vix_change_5d, vix_change_21d",0.25,0.25,0.5,0.5,BTC/ETH,BTC/ETH because macro regime is neutral; 3/6 macro features were favourable
2021-05-21,neutral,3,"equity_realized_vol_21d, dow_vol_level, vix_level","equity_momentum_21d, vix_change_5d, vix_change_21d",0.25,0.25,0.5,0.5,BTC/ETH,BTC/ETH because macro regime is neutral; 3/6 macro features were favourable
2021-05-28,neutral,3,"equity_realized_vol_21d, vix_change_5d, vix_change_21d","equity_momentum_21d, dow_vol_level, vix_level",0.25,0.25,0.5,0.5,BTC/ETH,BTC/ETH because macro regime is neutral; 3/6 macro features were favourable
2021-06-04,risk_off,2,"equity_momentum_21d, vix_change_21d","equity_realized_vol_21d, dow_vol_level, vix_level, vix_change_5d",0.0,0.0,1.0,0.0,cash,cash because macro regime is risk_off; only 2/6 macro features were favourable
2021-06-11,neutral,3,"equity_momentum_21d, vix_change_5d, vix_change_21d","equity_realized_vol_21d, dow_vol_level, vix_level",0.25,0.25,0.5,0.5,BTC/ETH,BTC/ETH because macro regime is neutral; 3/6 macro features were favourable
2021-06-18,risk_off,0,,"equity_realized_vol_21d, equity_momentum_21d, dow_vol_level, vix_level, vix_change_5d, vix_change_21d",0.0,0.0,1.0,0.0,cash,cash because macro regime is risk_off; only 0/6 macro features were favourable
2021-06-25,neutral,3,"equity_momentum_21d, vix_change_5d, vix_change_21d","equity_realized_vol_21d, dow_vol_level, vix_level",0.25,0.25,0.5,0.5,BTC/ETH,BTC/ETH because macro regime is neutral; 3/6 macro features were favourable
2021-07-02,risk_off,2,"equity_momentum_21d, vix_change_21d","equity_realized_vol_21d, dow_vol_level, vix_level, vix_change_5d",0.0,0.0,1.0,0.0,cash,cash because macro regime is risk_off; only 2/6 macro features were favourable
2021-07-09,risk_off,1,equity_momentum_21d,"equity_realized_vol_21d, dow_vol_level, vix_level, vix_change_5d, vix_change_21d",0.0,0.0,1.0,0.0,cash,cash because macro regime is risk_off; only 1/6 macro features were favourable
2021-07-16,risk_off,1,equity_momentum_21d,"equity_realized_vol_21d, dow_vol_level, vix_level, vix_change_5d, vix_change_21d",0.0,0.0,1.0,0.0,cash,cash because macro regime is risk_off; only 1/6 macro features were favourable
2021-07-23,risk_off,1,vix_change_5d,"equity_realized_vol_21d, equity_momentum_21d, dow_vol_level, vix_level, vix_change_21d",0.0,0.0,1.0,0.0,cash,cash because macro regime is risk_off; only 1/6 macro features were favourable
2021-07-30,risk_off,2,"equity_momentum_21d, vix_change_21d","equity_realized_vol_21d, dow_vol_level, vix_level, vix_change_5d",0.0,0.0,1.0,0.0,cash,cash because macro regime is risk_off; only 2/6 macro features were favourable
2021-08-06,risk_off,2,"equity_momentum_21d, vix_change_5d","equity_realized_vol_21d, dow_vol_level, vix_level, vix_change_21d",0.0,0.0,1.0,0.0,cash,cash because macro regime is risk_off; only 2/6 macro features were favourable
2021-08-13,neutral,3,"equity_momentum_21d, vix_change_5d, vix_change_21d","equity_realized_vol_21d, dow_vol_level, vix_level",0.25,0.25,0.5,0.5,BTC/ETH,BTC/ETH because macro regime is neutral; 3/6 macro features were favourable
2021-08-20,risk_off,2,"dow_vol_level, vix_level","equity_realized_vol_21d, equity_momentum_21d, vix_change_5d, vix_change_21d",0.0,0.0,1.0,0.0,cash,cash because macro regime is risk_off; only 2/6 macro features were favourable
2021-08-27,risk_off,0,,"equity_realized_vol_21d, equity_momentum_21d, dow_vol_level, vix_level, vix_change_5d, vix_change_21d",0.0,0.0,1.0,0.0,cash,cash because macro regime is risk_off; only 0/6 macro features were favourable
2021-09-03,risk_off,1,equity_momentum_21d,"equity_realized_vol_21d, dow_vol_level, vix_level, vix_change_5d, vix_change_21d",0.0,0.0,1.0,0.0,cash,cash because macro regime is risk_off; only 1/6 macro features were favourable
2021-09-10,risk_off,2,"equity_momentum_21d, vix_change_21d","equity_realized_vol_21d, dow_vol_level, vix_level, vix_change_5d",0.0,0.0,1.0,0.0,cash,cash because macro regime is risk_off; only 2/6 macro features were favourable
2021-09-17,risk_off,1,vix_change_5d,"equity_realized_vol_21d, equity_momentum_21d, dow_vol_level, vix_level, vix_change_21d",0.0,0.0,1.0,0.0,cash,cash because macro regime is risk_off; only 1/6 macro features were favourable
2021-09-24,risk_off,2,"dow_vol_level, vix_change_5d","equity_realized_vol_21d, equity_momentum_21d, vix_level, vix_change_21d",0.0,0.0,1.0,0.0,cash,cash because macro regime is risk_off; only 2/6 macro features were favourable
2021-10-01,risk_off,2,"dow_vol_level, vix_level","equity_realized_vol_21d, equity_momentum_21d, vix_change_5d, vix_change_21d",0.0,0.0,1.0,0.0,cash,cash because macro regime is risk_off; only 2/6 macro features were favourable
2021-10-08,risk_on,4,"equity_realized_vol_21d, dow_vol_level, vix_level, vix_change_5d","equity_momentum_21d, vix_change_21d",0.5,0.5,0.0,1.0,BTC/ETH,BTC/ETH because macro regime is risk_on; 4/6 macro features were favourable
2021-10-15,neutral,3,"equity_realized_vol_21d, vix_change_5d, vix_change_21d","equity_momentum_21d, dow_vol_level, vix_level",0.25,0.25,0.5,0.5,BTC/ETH,BTC/ETH because macro regime is neutral; 3/6 macro features were favourable
2021-10-22,neutral,3,"equity_momentum_21d, vix_change_5d, vix_change_21d","equity_realized_vol_21d, dow_vol_level, vix_level",0.25,0.25,0.5,0.5,BTC/ETH,BTC/ETH because macro regime is neutral; 3/6 macro features were favourable
2021-10-29,risk_off,2,"equity_momentum_21d, vix_change_21d","equity_realized_vol_21d, dow_vol_level, vix_level, vix_change_5d",0.0,0.0,1.0,0.0,cash,cash because macro regime is risk_off; only 2/6 macro features were favourable
2021-11-05,neutral,3,"equity_momentum_21d, vix_change_5d, vix_change_21d","equity_realized_vol_21d, dow_vol_level, vix_level",0.25,0.25,0.5,0.5,BTC/ETH,BTC/ETH because macro regime is neutral; 3/6 macro features were favourable
2021-11-12,risk_off,1,equity_momentum_21d,"equity_realized_vol_21d, dow_vol_level, vix_level, vix_change_5d, vix_change_21d",0.0,0.0,1.0,0.0,cash,cash because macro regime is risk_off; only 1/6 macro features were favourable
2021-11-19,risk_off,1,equity_momentum_21d,"equity_realized_vol_21d, dow_vol_level, vix_level, vix_change_5d, vix_change_21d",0.0,0.0,1.0,0.0,cash,cash because macro regime is risk_off; only 1/6 macro features were favourable
2021-11-26,risk_off,0,,"equity_realized_vol_21d, equity_momentum_21d, dow_vol_level, vix_level, vix_change_5d, vix_change_21d",0.0,0.0,1.0,0.0,cash,cash because macro regime is risk_off; only 0/6 macro features were favourable
2021-12-03,risk_on,4,"equity_realized_vol_21d, dow_vol_level, vix_level, vix_change_5d","equity_momentum_21d, vix_change_21d",0.5,0.5,0.0,1.0,BTC/ETH,BTC/ETH because macro regime is risk_on; 4/6 macro features were favourable
2021-12-10,risk_on,4,"equity_realized_vol_21d, dow_vol_level, vix_level, vix_change_5d","equity_momentum_21d, vix_change_21d",0.5,0.5,0.0,1.0,BTC/ETH,BTC/ETH because macro regime is risk_on; 4/6 macro features were favourable
2021-12-17,neutral,3,"equity_realized_vol_21d, dow_vol_level, vix_level","equity_momentum_21d, vix_change_5d, vix_change_21d",0.25,0.25,0.5,0.5,BTC/ETH,BTC/ETH because macro regime is neutral; 3/6 macro features were favourable
2021-12-24,risk_on,4,"equity_realized_vol_21d, equity_momentum_21d, vix_change_5d, vix_change_21d","dow_vol_level, vix_level",0.5,0.5,0.0,1.0,BTC/ETH,BTC/ETH because macro regime is risk_on; 4/6 macro features were favourable
2021-12-31,risk_on,4,"equity_realized_vol_21d, equity_momentum_21d, vix_change_5d, vix_change_21d","dow_vol_level, vix_level",0.5,0.5,0.0,1.0,BTC/ETH,BTC/ETH because macro regime is risk_on; 4/6 macro features were favourable
2022-01-07,risk_on,4,"equity_realized_vol_21d, dow_vol_level, vix_level, vix_change_21d","equity_momentum_21d, vix_change_5d",0.5,0.5,0.0,1.0,BTC/ETH,BTC/ETH because macro regime is risk_on; 4/6 macro features were favourable
2022-01-14,risk_off,2,"dow_vol_level, vix_level","equity_realized_vol_21d, equity_momentum_21d, vix_change_5d, vix_change_21d",0.0,0.0,1.0,0.0,cash,cash because macro regime is risk_off; only 2/6 macro features were favourable
2022-01-21,risk_off,2,"dow_vol_level, vix_level","equity_realized_vol_21d, equity_momentum_21d, vix_change_5d, vix_change_21d",0.0,0.0,1.0,0.0,cash,cash because macro regime is risk_off; only 2/6 macro features were favourable
2022-01-28,risk_off,2,"dow_vol_level, vix_level","equity_realized_vol_21d, equity_momentum_21d, vix_change_5d, vix_change_21d",0.0,0.0,1.0,0.0,cash,cash because macro regime is risk_off; only 2/6 macro features were favourable
2022-02-04,risk_on,4,"equity_realized_vol_21d, dow_vol_level, vix_level, vix_change_5d","equity_momentum_21d, vix_change_21d",0.5,0.5,0.0,1.0,BTC/ETH,BTC/ETH because macro regime is risk_on; 4/6 macro features were favourable
2022-02-11,risk_on,4,"equity_realized_vol_21d, dow_vol_level, vix_level, vix_change_21d","equity_momentum_21d, vix_change_5d",0.5,0.5,0.0,1.0,BTC/ETH,BTC/ETH because macro regime is risk_on; 4/6 macro features were favourable
2022-02-18,risk_on,4,"equity_realized_vol_21d, dow_vol_level, vix_level, vix_change_21d","equity_momentum_21d, vix_change_5d",0.5,0.5,0.0,1.0,BTC/ETH,BTC/ETH because macro regime is risk_on; 4/6 macro features were favourable
2022-02-25,neutral,3,"equity_realized_vol_21d, dow_vol_level, vix_level","equity_momentum_21d, vix_change_5d, vix_change_21d",0.25,0.25,0.5,0.5,BTC/ETH,BTC/ETH because macro regime is neutral; 3/6 macro features were favourable
2022-03-04,neutral,3,"equity_realized_vol_21d, dow_vol_level, vix_level","equity_momentum_21d, vix_change_5d, vix_change_21d",0.25,0.25,0.5,0.5,BTC/ETH,BTC/ETH because macro regime is neutral; 3/6 macro features were favourable
2022-03-11,risk_on,4,"equity_realized_vol_21d, dow_vol_level, vix_level, vix_change_5d","equity_momentum_21d, vix_change_21d",0.5,0.5,0.0,1.0,BTC/ETH,BTC/ETH because macro regime is risk_on; 4/6 macro features were favourable
2022-03-18,risk_on,6,"equity_realized_vol_21d, equity_momentum_21d, dow_vol_level, vix_level, vix_change_5d, vix_change_21d",,0.5,0.5,0.0,1.0,BTC/ETH,BTC/ETH because macro regime is risk_on; 6/6 macro features were favourable
2022-03-25,risk_on,6,"equity_realized_vol_21d, equity_momentum_21d, dow_vol_level, vix_level, vix_change_5d, vix_change_21d",,0.5,0.5,0.0,1.0,BTC/ETH,BTC/ETH because macro regime is risk_on; 6/6 macro features were favourable
2022-04-01,risk_on,6,"equity_realized_vol_21d, equity_momentum_21d, dow_vol_level, vix_level, vix_change_5d, vix_change_21d",,0.5,0.5,0.0,1.0,BTC/ETH,BTC/ETH because macro regime is risk_on; 6/6 macro features were favourable
2022-04-08,risk_on,5,"equity_realized_vol_21d, equity_momentum_21d, dow_vol_level, vix_level, vix_change_21d",vix_change_5d,0.5,0.5,0.0,1.0,BTC/ETH,BTC/ETH because macro regime is risk_on; 5/6 macro features were favourable
2022-04-15,risk_off,2,"dow_vol_level, vix_level","equity_realized_vol_21d, equity_momentum_21d, vix_change_5d, vix_change_21d",0.0,0.0,1.0,0.0,cash,cash because macro regime is risk_off; only 2/6 macro features were favourable
2022-04-22,neutral,3,"equity_realized_vol_21d, dow_vol_level, vix_level","equity_momentum_21d, vix_change_5d, vix_change_21d",0.25,0.25,0.5,0.5,BTC/ETH,BTC/ETH because macro regime is neutral; 3/6 macro features were favourable
2022-04-29,neutral,3,"equity_realized_vol_21d, dow_vol_level, vix_level","equity_momentum_21d, vix_change_5d, vix_change_21d",0.25,0.25,0.5,0.5,BTC/ETH,BTC/ETH because macro regime is neutral; 3/6 macro features were favourable
2022-05-06,risk_on,4,"equity_realized_vol_21d, dow_vol_level, vix_level, vix_change_5d","equity_momentum_21d, vix_change_21d",0.5,0.5,0.0,1.0,BTC/ETH,BTC/ETH because macro regime is risk_on; 4/6 macro features were favourable
2022-05-13,neutral,3,"equity_realized_vol_21d, dow_vol_level, vix_level","equity_momentum_21d, vix_change_5d, vix_change_21d",0.25,0.25,0.5,0.5,BTC/ETH,BTC/ETH because macro regime is neutral; 3/6 macro features were favourable
2022-05-20,risk_on,4,"equity_realized_vol_21d, dow_vol_level, vix_level, vix_change_21d","equity_momentum_21d, vix_change_5d",0.5,0.5,0.0,1.0,BTC/ETH,BTC/ETH because macro regime is risk_on; 4/6 macro features were favourable
2022-05-27,risk_on,5,"equity_realized_vol_21d, dow_vol_level, vix_level, vix_change_5d, vix_change_21d",equity_momentum_21d,0.5,0.5,0.0,1.0,BTC/ETH,BTC/ETH because macro regime is risk_on; 5/6 macro features were favourable
2022-06-03,risk_on,6,"equity_realized_vol_21d, equity_momentum_21d, dow_vol_level, vix_level, vix_change_5d, vix_change_21d",,0.5,0.5,0.0,1.0,BTC/ETH,BTC/ETH because macro regime is risk_on; 6/6 macro features were favourable
2022-06-10,risk_on,5,"equity_realized_vol_21d, equity_momentum_21d, dow_vol_level, vix_level, vix_change_21d",vix_change_5d,0.5,0.5,0.0,1.0,BTC/ETH,BTC/ETH because macro regime is risk_on; 5/6 macro features were favourable
2022-06-17,neutral,3,"equity_realized_vol_21d, dow_vol_level, vix_level","equity_momentum_21d, vix_change_5d, vix_change_21d",0.25,0.25,0.5,0.5,BTC/ETH,BTC/ETH because macro regime is neutral; 3/6 macro features were favourable
2022-06-24,risk_on,4,"equity_realized_vol_21d, dow_vol_level, vix_level, vix_change_5d","equity_momentum_21d, vix_change_21d",0.5,0.5,0.0,1.0,BTC/ETH,BTC/ETH because macro regime is risk_on; 4/6 macro features were favourable
2022-07-01,risk_off,2,"equity_realized_vol_21d, vix_level","equity_momentum_21d, dow_vol_level, vix_change_5d, vix_change_21d",0.0,0.0,1.0,0.0,cash,cash because macro regime is risk_off; only 2/6 macro features were favourable
2022-07-08,risk_on,6,"equity_realized_vol_21d, equity_momentum_21d, dow_vol_level, vix_level, vix_change_5d, vix_change_21d",,0.5,0.5,0.0,1.0,BTC/ETH,BTC/ETH because macro regime is risk_on; 6/6 macro features were favourable
2022-07-15,risk_on,4,"equity_realized_vol_21d, dow_vol_level, vix_level, vix_change_21d","equity_momentum_21d, vix_change_5d",0.5,0.5,0.0,1.0,BTC/ETH,BTC/ETH because macro regime is risk_on; 4/6 macro features were favourable
2022-07-22,risk_on,6,"equity_realized_vol_21d, equity_momentum_21d, dow_vol_level, vix_level, vix_change_5d, vix_change_21d",,0.5,0.5,0.0,1.0,BTC/ETH,BTC/ETH because macro regime is risk_on; 6/6 macro features were favourable
2022-07-29,risk_on,6,"equity_realized_vol_21d, equity_momentum_21d, dow_vol_level, vix_level, vix_change_5d, vix_change_21d",,0.5,0.5,0.0,1.0,BTC/ETH,BTC/ETH because macro regime is risk_on; 6/6 macro features were favourable
2022-08-05,risk_on,5,"equity_realized_vol_21d, equity_momentum_21d, dow_vol_level, vix_level, vix_change_21d",vix_change_5d,0.5,0.5,0.0,1.0,BTC/ETH,BTC/ETH because macro regime is risk_on; 5/6 macro features were favourable
2022-08-12,risk_on,5,"equity_realized_vol_21d, equity_momentum_21d, vix_level, vix_change_5d, vix_change_21d",dow_vol_level,0.5,0.5,0.0,1.0,BTC/ETH,BTC/ETH because macro regime is risk_on; 5/6 macro features were favourable
2022-08-19,risk_on,5,"equity_realized_vol_21d, equity_momentum_21d, dow_vol_level, vix_level, vix_change_21d",vix_change_5d,0.5,0.5,0.0,1.0,BTC/ETH,BTC/ETH because macro regime is risk_on; 5/6 macro features were favourable
2022-08-26,neutral,3,"equity_realized_vol_21d, dow_vol_level, vix_level","equity_momentum_21d, vix_change_5d, vix_change_21d",0.25,0.25,0.5,0.5,BTC/ETH,BTC/ETH because macro regime is neutral; 3/6 macro features were favourable
2022-09-02,neutral,3,"equity_realized_vol_21d, dow_vol_level, vix_level","equity_momentum_21d, vix_change_5d, vix_change_21d",0.25,0.25,0.5,0.5,BTC/ETH,BTC/ETH because macro regime is neutral; 3/6 macro features were favourable
2022-09-09,risk_on,4,"equity_realized_vol_21d, dow_vol_level, vix_level, vix_change_5d","equity_momentum_21d, vix_change_21d",0.5,0.5,0.0,1.0,BTC/ETH,BTC/ETH because macro regime is risk_on; 4/6 macro features were favourable
2022-09-16,neutral,3,"equity_realized_vol_21d, dow_vol_level, vix_level","equity_momentum_21d, vix_change_5d, vix_change_21d",0.25,0.25,0.5,0.5,BTC/ETH,BTC/ETH because macro regime is neutral; 3/6 macro features were favourable
2022-09-23,neutral,3,"equity_realized_vol_21d, dow_vol_level, vix_level","equity_momentum_21d, vix_change_5d, vix_change_21d",0.25,0.25,0.5,0.5,BTC/ETH,BTC/ETH because macro regime is neutral; 3/6 macro features were favourable
2022-09-30,neutral,3,"equity_realized_vol_21d, dow_vol_level, vix_level","equity_momentum_21d, vix_change_5d, vix_change_21d",0.25,0.25,0.5,0.5,BTC/ETH,BTC/ETH because macro regime is neutral; 3/6 macro features were favourable
2022-10-07,risk_on,4,"equity_realized_vol_21d, dow_vol_level, vix_level, vix_change_5d","equity_momentum_21d, vix_change_21d",0.5,0.5,0.0,1.0,BTC/ETH,BTC/ETH because macro regime is risk_on; 4/6 macro features were favourable
2022-10-14,neutral,3,"equity_realized_vol_21d, dow_vol_level, vix_level","equity_momentum_21d, vix_change_5d, vix_change_21d",0.25,0.25,0.5,0.5,BTC/ETH,BTC/ETH because macro regime is neutral; 3/6 macro features were favourable
2022-10-21,risk_on,5,"equity_realized_vol_21d, dow_vol_level, vix_level, vix_change_5d, vix_change_21d",equity_momentum_21d,0.5,0.5,0.0,1.0,BTC/ETH,BTC/ETH because macro regime is risk_on; 5/6 macro features were favourable
2022-10-28,risk_on,6,"equity_realized_vol_21d, equity_momentum_21d, dow_vol_level, vix_level, vix_change_5d, vix_change_21d",,0.5,0.5,0.0,1.0,BTC/ETH,BTC/ETH because macro regime is risk_on; 6/6 macro features were favourable
2022-11-04,risk_on,5,"equity_realized_vol_21d, dow_vol_level, vix_level, vix_change_5d, vix_change_21d",equity_momentum_21d,0.5,0.5,0.0,1.0,BTC/ETH,BTC/ETH because macro regime is risk_on; 5/6 macro features were favourable
2022-11-11,risk_on,6,"equity_realized_vol_21d, equity_momentum_21d, dow_vol_level, vix_level, vix_change_5d, vix_change_21d",,0.5,0.5,0.0,1.0,BTC/ETH,BTC/ETH because macro regime is risk_on; 6/6 macro features were favourable
2022-11-18,risk_on,5,"equity_realized_vol_21d, equity_momentum_21d, dow_vol_level, vix_level, vix_change_21d",vix_change_5d,0.5,0.5,0.0,1.0,BTC/ETH,BTC/ETH because macro regime is risk_on; 5/6 macro features were favourable
2022-11-25,risk_on,6,"equity_realized_vol_21d, equity_momentum_21d, dow_vol_level, vix_level, vix_change_5d, vix_change_21d",,0.5,0.5,0.0,1.0,BTC/ETH,BTC/ETH because macro regime is risk_on; 6/6 macro features were favourable
2022-12-02,risk_on,6,"equity_realized_vol_21d, equity_momentum_21d, dow_vol_level, vix_level, vix_change_5d, vix_change_21d",,0.5,0.5,0.0,1.0,BTC/ETH,BTC/ETH because macro regime is risk_on; 6/6 macro features were favourable
2022-12-09,risk_on,4,"equity_realized_vol_21d, dow_vol_level, vix_level, vix_change_21d","equity_momentum_21d, vix_change_5d",0.5,0.5,0.0,1.0,BTC/ETH,BTC/ETH because macro regime is risk_on; 4/6 macro features were favourable
2022-12-16,neutral,3,"equity_realized_vol_21d, dow_vol_level, vix_level","equity_momentum_21d, vix_change_5d, vix_change_21d",0.25,0.25,0.5,0.5,BTC/ETH,BTC/ETH because macro regime is neutral; 3/6 macro features were favourable
2022-12-23,risk_on,4,"equity_realized_vol_21d, dow_vol_level, vix_level, vix_change_5d","equity_momentum_21d, vix_change_21d",0.5,0.5,0.0,1.0,BTC/ETH,BTC/ETH because macro regime is risk_on; 4/6 macro features were favourable
2022-12-30,risk_on,4,"equity_realized_vol_21d, dow_vol_level, vix_level, vix_change_21d","equity_momentum_21d, vix_change_5d",0.5,0.5,0.0,1.0,BTC/ETH,BTC/ETH because macro regime is risk_on; 4/6 macro features were favourable
2023-01-06,risk_on,4,"equity_realized_vol_21d, dow_vol_level, vix_level, vix_change_21d","equity_momentum_21d, vix_change_5d",0.5,0.5,0.0,1.0,BTC/ETH,BTC/ETH because macro regime is risk_on; 4/6 macro features were favourable
2023-01-13,risk_on,4,"equity_realized_vol_21d, equity_momentum_21d, vix_change_5d, vix_change_21d","dow_vol_level, vix_level",0.5,0.5,0.0,1.0,BTC/ETH,BTC/ETH because macro regime is risk_on; 4/6 macro features were favourable
2023-01-20,risk_on,4,"equity_realized_vol_21d, dow_vol_level, vix_level, vix_change_21d","equity_momentum_21d, vix_change_5d",0.5,0.5,0.0,1.0,BTC/ETH,BTC/ETH because macro regime is risk_on; 4/6 macro features were favourable
2023-01-27,risk_on,4,"equity_realized_vol_21d, equity_momentum_21d, vix_change_5d, vix_change_21d","dow_vol_level, vix_level",0.5,0.5,0.0,1.0,BTC/ETH,BTC/ETH because macro regime is risk_on; 4/6 macro features were favourable
2023-02-03,risk_off,2,"equity_realized_vol_21d, equity_momentum_21d","dow_vol_level, vix_level, vix_change_5d, vix_change_21d",0.0,0.0,1.0,0.0,cash,cash because macro regime is risk_off; only 2/6 macro features were favourable
2023-02-10,risk_on,4,"equity_realized_vol_21d, equity_momentum_21d, dow_vol_level, vix_level","vix_change_5d, vix_change_21d",0.5,0.5,0.0,1.0,BTC/ETH,BTC/ETH because macro regime is risk_on; 4/6 macro features were favourable
2023-02-17,neutral,3,"equity_realized_vol_21d, vix_level, vix_change_5d","equity_momentum_21d, dow_vol_level, vix_change_21d",0.25,0.25,0.5,0.5,BTC/ETH,BTC/ETH because macro regime is neutral; 3/6 macro features were favourable
2023-02-24,risk_off,2,"dow_vol_level, vix_level","equity_realized_vol_21d, equity_momentum_21d, vix_change_5d, vix_change_21d",0.0,0.0,1.0,0.0,cash,cash because macro regime is risk_off; only 2/6 macro features were favourable
2023-03-03,neutral,3,"vix_level, vix_change_5d, vix_change_21d","equity_realized_vol_21d, equity_momentum_21d, dow_vol_level",0.25,0.25,0.5,0.5,BTC/ETH,BTC/ETH because macro regime is neutral; 3/6 macro features were favourable
2023-03-10,neutral,3,"equity_realized_vol_21d, dow_vol_level, vix_level","equity_momentum_21d, vix_change_5d, vix_change_21d",0.25,0.25,0.5,0.5,BTC/ETH,BTC/ETH because macro regime is neutral; 3/6 macro features were favourable
2023-03-17,risk_on,4,"equity_realized_vol_21d, dow_vol_level, vix_level, vix_change_5d","equity_momentum_21d, vix_change_21d",0.5,0.5,0.0,1.0,BTC/ETH,BTC/ETH because macro regime is risk_on; 4/6 macro features were favourable
2023-03-24,risk_on,4,"equity_realized_vol_21d, dow_vol_level, vix_level, vix_change_5d","equity_momentum_21d, vix_change_21d",0.5,0.5,0.0,1.0,BTC/ETH,BTC/ETH because macro regime is risk_on; 4/6 macro features were favourable
2023-03-31,risk_on,5,"equity_realized_vol_21d, equity_momentum_21d, dow_vol_level, vix_change_5d, vix_change_21d",vix_level,0.5,0.5,0.0,1.0,BTC/ETH,BTC/ETH because macro regime is risk_on; 5/6 macro features were favourable
2023-04-07,risk_on,4,"equity_realized_vol_21d, equity_momentum_21d, vix_change_5d, vix_change_21d","dow_vol_level, vix_level",0.5,0.5,0.0,1.0,BTC/ETH,BTC/ETH because macro regime is risk_on; 4/6 macro features were favourable
2023-04-14,neutral,3,"equity_momentum_21d, vix_change_5d, vix_change_21d","equity_realized_vol_21d, dow_vol_level, vix_level",0.25,0.25,0.5,0.5,BTC/ETH,BTC/ETH because macro regime is neutral; 3/6 macro features were favourable
2023-04-21,risk_off,2,"equity_momentum_21d, vix_change_21d","equity_realized_vol_21d, dow_vol_level, vix_level, vix_change_5d",0.0,0.0,1.0,0.0,cash,cash because macro regime is risk_off; only 2/6 macro features were favourable
2023-04-28,risk_off,1,vix_change_21d,"equity_realized_vol_21d, equity_momentum_21d, dow_vol_level, vix_level, vix_change_5d",0.0,0.0,1.0,0.0,cash,cash because macro regime is risk_off; only 1/6 macro features were favourable
2023-05-05,risk_off,2,"dow_vol_level, vix_level","equity_realized_vol_21d, equity_momentum_21d, vix_change_5d, vix_change_21d",0.0,0.0,1.0,0.0,cash,cash because macro regime is risk_off; only 2/6 macro features were favourable
2023-05-12,neutral,3,"equity_realized_vol_21d, vix_change_5d, vix_change_21d","equity_momentum_21d, dow_vol_level, vix_level",0.25,0.25,0.5,0.5,BTC/ETH,BTC/ETH because macro regime is neutral; 3/6 macro features were favourable
2023-05-19,neutral,3,"equity_realized_vol_21d, vix_change_5d, vix_change_21d","equity_momentum_21d, dow_vol_level, vix_level",0.25,0.25,0.5,0.5,BTC/ETH,BTC/ETH because macro regime is neutral; 3/6 macro features were favourable
2023-05-26,risk_off,2,"equity_momentum_21d, vix_change_21d","equity_realized_vol_21d, dow_vol_level, vix_level, vix_change_5d",0.0,0.0,1.0,0.0,cash,cash because macro regime is risk_off; only 2/6 macro features were favourable
2023-06-02,neutral,3,"equity_momentum_21d, vix_change_5d, vix_change_21d","equity_realized_vol_21d, dow_vol_level, vix_level",0.25,0.25,0.5,0.5,BTC/ETH,BTC/ETH because macro regime is neutral; 3/6 macro features were favourable
2023-06-09,neutral,3,"equity_momentum_21d, vix_change_5d, vix_change_21d","equity_realized_vol_21d, dow_vol_level, vix_level",0.25,0.25,0.5,0.5,BTC/ETH,BTC/ETH because macro regime is neutral; 3/6 macro features were favourable
2023-06-16,risk_off,2,"equity_momentum_21d, vix_change_21d","equity_realized_vol_21d, dow_vol_level, vix_level, vix_change_5d",0.0,0.0,1.0,0.0,cash,cash because macro regime is risk_off; only 2/6 macro features were favourable
2023-06-23,neutral,3,"equity_momentum_21d, vix_change_5d, vix_change_21d","equity_realized_vol_21d, dow_vol_level, vix_level",0.25,0.25,0.5,0.5,BTC/ETH,BTC/ETH because macro regime is neutral; 3/6 macro features were favourable
2023-06-30,risk_off,1,equity_momentum_21d,"equity_realized_vol_21d, dow_vol_level, vix_level, vix_change_5d, vix_change_21d",0.0,0.0,1.0,0.0,cash,cash because macro regime is risk_off; only 1/6 macro features were favourable
2023-07-07,risk_off,0,,"equity_realized_vol_21d, equity_momentum_21d, dow_vol_level, vix_level, vix_change_5d, vix_change_21d",0.0,0.0,1.0,0.0,cash,cash because macro regime is risk_off; only 0/6 macro features were favourable
2023-07-14,risk_off,2,"equity_momentum_21d, vix_change_5d","equity_realized_vol_21d, dow_vol_level, vix_level, vix_change_21d",0.0,0.0,1.0,0.0,cash,cash because macro regime is risk_off; only 2/6 macro features were favourable
2023-07-21,risk_off,1,equity_momentum_21d,"equity_realized_vol_21d, dow_vol_level, vix_level, vix_change_5d, vix_change_21d",0.0,0.0,1.0,0.0,cash,cash because macro regime is risk_off; only 1/6 macro features were favourable
2023-07-28,risk_off,2,"equity_momentum_21d, vix_change_21d","equity_realized_vol_21d, dow_vol_level, vix_level, vix_change_5d",0.0,0.0,1.0,0.0,cash,cash because macro regime is risk_off; only 2/6 macro features were favourable
2023-08-04,risk_off,0,,"equity_realized_vol_21d, equity_momentum_21d, dow_vol_level, vix_level, vix_change_5d, vix_change_21d",0.0,0.0,1.0,0.0,cash,cash because macro regime is risk_off; only 0/6 macro features were favourable
2023-08-11,risk_off,1,vix_change_5d,"equity_realized_vol_21d, equity_momentum_21d, dow_vol_level, vix_level, vix_change_21d",0.0,0.0,1.0,0.0,cash,cash because macro regime is risk_off; only 1/6 macro features were favourable
2023-08-18,risk_off,0,,"equity_realized_vol_21d, equity_momentum_21d, dow_vol_level, vix_level, vix_change_5d, vix_change_21d",0.0,0.0,1.0,0.0,cash,cash because macro regime is risk_off; only 0/6 macro features were favourable
2023-08-25,risk_off,0,,"equity_realized_vol_21d, equity_momentum_21d, dow_vol_level, vix_level, vix_change_5d, vix_change_21d",0.0,0.0,1.0,0.0,cash,cash because macro regime is risk_off; only 0/6 macro features were favourable
2023-09-01,risk_off,2,"vix_change_5d, vix_change_21d","equity_realized_vol_21d, equity_momentum_21d, dow_vol_level, vix_level",0.0,0.0,1.0,0.0,cash,cash because macro regime is risk_off; only 2/6 macro features were favourable
2023-09-08,risk_off,2,"equity_momentum_21d, vix_change_21d","equity_realized_vol_21d, dow_vol_level, vix_level, vix_change_5d",0.0,0.0,1.0,0.0,cash,cash because macro regime is risk_off; only 2/6 macro features were favourable
2023-09-15,neutral,3,"equity_momentum_21d, vix_change_5d, vix_change_21d","equity_realized_vol_21d, dow_vol_level, vix_level",0.25,0.25,0.5,0.5,BTC/ETH,BTC/ETH because macro regime is neutral; 3/6 macro features were favourable
2023-09-22,risk_off,0,,"equity_realized_vol_21d, equity_momentum_21d, dow_vol_level, vix_level, vix_change_5d, vix_change_21d",0.0,0.0,1.0,0.0,cash,cash because macro regime is risk_off; only 0/6 macro features were favourable
2023-09-29,risk_off,0,,"equity_realized_vol_21d, equity_momentum_21d, dow_vol_level, vix_level, vix_change_5d, vix_change_21d",0.0,0.0,1.0,0.0,cash,cash because macro regime is risk_off; only 0/6 macro features were favourable
2023-10-06,risk_off,0,,"equity_realized_vol_21d, equity_momentum_21d, dow_vol_level, vix_level, vix_change_5d, vix_change_21d",0.0,0.0,1.0,0.0,cash,cash because macro regime is risk_off; only 0/6 macro features were favourable
2023-10-13,risk_off,2,"vix_change_5d, vix_change_21d","equity_realized_vol_21d, equity_momentum_21d, dow_vol_level, vix_level",0.0,0.0,1.0,0.0,cash,cash because macro regime is risk_off; only 2/6 macro features were favourable
2023-10-20,risk_off,1,vix_level,"equity_realized_vol_21d, equity_momentum_21d, dow_vol_level, vix_change_5d, vix_change_21d",0.0,0.0,1.0,0.0,cash,cash because macro regime is risk_off; only 1/6 macro features were favourable
2023-10-27,neutral,3,"equity_realized_vol_21d, vix_level, vix_change_5d","equity_momentum_21d, dow_vol_level, vix_change_21d",0.25,0.25,0.5,0.5,BTC/ETH,BTC/ETH because macro regime is neutral; 3/6 macro features were favourable
2023-11-03,neutral,3,"equity_realized_vol_21d, vix_change_5d, vix_change_21d","equity_momentum_21d, dow_vol_level, vix_level",0.25,0.25,0.5,0.5,BTC/ETH,BTC/ETH because macro regime is neutral; 3/6 macro features were favourable
2023-11-10,neutral,3,"equity_realized_vol_21d, equity_momentum_21d, vix_change_21d","dow_vol_level, vix_level, vix_change_5d",0.25,0.25,0.5,0.5,BTC/ETH,BTC/ETH because macro regime is neutral; 3/6 macro features were favourable
2023-11-17,risk_off,2,"equity_momentum_21d, vix_change_21d","equity_realized_vol_21d, dow_vol_level, vix_level, vix_change_5d",0.0,0.0,1.0,0.0,cash,cash because macro regime is risk_off; only 2/6 macro features were favourable
2023-11-24,neutral,3,"equity_momentum_21d, vix_change_5d, vix_change_21d","equity_realized_vol_21d, dow_vol_level, vix_level",0.25,0.25,0.5,0.5,BTC/ETH,BTC/ETH because macro regime is neutral; 3/6 macro features were favourable
2023-12-01,risk_off,2,"equity_momentum_21d, vix_change_21d","equity_realized_vol_21d, dow_vol_level, vix_level, vix_change_5d",0.0,0.0,1.0,0.0,cash,cash because macro regime is risk_off; only 2/6 macro features were favourable
2023-12-08,risk_off,2,"equity_momentum_21d, vix_change_21d","equity_realized_vol_21d, dow_vol_level, vix_level, vix_change_5d",0.0,0.0,1.0,0.0,cash,cash because macro regime is risk_off; only 2/6 macro features were favourable
2023-12-15,risk_off,2,"equity_momentum_21d, vix_change_21d","equity_realized_vol_21d, dow_vol_level, vix_level, vix_change_5d",0.0,0.0,1.0,0.0,cash,cash because macro regime is risk_off; only 2/6 macro features were favourable
2023-12-22,risk_off,1,equity_momentum_21d,"equity_realized_vol_21d, dow_vol_level, vix_level, vix_change_5d, vix_change_21d",0.0,0.0,1.0,0.0,cash,cash because macro regime is risk_off; only 1/6 macro features were favourable
2023-12-29,risk_on,4,"equity_momentum_21d, dow_vol_level, vix_change_5d, vix_change_21d","equity_realized_vol_21d, vix_level",0.5,0.5,0.0,1.0,BTC/ETH,BTC/ETH because macro regime is risk_on; 4/6 macro features were favourable
2024-01-05,risk_off,0,,"equity_realized_vol_21d, equity_momentum_21d, dow_vol_level, vix_level, vix_change_5d, vix_change_21d",0.0,0.0,1.0,0.0,cash,cash because macro regime is risk_off; only 0/6 macro features were favourable
2024-01-12,risk_off,2,"vix_change_5d, vix_change_21d","equity_realized_vol_21d, equity_momentum_21d, dow_vol_level, vix_level",0.0,0.0,1.0,0.0,cash,cash because macro regime is risk_off; only 2/6 macro features were favourable
2024-01-19,risk_off,0,,"equity_realized_vol_21d, equity_momentum_21d, dow_vol_level, vix_level, vix_change_5d, vix_change_21d",0.0,0.0,1.0,0.0,cash,cash because macro regime is risk_off; only 0/6 macro features were favourable
2024-01-26,risk_off,2,"equity_momentum_21d, vix_change_21d","equity_realized_vol_21d, dow_vol_level, vix_level, vix_change_5d",0.0,0.0,1.0,0.0,cash,cash because macro regime is risk_off; only 2/6 macro features were favourable
2024-02-02,risk_off,1,equity_momentum_21d,"equity_realized_vol_21d, dow_vol_level, vix_level, vix_change_5d, vix_change_21d",0.0,0.0,1.0,0.0,cash,cash because macro regime is risk_off; only 1/6 macro features were favourable
2024-02-09,neutral,3,"equity_momentum_21d, vix_change_5d, vix_change_21d","equity_realized_vol_21d, dow_vol_level, vix_level",0.25,0.25,0.5,0.5,BTC/ETH,BTC/ETH because macro regime is neutral; 3/6 macro features were favourable
2024-02-16,risk_off,1,equity_momentum_21d,"equity_realized_vol_21d, dow_vol_level, vix_level, vix_change_5d, vix_change_21d",0.0,0.0,1.0,0.0,cash,cash because macro regime is risk_off; only 1/6 macro features were favourable
2024-02-23,risk_off,1,equity_momentum_21d,"equity_realized_vol_21d, dow_vol_level, vix_level, vix_change_5d, vix_change_21d",0.0,0.0,1.0,0.0,cash,cash because macro regime is risk_off; only 1/6 macro features were favourable
2024-03-01,risk_off,2,"equity_momentum_21d, vix_change_5d","equity_realized_vol_21d, dow_vol_level, vix_level, vix_change_21d",0.0,0.0,1.0,0.0,cash,cash because macro regime is risk_off; only 2/6 macro features were favourable
2024-03-08,risk_off,1,equity_momentum_21d,"equity_realized_vol_21d, dow_vol_level, vix_level, vix_change_5d, vix_change_21d",0.0,0.0,1.0,0.0,cash,cash because macro regime is risk_off; only 1/6 macro features were favourable
2024-03-15,risk_off,1,vix_change_5d,"equity_realized_vol_21d, equity_momentum_21d, dow_vol_level, vix_level, vix_change_21d",0.0,0.0,1.0,0.0,cash,cash because macro regime is risk_off; only 1/6 macro features were favourable
2024-03-22,risk_on,4,"equity_momentum_21d, dow_vol_level, vix_change_5d, vix_change_21d","equity_realized_vol_21d, vix_level",0.5,0.5,0.0,1.0,BTC/ETH,BTC/ETH because macro regime is risk_on; 4/6 macro features were favourable
2024-03-29,risk_off,2,"equity_momentum_21d, vix_change_21d","equity_realized_vol_21d, dow_vol_level, vix_level, vix_change_5d",0.0,0.0,1.0,0.0,cash,cash because macro regime is risk_off; only 2/6 macro features were favourable
2024-04-05,risk_off,0,,"equity_realized_vol_21d, equity_momentum_21d, dow_vol_level, vix_level, vix_change_5d, vix_change_21d",0.0,0.0,1.0,0.0,cash,cash because macro regime is risk_off; only 0/6 macro features were favourable
2024-04-12,risk_off,1,vix_change_5d,"equity_realized_vol_21d, equity_momentum_21d, dow_vol_level, vix_level, vix_change_21d",0.0,0.0,1.0,0.0,cash,cash because macro regime is risk_off; only 1/6 macro features were favourable
2024-04-19,risk_off,0,,"equity_realized_vol_21d, equity_momentum_21d, dow_vol_level, vix_level, vix_change_5d, vix_change_21d",0.0,0.0,1.0,0.0,cash,cash because macro regime is risk_off; only 0/6 macro features were favourable
2024-04-26,neutral,3,"equity_realized_vol_21d, vix_change_5d, vix_change_21d","equity_momentum_21d, dow_vol_level, vix_level",0.25,0.25,0.5,0.5,BTC/ETH,BTC/ETH because macro regime is neutral; 3/6 macro features were favourable
2024-05-03,neutral,3,"equity_realized_vol_21d, vix_change_5d, vix_change_21d","equity_momentum_21d, dow_vol_level, vix_level",0.25,0.25,0.5,0.5,BTC/ETH,BTC/ETH because macro regime is neutral; 3/6 macro features were favourable
2024-05-10,neutral,3,"equity_momentum_21d, vix_change_5d, vix_change_21d","equity_realized_vol_21d, dow_vol_level, vix_level",0.25,0.25,0.5,0.5,BTC/ETH,BTC/ETH because macro regime is neutral; 3/6 macro features were favourable
2024-05-17,risk_off,2,"equity_momentum_21d, vix_change_21d","equity_realized_vol_21d, dow_vol_level, vix_level, vix_change_5d",0.0,0.0,1.0,0.0,cash,cash because macro regime is risk_off; only 2/6 macro features were favourable
2024-05-24,risk_off,2,"equity_momentum_21d, vix_change_21d","equity_realized_vol_21d, dow_vol_level, vix_level, vix_change_5d",0.0,0.0,1.0,0.0,cash,cash because macro regime is risk_off; only 2/6 macro features were favourable
2024-05-31,risk_off,0,,"equity_realized_vol_21d, equity_momentum_21d, dow_vol_level, vix_level, vix_change_5d, vix_change_21d",0.0,0.0,1.0,0.0,cash,cash because macro regime is risk_off; only 0/6 macro features were favourable
2024-06-07,risk_off,1,vix_change_5d,"equity_realized_vol_21d, equity_momentum_21d, dow_vol_level, vix_level, vix_change_21d",0.0,0.0,1.0,0.0,cash,cash because macro regime is risk_off; only 1/6 macro features were favourable
2024-06-14,neutral,3,"equity_momentum_21d, vix_change_5d, vix_change_21d","equity_realized_vol_21d, dow_vol_level, vix_level",0.25,0.25,0.5,0.5,BTC/ETH,BTC/ETH because macro regime is neutral; 3/6 macro features were favourable
2024-06-21,risk_off,2,"equity_momentum_21d, vix_change_21d","equity_realized_vol_21d, dow_vol_level, vix_level, vix_change_5d",0.0,0.0,1.0,0.0,cash,cash because macro regime is risk_off; only 2/6 macro features were favourable
2024-06-28,neutral,3,"equity_momentum_21d, vix_change_5d, vix_change_21d","equity_realized_vol_21d, dow_vol_level, vix_level",0.25,0.25,0.5,0.5,BTC/ETH,BTC/ETH because macro regime is neutral; 3/6 macro features were favourable
2024-07-05,risk_off,2,"equity_momentum_21d, vix_change_5d","equity_realized_vol_21d, dow_vol_level, vix_level, vix_change_21d",0.0,0.0,1.0,0.0,cash,cash because macro regime is risk_off; only 2/6 macro features were favourable
2024-07-12,risk_off,2,"equity_momentum_21d, vix_change_21d","equity_realized_vol_21d, dow_vol_level, vix_level, vix_change_5d",0.0,0.0,1.0,0.0,cash,cash because macro regime is risk_off; only 2/6 macro features were favourable
2024-07-19,risk_off,0,,"equity_realized_vol_21d, equity_momentum_21d, dow_vol_level, vix_level, vix_change_5d, vix_change_21d",0.0,0.0,1.0,0.0,cash,cash because macro regime is risk_off; only 0/6 macro features were favourable
2024-07-26,risk_off,0,,"equity_realized_vol_21d, equity_momentum_21d, dow_vol_level, vix_level, vix_change_5d, vix_change_21d",0.0,0.0,1.0,0.0,cash,cash because macro regime is risk_off; only 0/6 macro features were favourable
2024-08-02,risk_off,1,equity_realized_vol_21d,"equity_momentum_21d, dow_vol_level, vix_level, vix_change_5d, vix_change_21d",0.0,0.0,1.0,0.0,cash,cash because macro regime is risk_off; only 1/6 macro features were favourable
2024-08-09,neutral,3,"equity_realized_vol_21d, dow_vol_level, vix_level","equity_momentum_21d, vix_change_5d, vix_change_21d",0.25,0.25,0.5,0.5,BTC/ETH,BTC/ETH because macro regime is neutral; 3/6 macro features were favourable
2024-08-16,risk_on,4,"equity_realized_vol_21d, equity_momentum_21d, vix_change_5d, vix_change_21d","dow_vol_level, vix_level",0.5,0.5,0.0,1.0,BTC/ETH,BTC/ETH because macro regime is risk_on; 4/6 macro features were favourable
2024-08-23,neutral,3,"equity_realized_vol_21d, equity_momentum_21d, vix_change_21d","dow_vol_level, vix_level, vix_change_5d",0.25,0.25,0.5,0.5,BTC/ETH,BTC/ETH because macro regime is neutral; 3/6 macro features were favourable
2024-08-30,neutral,3,"equity_momentum_21d, vix_change_5d, vix_change_21d","equity_realized_vol_21d, dow_vol_level, vix_level",0.25,0.25,0.5,0.5,BTC/ETH,BTC/ETH because macro regime is neutral; 3/6 macro features were favourable
2024-09-06,risk_off,1,vix_level,"equity_realized_vol_21d, equity_momentum_21d, dow_vol_level, vix_change_5d, vix_change_21d",0.0,0.0,1.0,0.0,cash,cash because macro regime is risk_off; only 1/6 macro features were favourable
2024-09-13,neutral,3,"equity_realized_vol_21d, vix_change_5d, vix_change_21d","equity_momentum_21d, dow_vol_level, vix_level",0.25,0.25,0.5,0.5,BTC/ETH,BTC/ETH because macro regime is neutral; 3/6 macro features were favourable
2024-09-20,neutral,3,"equity_realized_vol_21d, equity_momentum_21d, vix_change_5d","dow_vol_level, vix_level, vix_change_21d",0.25,0.25,0.5,0.5,BTC/ETH,BTC/ETH because macro regime is neutral; 3/6 macro features were favourable
2024-09-27,risk_on,4,"equity_realized_vol_21d, equity_momentum_21d, vix_change_5d, vix_change_21d","dow_vol_level, vix_level",0.5,0.5,0.0,1.0,BTC/ETH,BTC/ETH because macro regime is risk_on; 4/6 macro features were favourable
2024-10-04,neutral,3,"equity_momentum_21d, dow_vol_level, vix_level","equity_realized_vol_21d, vix_change_5d, vix_change_21d",0.25,0.25,0.5,0.5,BTC/ETH,BTC/ETH because macro regime is neutral; 3/6 macro features were favourable
2024-10-11,risk_off,2,"dow_vol_level, vix_level","equity_realized_vol_21d, equity_momentum_21d, vix_change_5d, vix_change_21d",0.0,0.0,1.0,0.0,cash,cash because macro regime is risk_off; only 2/6 macro features were favourable
2024-10-18,risk_off,2,"equity_momentum_21d, vix_change_5d","equity_realized_vol_21d, dow_vol_level, vix_level, vix_change_21d",0.0,0.0,1.0,0.0,cash,cash because macro regime is risk_off; only 2/6 macro features were favourable
2024-10-25,risk_off,2,"equity_momentum_21d, vix_change_21d","equity_realized_vol_21d, dow_vol_level, vix_level, vix_change_5d",0.0,0.0,1.0,0.0,cash,cash because macro regime is risk_off; only 2/6 macro features were favourable
2024-11-01,risk_off,1,vix_level,"equity_realized_vol_21d, equity_momentum_21d, dow_vol_level, vix_change_5d, vix_change_21d",0.0,0.0,1.0,0.0,cash,cash because macro regime is risk_off; only 1/6 macro features were favourable
2024-11-08,neutral,3,"equity_momentum_21d, vix_change_5d, vix_change_21d","equity_realized_vol_21d, dow_vol_level, vix_level",0.25,0.25,0.5,0.5,BTC/ETH,BTC/ETH because macro regime is neutral; 3/6 macro features were favourable
2024-11-15,neutral,3,"equity_momentum_21d, vix_change_5d, vix_change_21d","equity_realized_vol_21d, dow_vol_level, vix_level",0.25,0.25,0.5,0.5,BTC/ETH,BTC/ETH because macro regime is neutral; 3/6 macro features were favourable
2024-11-22,risk_off,2,"equity_momentum_21d, vix_change_21d","equity_realized_vol_21d, dow_vol_level, vix_level, vix_change_5d",0.0,0.0,1.0,0.0,cash,cash because macro regime is risk_off; only 2/6 macro features were favourable
2024-11-29,risk_off,2,"vix_change_5d, vix_change_21d","equity_realized_vol_21d, equity_momentum_21d, dow_vol_level, vix_level",0.0,0.0,1.0,0.0,cash,cash because macro regime is risk_off; only 2/6 macro features were favourable
2024-12-06,risk_off,2,"equity_momentum_21d, vix_change_21d","equity_realized_vol_21d, dow_vol_level, vix_level, vix_change_5d",0.0,0.0,1.0,0.0,cash,cash because macro regime is risk_off; only 2/6 macro features were favourable
2024-12-13,risk_off,2,"equity_momentum_21d, vix_change_21d","equity_realized_vol_21d, dow_vol_level, vix_level, vix_change_5d",0.0,0.0,1.0,0.0,cash,cash because macro regime is risk_off; only 2/6 macro features were favourable
2024-12-20,risk_off,2,"dow_vol_level, vix_level","equity_realized_vol_21d, equity_momentum_21d, vix_change_5d, vix_change_21d",0.0,0.0,1.0,0.0,cash,cash because macro regime is risk_off; only 2/6 macro features were favourable
2024-12-27,risk_off,2,"equity_realized_vol_21d, vix_change_5d","equity_momentum_21d, dow_vol_level, vix_level, vix_change_21d",0.0,0.0,1.0,0.0,cash,cash because macro regime is risk_off; only 2/6 macro features were favourable
2025-01-03,risk_off,1,equity_realized_vol_21d,"equity_momentum_21d, dow_vol_level, vix_level, vix_change_5d, vix_change_21d",0.0,0.0,1.0,0.0,cash,cash because macro regime is risk_off; only 1/6 macro features were favourable
2025-01-10,risk_off,2,"equity_realized_vol_21d, vix_change_21d","equity_momentum_21d, dow_vol_level, vix_level, vix_change_5d",0.0,0.0,1.0,0.0,cash,cash because macro regime is risk_off; only 2/6 macro features were favourable
2025-01-17,risk_off,2,"equity_realized_vol_21d, vix_change_5d","equity_momentum_21d, dow_vol_level, vix_level, vix_change_21d",0.0,0.0,1.0,0.0,cash,cash because macro regime is risk_off; only 2/6 macro features were favourable
2025-01-24,risk_on,4,"equity_realized_vol_21d, equity_momentum_21d, vix_change_5d, vix_change_21d","dow_vol_level, vix_level",0.5,0.5,0.0,1.0,BTC/ETH,BTC/ETH because macro regime is risk_on; 4/6 macro features were favourable
2025-01-31,neutral,3,"equity_realized_vol_21d, equity_momentum_21d, vix_change_21d","dow_vol_level, vix_level, vix_change_5d",0.25,0.25,0.5,0.5,BTC/ETH,BTC/ETH because macro regime is neutral; 3/6 macro features were favourable
2025-02-07,neutral,3,"equity_momentum_21d, vix_change_5d, vix_change_21d","equity_realized_vol_21d, dow_vol_level, vix_level",0.25,0.25,0.5,0.5,BTC/ETH,BTC/ETH because macro regime is neutral; 3/6 macro features were favourable
2025-02-14,risk_off,1,vix_change_5d,"equity_realized_vol_21d, equity_momentum_21d, dow_vol_level, vix_level, vix_change_21d",0.0,0.0,1.0,0.0,cash,cash because macro regime is risk_off; only 1/6 macro features were favourable
2025-02-21,risk_off,1,vix_change_21d,"equity_realized_vol_21d, equity_momentum_21d, dow_vol_level, vix_level, vix_change_5d",0.0,0.0,1.0,0.0,cash,cash because macro regime is risk_off; only 1/6 macro features were favourable
2025-02-28,risk_off,2,"dow_vol_level, vix_level","equity_realized_vol_21d, equity_momentum_21d, vix_change_5d, vix_change_21d",0.0,0.0,1.0,0.0,cash,cash because macro regime is risk_off; only 2/6 macro features were favourable
2025-03-07,neutral,3,"equity_realized_vol_21d, dow_vol_level, vix_level","equity_momentum_21d, vix_change_5d, vix_change_21d",0.25,0.25,0.5,0.5,BTC/ETH,BTC/ETH because macro regime is neutral; 3/6 macro features were favourable
2025-03-14,neutral,3,"equity_realized_vol_21d, dow_vol_level, vix_level","equity_momentum_21d, vix_change_5d, vix_change_21d",0.25,0.25,0.5,0.5,BTC/ETH,BTC/ETH because macro regime is neutral; 3/6 macro features were favourable
2025-03-21,risk_on,4,"equity_realized_vol_21d, vix_level, vix_change_5d, vix_change_21d","equity_momentum_21d, dow_vol_level",0.5,0.5,0.0,1.0,BTC/ETH,BTC/ETH because macro regime is risk_on; 4/6 macro features were favourable
2025-03-28,neutral,3,"equity_realized_vol_21d, vix_change_5d, vix_change_21d","equity_momentum_21d, dow_vol_level, vix_level",0.25,0.25,0.5,0.5,BTC/ETH,BTC/ETH because macro regime is neutral; 3/6 macro features were favourable
2025-04-04,neutral,3,"equity_realized_vol_21d, dow_vol_level, vix_level","equity_momentum_21d, vix_change_5d, vix_change_21d",0.25,0.25,0.5,0.5,BTC/ETH,BTC/ETH because macro regime is neutral; 3/6 macro features were favourable
2025-04-11,risk_on,4,"equity_realized_vol_21d, dow_vol_level, vix_level, vix_change_5d","equity_momentum_21d, vix_change_21d",0.5,0.5,0.0,1.0,BTC/ETH,BTC/ETH because macro regime is risk_on; 4/6 macro features were favourable
2025-04-18,risk_on,4,"equity_realized_vol_21d, dow_vol_level, vix_level, vix_change_5d","equity_momentum_21d, vix_change_21d",0.5,0.5,0.0,1.0,BTC/ETH,BTC/ETH because macro regime is risk_on; 4/6 macro features were favourable
2025-04-25,risk_on,6,"equity_realized_vol_21d, equity_momentum_21d, dow_vol_level, vix_level, vix_change_5d, vix_change_21d",,0.5,0.5,0.0,1.0,BTC/ETH,BTC/ETH because macro regime is risk_on; 6/6 macro features were favourable
2025-05-02,risk_on,6,"equity_realized_vol_21d, equity_momentum_21d, dow_vol_level, vix_level, vix_change_5d, vix_change_21d",,0.5,0.5,0.0,1.0,BTC/ETH,BTC/ETH because macro regime is risk_on; 6/6 macro features were favourable
2025-05-09,risk_on,6,"equity_realized_vol_21d, equity_momentum_21d, dow_vol_level, vix_level, vix_change_5d, vix_change_21d",,0.5,0.5,0.0,1.0,BTC/ETH,BTC/ETH because macro regime is risk_on; 6/6 macro features were favourable
2025-05-16,neutral,3,"equity_momentum_21d, vix_change_5d, vix_change_21d","equity_realized_vol_21d, dow_vol_level, vix_level",0.25,0.25,0.5,0.5,BTC/ETH,BTC/ETH because macro regime is neutral; 3/6 macro features were favourable
2025-05-23,risk_on,5,"equity_realized_vol_21d, equity_momentum_21d, dow_vol_level, vix_level, vix_change_21d",vix_change_5d,0.5,0.5,0.0,1.0,BTC/ETH,BTC/ETH because macro regime is risk_on; 5/6 macro features were favourable
2025-05-30,risk_on,4,"equity_realized_vol_21d, equity_momentum_21d, vix_change_5d, vix_change_21d","dow_vol_level, vix_level",0.5,0.5,0.0,1.0,BTC/ETH,BTC/ETH because macro regime is risk_on; 4/6 macro features were favourable
2025-06-06,risk_off,0,,"equity_realized_vol_21d, equity_momentum_21d, dow_vol_level, vix_level, vix_change_5d, vix_change_21d",0.0,0.0,1.0,0.0,cash,cash because macro regime is risk_off; only 0/6 macro features were favourable
2025-06-13,risk_off,2,"equity_momentum_21d, vix_change_21d","equity_realized_vol_21d, dow_vol_level, vix_level, vix_change_5d",0.0,0.0,1.0,0.0,cash,cash because macro regime is risk_off; only 2/6 macro features were favourable
2025-06-20,risk_off,2,"dow_vol_level, vix_level","equity_realized_vol_21d, equity_momentum_21d, vix_change_5d, vix_change_21d",0.0,0.0,1.0,0.0,cash,cash because macro regime is risk_off; only 2/6 macro features were favourable
2025-06-27,neutral,3,"equity_momentum_21d, vix_change_5d, vix_change_21d","equity_realized_vol_21d, dow_vol_level, vix_level",0.25,0.25,0.5,0.5,BTC/ETH,BTC/ETH because macro regime is neutral; 3/6 macro features were favourable
2025-07-04,risk_off,2,"equity_momentum_21d, vix_change_21d","equity_realized_vol_21d, dow_vol_level, vix_level, vix_change_5d",0.0,0.0,1.0,0.0,cash,cash because macro regime is risk_off; only 2/6 macro features were favourable
2025-07-11,neutral,3,"equity_momentum_21d, vix_change_5d, vix_change_21d","equity_realized_vol_21d, dow_vol_level, vix_level",0.25,0.25,0.5,0.5,BTC/ETH,BTC/ETH because macro regime is neutral; 3/6 macro features were favourable
2025-07-18,risk_off,1,equity_momentum_21d,"equity_realized_vol_21d, dow_vol_level, vix_level, vix_change_5d, vix_change_21d",0.0,0.0,1.0,0.0,cash,cash because macro regime is risk_off; only 1/6 macro features were favourable
2025-07-25,risk_off,2,"vix_change_5d, vix_change_21d","equity_realized_vol_21d, equity_momentum_21d, dow_vol_level, vix_level",0.0,0.0,1.0,0.0,cash,cash because macro regime is risk_off; only 2/6 macro features were favourable
2025-08-01,risk_off,0,,"equity_realized_vol_21d, equity_momentum_21d, dow_vol_level, vix_level, vix_change_5d, vix_change_21d",0.0,0.0,1.0,0.0,cash,cash because macro regime is risk_off; only 0/6 macro features were favourable
2025-08-08,risk_off,1,vix_change_5d,"equity_realized_vol_21d, equity_momentum_21d, dow_vol_level, vix_level, vix_change_21d",0.0,0.0,1.0,0.0,cash,cash because macro regime is risk_off; only 1/6 macro features were favourable
2025-08-15,neutral,3,"equity_momentum_21d, vix_change_5d, vix_change_21d","equity_realized_vol_21d, dow_vol_level, vix_level",0.25,0.25,0.5,0.5,BTC/ETH,BTC/ETH because macro regime is neutral; 3/6 macro features were favourable
2025-08-22,risk_off,0,,"equity_realized_vol_21d, equity_momentum_21d, dow_vol_level, vix_level, vix_change_5d, vix_change_21d",0.0,0.0,1.0,0.0,cash,cash because macro regime is risk_off; only 0/6 macro features were favourable
2025-08-29,risk_off,2,"equity_momentum_21d, vix_change_21d","equity_realized_vol_21d, dow_vol_level, vix_level, vix_change_5d",0.0,0.0,1.0,0.0,cash,cash because macro regime is risk_off; only 2/6 macro features were favourable
2025-09-05,risk_off,0,,"equity_realized_vol_21d, equity_momentum_21d, dow_vol_level, vix_level, vix_change_5d, vix_change_21d",0.0,0.0,1.0,0.0,cash,cash because macro regime is risk_off; only 0/6 macro features were favourable
2025-09-12,neutral,3,"equity_momentum_21d, vix_change_5d, vix_change_21d","equity_realized_vol_21d, dow_vol_level, vix_level",0.25,0.25,0.5,0.5,BTC/ETH,BTC/ETH because macro regime is neutral; 3/6 macro features were favourable
2025-09-19,risk_off,1,equity_momentum_21d,"equity_realized_vol_21d, dow_vol_level, vix_level, vix_change_5d, vix_change_21d",0.0,0.0,1.0,0.0,cash,cash because macro regime is risk_off; only 1/6 macro features were favourable
2025-09-26,risk_off,1,equity_momentum_21d,"equity_realized_vol_21d, dow_vol_level, vix_level, vix_change_5d, vix_change_21d",0.0,0.0,1.0,0.0,cash,cash because macro regime is risk_off; only 1/6 macro features were favourable
2025-10-03,risk_off,1,equity_momentum_21d,"equity_realized_vol_21d, dow_vol_level, vix_level, vix_change_5d, vix_change_21d",0.0,0.0,1.0,0.0,cash,cash because macro regime is risk_off; only 1/6 macro features were favourable
2025-10-10,risk_off,1,vix_change_5d,"equity_realized_vol_21d, equity_momentum_21d, dow_vol_level, vix_level, vix_change_21d",0.0,0.0,1.0,0.0,cash,cash because macro regime is risk_off; only 1/6 macro features were favourable
2025-10-17,neutral,3,"equity_realized_vol_21d, dow_vol_level, vix_level","equity_momentum_21d, vix_change_5d, vix_change_21d",0.25,0.25,0.5,0.5,BTC/ETH,BTC/ETH because macro regime is neutral; 3/6 macro features were favourable
2025-10-24,risk_off,2,"equity_realized_vol_21d, vix_change_5d","equity_momentum_21d, dow_vol_level, vix_level, vix_change_21d",0.0,0.0,1.0,0.0,cash,cash because macro regime is risk_off; only 2/6 macro features were favourable
2025-10-31,risk_off,1,equity_realized_vol_21d,"equity_momentum_21d, dow_vol_level, vix_level, vix_change_5d, vix_change_21d",0.0,0.0,1.0,0.0,cash,cash because macro regime is risk_off; only 1/6 macro features were favourable
2025-11-07,risk_off,1,vix_change_21d,"equity_realized_vol_21d, equity_momentum_21d, dow_vol_level, vix_level, vix_change_5d",0.0,0.0,1.0,0.0,cash,cash because macro regime is risk_off; only 1/6 macro features were favourable
2025-11-14,risk_off,2,"dow_vol_level, vix_level","equity_realized_vol_21d, equity_momentum_21d, vix_change_5d, vix_change_21d",0.0,0.0,1.0,0.0,cash,cash because macro regime is risk_off; only 2/6 macro features were favourable
2025-11-21,risk_off,2,"dow_vol_level, vix_level","equity_realized_vol_21d, equity_momentum_21d, vix_change_5d, vix_change_21d",0.0,0.0,1.0,0.0,cash,cash because macro regime is risk_off; only 2/6 macro features were favourable
2025-11-28,risk_off,2,"vix_change_5d, vix_change_21d","equity_realized_vol_21d, equity_momentum_21d, dow_vol_level, vix_level",0.0,0.0,1.0,0.0,cash,cash because macro regime is risk_off; only 2/6 macro features were favourable
2025-12-05,neutral,3,"equity_momentum_21d, vix_change_5d, vix_change_21d","equity_realized_vol_21d, dow_vol_level, vix_level",0.25,0.25,0.5,0.5,BTC/ETH,BTC/ETH because macro regime is neutral; 3/6 macro features were favourable
2025-12-12,neutral,3,"equity_momentum_21d, vix_change_5d, vix_change_21d","equity_realized_vol_21d, dow_vol_level, vix_level",0.25,0.25,0.5,0.5,BTC/ETH,BTC/ETH because macro regime is neutral; 3/6 macro features were favourable
2025-12-19,risk_off,1,vix_change_21d,"equity_realized_vol_21d, equity_momentum_21d, dow_vol_level, vix_level, vix_change_5d",0.0,0.0,1.0,0.0,cash,cash because macro regime is risk_off; only 1/6 macro features were favourable
2025-12-26,risk_off,2,"vix_change_5d, vix_change_21d","equity_realized_vol_21d, equity_momentum_21d, dow_vol_level, vix_level",0.0,0.0,1.0,0.0,cash,cash because macro regime is risk_off; only 2/6 macro features were favourable
2026-01-02,risk_off,0,,"equity_realized_vol_21d, equity_momentum_21d, dow_vol_level, vix_level, vix_change_5d, vix_change_21d",0.0,0.0,1.0,0.0,cash,cash because macro regime is risk_off; only 0/6 macro features were favourable
2026-01-09,risk_off,2,"equity_momentum_21d, vix_change_21d","equity_realized_vol_21d, dow_vol_level, vix_level, vix_change_5d",0.0,0.0,1.0,0.0,cash,cash because macro regime is risk_off; only 2/6 macro features were favourable
2026-01-16,risk_off,0,,"equity_realized_vol_21d, equity_momentum_21d, dow_vol_level, vix_level, vix_change_5d, vix_change_21d",0.0,0.0,1.0,0.0,cash,cash because macro regime is risk_off; only 0/6 macro features were favourable
2026-01-23,risk_off,1,vix_change_5d,"equity_realized_vol_21d, equity_momentum_21d, dow_vol_level, vix_level, vix_change_21d",0.0,0.0,1.0,0.0,cash,cash because macro regime is risk_off; only 1/6 macro features were favourable
2026-01-30,risk_off,0,,"equity_realized_vol_21d, equity_momentum_21d, dow_vol_level, vix_level, vix_change_5d, vix_change_21d",0.0,0.0,1.0,0.0,cash,cash because macro regime is risk_off; only 0/6 macro features were favourable
2026-02-06,risk_off,2,"dow_vol_level, vix_level","equity_realized_vol_21d, equity_momentum_21d, vix_change_5d, vix_change_21d",0.0,0.0,1.0,0.0,cash,cash because macro regime is risk_off; only 2/6 macro features were favourable
2026-02-13,neutral,3,"equity_realized_vol_21d, dow_vol_level, vix_level","equity_momentum_21d, vix_change_5d, vix_change_21d",0.25,0.25,0.5,0.5,BTC/ETH,BTC/ETH because macro regime is neutral; 3/6 macro features were favourable
2026-02-20,risk_on,4,"equity_realized_vol_21d, dow_vol_level, vix_level, vix_change_5d","equity_momentum_21d, vix_change_21d",0.5,0.5,0.0,1.0,BTC/ETH,BTC/ETH because macro regime is risk_on; 4/6 macro features were favourable
2026-02-27,risk_on,4,"equity_realized_vol_21d, equity_momentum_21d, vix_change_5d, vix_change_21d","dow_vol_level, vix_level",0.5,0.5,0.0,1.0,BTC/ETH,BTC/ETH because macro regime is risk_on; 4/6 macro features were favourable
2026-03-06,risk_off,2,"dow_vol_level, vix_level","equity_realized_vol_21d, equity_momentum_21d, vix_change_5d, vix_change_21d",0.0,0.0,1.0,0.0,cash,cash because macro regime is risk_off; only 2/6 macro features were favourable
2026-03-13,neutral,3,"dow_vol_level, vix_level, vix_change_5d","equity_realized_vol_21d, equity_momentum_21d, vix_change_21d",0.25,0.25,0.5,0.5,BTC/ETH,BTC/ETH because macro regime is neutral; 3/6 macro features were favourable
2026-03-20,neutral,3,"dow_vol_level, vix_level, vix_change_5d","equity_realized_vol_21d, equity_momentum_21d, vix_change_21d",0.25,0.25,0.5,0.5,BTC/ETH,BTC/ETH because macro regime is neutral; 3/6 macro features were favourable
2026-03-27,neutral,3,"equity_realized_vol_21d, dow_vol_level, vix_level","equity_momentum_21d, vix_change_5d, vix_change_21d",0.25,0.25,0.5,0.5,BTC/ETH,BTC/ETH because macro regime is neutral; 3/6 macro features were favourable
2026-04-03,risk_on,5,"equity_realized_vol_21d, dow_vol_level, vix_level, vix_change_5d, vix_change_21d",equity_momentum_21d,0.5,0.5,0.0,1.0,BTC/ETH,BTC/ETH because macro regime is risk_on; 5/6 macro features were favourable
2026-04-10,neutral,3,"equity_realized_vol_21d, vix_change_5d, vix_change_21d","equity_momentum_21d, dow_vol_level, vix_level",0.25,0.25,0.5,0.5,BTC/ETH,BTC/ETH because macro regime is neutral; 3/6 macro features were favourable
2026-04-17,neutral,3,"equity_realized_vol_21d, vix_change_5d, vix_change_21d","equity_momentum_21d, dow_vol_level, vix_level",0.25,0.25,0.5,0.5,BTC/ETH,BTC/ETH because macro regime is neutral; 3/6 macro features were favourable
2026-04-24,risk_off,2,"dow_vol_level, vix_change_21d","equity_realized_vol_21d, equity_momentum_21d, vix_level, vix_change_5d",0.0,0.0,1.0,0.0,cash,cash because macro regime is risk_off; only 2/6 macro features were favourable
2026-05-01,risk_off,2,"vix_change_5d, vix_change_21d","equity_realized_vol_21d, equity_momentum_21d, dow_vol_level, vix_level",0.0,0.0,1.0,0.0,cash,cash because macro regime is risk_off; only 2/6 macro features were favourable
2026-05-08,risk_off,1,vix_change_21d,"equity_realized_vol_21d, equity_momentum_21d, dow_vol_level, vix_level, vix_change_5d",0.0,0.0,1.0,0.0,cash,cash because macro regime is risk_off; only 1/6 macro features were favourable
2026-05-15,risk_off,1,vix_change_21d,"equity_realized_vol_21d, equity_momentum_21d, dow_vol_level, vix_level, vix_change_5d",0.0,0.0,1.0,0.0,cash,cash because macro regime is risk_off; only 1/6 macro features were favourable
2026-05-22,risk_off,1,vix_change_5d,"equity_realized_vol_21d, equity_momentum_21d, dow_vol_level, vix_level, vix_change_21d",0.0,0.0,1.0,0.0,cash,cash because macro regime is risk_off; only 1/6 macro features were favourable
2026-05-29,risk_off,2,"vix_change_5d, vix_change_21d","equity_realized_vol_21d, equity_momentum_21d, dow_vol_level, vix_level",0.0,0.0,1.0,0.0,cash,cash because macro regime is risk_off; only 2/6 macro features were favourable
2026-06-05,risk_off,1,vix_change_21d,"equity_realized_vol_21d, equity_momentum_21d, dow_vol_level, vix_level, vix_change_5d",0.0,0.0,1.0,0.0,cash,cash because macro regime is risk_off; only 1/6 macro features were favourable
2026-06-12,risk_off,1,vix_change_21d,"equity_realized_vol_21d, equity_momentum_21d, dow_vol_level, vix_level, vix_change_5d",0.0,0.0,1.0,0.0,cash,cash because macro regime is risk_off; only 1/6 macro features were favourable
2026-06-19,risk_off,1,vix_change_21d,"equity_realized_vol_21d, equity_momentum_21d, dow_vol_level, vix_level, vix_change_5d",0.0,0.0,1.0,0.0,cash,cash because macro regime is risk_off; only 1/6 macro features were favourable
